-- phpMyAdmin SQL Dump
-- version 4.5.1
-- http://www.phpmyadmin.net
--
-- Host: 127.0.0.1
-- Generation Time: May 24, 2017 at 03:48 PM
-- Server version: 10.1.13-MariaDB
-- PHP Version: 5.5.35

SET SQL_MODE = "NO_AUTO_VALUE_ON_ZERO";
SET time_zone = "+00:00";


/*!40101 SET @OLD_CHARACTER_SET_CLIENT=@@CHARACTER_SET_CLIENT */;
/*!40101 SET @OLD_CHARACTER_SET_RESULTS=@@CHARACTER_SET_RESULTS */;
/*!40101 SET @OLD_COLLATION_CONNECTION=@@COLLATION_CONNECTION */;
/*!40101 SET NAMES utf8mb4 */;

--
-- Database: `incisive_hims_demo`
--

-- --------------------------------------------------------

--
-- Table structure for table `accountant`
--

CREATE TABLE `accountant` (
  `accountant_id` int(11) NOT NULL,
  `name` longtext CHARACTER SET utf8 COLLATE utf8_unicode_ci NOT NULL,
  `email` longtext CHARACTER SET utf8 COLLATE utf8_unicode_ci NOT NULL,
  `password` longtext CHARACTER SET utf8 COLLATE utf8_unicode_ci NOT NULL,
  `address` longtext CHARACTER SET utf8 COLLATE utf8_unicode_ci NOT NULL,
  `phone` longtext CHARACTER SET utf8 COLLATE utf8_unicode_ci NOT NULL
) ENGINE=MyISAM DEFAULT CHARSET=latin1;

--
-- Dumping data for table `accountant`
--

INSERT INTO `accountant` (`accountant_id`, `name`, `email`, `password`, `address`, `phone`) VALUES
(1, 'Naveed Elahi', 'reception@rmc.com', 'reception', 'North Nazimabad Block B', '021-36674531'),
(2, 'Claudius Christian ', 'claudius@rmc.com', 'reception', '142 Rose Green Dr Thornhill L4G 4R2', '021-4949821'),
(3, 'Asim Siddique', 'asim@rmc.com', '12345678', 'North Nazimabad Block D', '021-36679043');

-- --------------------------------------------------------

--
-- Table structure for table `add_advappointment`
--

CREATE TABLE `add_advappointment` (
  `invoice_id` int(11) NOT NULL,
  `invoice_number` varchar(15) COLLATE utf8_unicode_ci DEFAULT NULL,
  `patient_id` int(11) DEFAULT NULL,
  `doctor_id` int(11) DEFAULT NULL,
  `diagnostictype_id` int(11) DEFAULT NULL COMMENT 'category name',
  `selected_services` varchar(50) COLLATE utf8_unicode_ci DEFAULT NULL COMMENT 'service name',
  `refferedby` varchar(50) COLLATE utf8_unicode_ci DEFAULT NULL,
  `med_card_no` varchar(50) COLLATE utf8_unicode_ci DEFAULT NULL,
  `totalamount` double DEFAULT NULL,
  `discountamount` double DEFAULT NULL,
  `discount` double DEFAULT NULL,
  `recievedamount` double DEFAULT NULL,
  `dueamount` double DEFAULT NULL,
  `careof` varchar(40) COLLATE utf8_unicode_ci DEFAULT NULL,
  `creation_timestamp` int(11) DEFAULT NULL,
  `need_approval` int(2) DEFAULT '0',
  `creation_time` datetime DEFAULT NULL,
  `status` int(2) DEFAULT NULL,
  `createdby` varchar(30) COLLATE utf8_unicode_ci DEFAULT NULL,
  `approved` int(11) DEFAULT '0'
) ENGINE=MyISAM DEFAULT CHARSET=utf8 COLLATE=utf8_unicode_ci;

--
-- Dumping data for table `add_advappointment`
--

INSERT INTO `add_advappointment` (`invoice_id`, `invoice_number`, `patient_id`, `doctor_id`, `diagnostictype_id`, `selected_services`, `refferedby`, `med_card_no`, `totalamount`, `discountamount`, `discount`, `recievedamount`, `dueamount`, `careof`, `creation_timestamp`, `need_approval`, `creation_time`, `status`, `createdby`, `approved`) VALUES
(2, 'R-20090813-0002', 2, 3, 1, '0', '0', '0', 100, 0, 0, 100, 0, 'Sheraz baig', 1411193690, 0, '2014-09-20 08:14:00', NULL, 'Sheraz baig', 0),
(4, 'R-20091021-0004', 4, 3, 1, '0', '0', '0', 100, 0, 0, 100, 0, 'Sheraz baig', 1411201334, 0, '2014-09-20 10:22:00', NULL, 'Sheraz baig', 0),
(5, 'R-20091034-0005', 5, 4, 1, '0', '0', '0', 100, 0, 0, 100, 0, 'Sheraz baig', 1411202069, 0, '2014-09-20 10:34:00', NULL, 'Sheraz baig', 0),
(6, 'R-20091335-0006', 6, 3, 1, '0', '0', '0', 100, 0, 0, 100, 0, 'Sheraz baig', 1411212958, 0, '2014-09-20 13:35:00', NULL, 'Sheraz baig', 0),
(7, 'R-22091204-0007', 9, 1, 1, '0', '0', '0', 100, 0, 0, 100, 0, 'Yusra Wahaj', 1411380271, 0, '2014-09-22 12:04:00', NULL, 'Yusra Wahaj', 0),
(11, 'R-22091659-0011', 7, 1, 1, '0', '0', '0', 100, 0, 0, 100, 0, 'Yusra Wahaj', 1411398011, 0, '2014-09-22 17:00:00', NULL, 'Yusra Wahaj', 0),
(9, 'R-22091228-0009', 8, 1, 1, '0', '0', '0', 100, 0, 0, 100, 100, 'Yusra Wahaj', 1411381761, 0, '2014-09-22 12:29:00', NULL, 'Yusra Wahaj', 0),
(10, 'R-22091235-0010', 14, 3, 1, '0', '0', '0', 100, 0, 0, 100, 0, 'Yusra Wahaj', 1411382190, 0, '2014-09-22 12:36:00', NULL, 'Yusra Wahaj', 0),
(16, 'R-22091740-0016', 15, 2, 1, '0', '0', '0', 100, 0, 0, 100, 0, 'Sheraz baig', 1411400444, 0, '2014-09-22 17:40:00', NULL, 'Sheraz baig', 0),
(13, 'R-22091729-0013', 16, 5, 1, '0', '0', '0', 100, 0, 0, 100, 0, 'Sheraz baig', 1411399792, 0, '2014-09-22 17:29:00', NULL, 'Sheraz baig', 0),
(14, 'R-22091732-0014', 17, 2, 1, '0', '0', '0', 100, 0, 0, 100, 0, 'Sheraz baig', 1411399980, 0, '2014-09-22 17:33:00', NULL, 'Sheraz baig', 0),
(15, 'R-22091737-0015', 18, 2, 1, '0', '0', '0', 100, 0, 0, 100, 0, 'Sheraz baig', 1411400250, 0, '2014-09-22 17:37:00', NULL, 'Sheraz baig', 0),
(20, 'R-23092115-0020', 23, 6, -1, '0', '0', '0', 200, 0, 0, 200, 0, 'Sheraz baig', 1411488958, 0, '2014-09-23 21:15:00', NULL, 'Sheraz baig', 0),
(18, 'R-23091911-0018', 21, 6, -1, '0', '0', '0', 200, 0, 0, 200, 0, 'Sheraz baig', 1411481541, 0, '2014-09-23 19:12:00', NULL, 'Sheraz baig', 0),
(19, 'R-23092013-0019', 22, 2, -1, '0', '0', '0', 100, 0, 0, 100, 0, 'Sheraz baig', 1411485210, 0, '2014-09-23 20:13:00', NULL, 'Sheraz baig', 0),
(21, 'R-23092118-0021', 19, 7, -1, '0', '0', '0', 300, 0, 0, 300, 0, 'Sheraz baig', 1411489484, 0, '2014-09-23 21:24:00', NULL, 'Sheraz baig', 0),
(22, 'R-23092128-0022', 24, 2, -1, '0', '0', '0', 100, 0, 0, 100, 0, 'Sheraz baig', 1411489761, 0, '2014-09-23 21:29:00', NULL, 'Sheraz baig', 0),
(23, 'R-23092133-0023', 25, 6, -1, '0', '0', '0', 200, 0, 0, 200, 0, 'Sheraz baig', 1411490067, 0, '2014-09-23 21:34:00', NULL, 'Sheraz baig', 0),
(24, 'R-23092137-0024', 15, 2, -1, '0', '0', '0', 100, 0, 0, 100, 0, 'Sheraz baig', 1411490338, 0, '2014-09-23 21:38:00', NULL, 'Sheraz baig', 0),
(25, 'R-23092140-0025', 26, 2, -1, '0', '0', '0', 100, 0, 0, 100, 0, 'Sheraz baig', 1411490467, 0, '2014-09-23 21:41:00', NULL, 'Sheraz baig', 0),
(27, 'R-23092247-0026', 19, 1, -1, '0', '0', '0', 100, 0, 0, 100, 100, 'Sheraz baig', 1411494469, 0, '2014-09-23 22:47:00', NULL, 'Sheraz baig', 0),
(28, 'R-24091033-0028', 29, -1, 6, '29', '0', '0', 100, 20, 20, 80, 0, 'Yusra Wahaj', 1411536879, 1, '2014-09-24 10:34:00', NULL, 'Yusra Wahaj', 1),
(29, 'R-24091357-0029', 30, 3, -1, '0', '0', '0', 100, 0, 0, 100, 0, 'Yusra Wahaj', 1411549106, 0, '2014-09-24 13:58:00', NULL, 'Yusra Wahaj', 0),
(30, 'R-24091413-0030', 1, -1, 6, '29', '0', '0', 100, 20, 20, 80, 0, 'Yusra Wahaj', 1411550147, 1, '2014-09-24 14:15:00', NULL, 'Yusra Wahaj', 1),
(31, 'R-24091707-0031', 31, 5, -1, '0', '0', '0', 100, 0, 0, 100, 0, 'Yusra Wahaj', 1411560472, 0, '2014-09-24 17:07:00', NULL, 'Yusra Wahaj', 0),
(32, 'R-24091856-0032', 32, 3, -1, '0', '0', '0', 100, 0, 0, 100, 0, 'Sheraz baig', 1411567069, 0, '2014-09-24 18:57:00', NULL, 'Sheraz baig', 0),
(33, 'R-24091902-0033', 33, -1, 6, '28', '0', '0', 50, 0, 0, 50, 0, 'Sheraz baig', 1411567400, 0, '2014-09-24 19:03:00', NULL, 'Sheraz baig', 0),
(34, 'R-24091908-0034', 34, 3, -1, '0', '0', '0', 100, 0, 0, 100, 0, 'Sheraz baig', 1411567765, 0, '2014-09-24 19:09:00', NULL, 'Sheraz baig', 0),
(35, 'R-25091257-0035', 35, -1, 7, '226', '0', '0', 3000, 0, 0, 3000, 0, 'Tehmina', 1411632004, 0, '2014-09-25 12:58:00', NULL, 'Tehmina qazi', 0),
(36, 'R-25091412-0036', 36, -1, 6, '13', '0', '0', 50, 0, 0, 50, 0, 'Tehmina qazi', 1411636404, 0, '2014-09-25 14:13:00', NULL, 'Tehmina qazi', 0),
(37, 'R-25091421-0037', 36, -1, 6, '13', '0', '0', 0, 0, 0, 0, 0, 'Tehmina qazi', 1411636961, 0, '2014-09-25 14:22:00', NULL, 'Tehmina qazi', 0),
(38, 'R-25091444-0038', 37, 3, -1, '0', '0', '0', 100, 0, 0, 100, 0, 'Yusra Wahaj', 1411638330, 0, '2014-09-25 14:45:00', NULL, 'Yusra Wahaj', 0),
(39, 'R-25091615-0039', 38, 6, -1, '0', '0', '0', 200, 0, 0, 200, 0, 'Yusra Wahaj', 1411643797, 0, '2014-09-25 16:16:00', NULL, 'Yusra Wahaj', 0),
(40, 'R-25092254-0040', 1, 5, -1, '0', '0', '0', 100, 0, 0, 100, 0, 'Bilawal Khan', 1411667738, 0, '2014-09-25 22:55:00', NULL, 'Bilawal Khan', 0),
(41, 'R-26091156-0041', 40, -1, 4, '86', '0', '0', 400, 0, 0, 400, 0, 'Tehmina qazi', 1411714621, 0, '2014-09-26 11:57:00', NULL, 'Tehmina qazi', 0),
(42, 'R-26091220-0042', 41, 1, -1, '0', '0', '0', 100, 0, 0, 100, 0, 'Tehmina qazi', 1411716060, 0, '2014-09-26 12:21:00', NULL, 'Tehmina qazi', 0),
(43, 'R-26091530-0043', 42, -1, 6, '14', '0', '0', 100, 0, 0, 100, 0, 'Tehmina qazi', 1411727482, 0, '2014-09-26 15:31:00', NULL, 'Tehmina qazi', 0),
(44, 'R-26091616-0044', 43, 6, -1, '0', '0', '0', 200, 0, 0, 200, 0, 'Tehmina qazi', 1411730226, 0, '2014-09-26 16:17:00', NULL, 'Tehmina qazi', 0),
(45, 'R-26091641-0045', 44, 6, -1, '0', '0', '0', 200, 0, 0, 200, 0, 'Tehmina qazi', 1411731693, 0, '2014-09-26 16:41:00', NULL, 'Tehmina qazi', 0),
(46, 'R-26091733-0046', 45, 6, -1, '0', '0', '0', 200, 0, 0, 200, 0, 'Tehmina qazi', 1411734826, 0, '2014-09-26 17:33:00', NULL, 'Tehmina qazi', 0),
(47, 'R-26091820-0047', 38, -1, 6, '13', '0', '0', 50, 0, 0, 50, 0, 'Tehmina qazi', 1411737648, 0, '2014-09-26 18:20:00', NULL, 'Tehmina qazi', 0),
(48, 'R-26091851-0048', 46, -1, 6, '25', '0', '0', 100, 0, 0, 100, 0, 'Tehmina qazi', 1411739568, 0, '2014-09-26 18:52:00', NULL, 'Tehmina qazi', 0),
(49, 'R-26091900-0049', 47, -1, 6, '26', '0', '0', 200, 0, 0, 200, 0, 'Tehmina qazi', 1411740053, 0, '2014-09-26 19:00:00', NULL, 'Tehmina qazi', 0),
(50, 'R-26091924-0050', 48, 6, -1, '0', '0', '0', 200, 0, 0, 200, 0, 'Tehmina qazi', 1411741486, 0, '2014-09-26 19:24:00', NULL, 'Tehmina qazi', 0),
(51, 'R-26091929-0051', 49, 6, -1, '0', '0', '0', 200, 0, 0, 200, 0, 'Tehmina qazi', 1411741823, 0, '2014-09-26 19:30:00', NULL, 'Tehmina qazi', 0),
(52, 'R-26092105-0052', 50, -1, 6, '13', '0', '0', 50, 0, 0, 50, 0, 'Tehmina qazi', 1411747563, 0, '2014-09-26 21:06:00', NULL, 'Tehmina qazi', 0),
(53, 'R-26092122-0053', 51, 4, -1, '0', '0', '0', 100, 0, 0, 100, 0, 'Tehmina qazi', 1411748597, 0, '2014-09-26 21:23:00', NULL, 'Tehmina qazi', 0),
(54, 'R-26092144-0054', 52, 4, -1, '0', '0', '0', 100, 0, 0, 100, 0, 'Tehmina qazi', 1411749924, 0, '2014-09-26 21:45:00', NULL, 'Tehmina qazi', 0),
(55, 'R-26092157-0055', 53, 4, -1, '0', '0', '0', 100, 0, 0, 100, 0, 'Bilawal Khan', 1411750706, 0, '2014-09-26 21:58:00', NULL, 'Bilawal Khan', 0),
(56, 'R-26092215-0056', 1, -1, 6, '15', '0', '0', 350, 0, 0, 350, 0, 'Bilawal Khan', 1411751788, 0, '2014-09-26 22:16:00', NULL, 'Bilawal Khan', 0),
(57, 'R-27090939-0057', 55, 1, -1, '0', '0', '0', 100, 0, 0, 100, 0, 'Bilawal Khan', 1411792768, 0, '2014-09-27 09:39:00', NULL, 'Bilawal Khan', 0),
(58, 'R-27090942-0058', 56, 1, -1, '0', '0', '0', 100, 0, 0, 100, 0, 'Bilawal Khan', 1411792949, 0, '2014-09-27 09:42:00', NULL, 'Bilawal Khan', 0),
(59, 'R-27091126-0059', 58, -1, 1, '47', '0', '0', 450, 0, 0, 450, 0, 'Yusra Wahaj', 1411799228, 0, '2014-09-27 11:27:00', NULL, 'Yusra Wahaj', 0),
(60, 'R-27091223-0060', 59, -1, 1, '46', '0', '0', 400, 0, 0, 400, 0, 'Yusra Wahaj', 1411802828, 0, '2014-09-27 12:27:00', NULL, 'Yusra Wahaj', 0),
(61, 'R-27091329-0061', 60, -1, 6, '13', '0', '0', 50, 0, 0, 50, 0, 'Yusra Wahaj', 1411806638, 0, '2014-09-27 13:30:00', NULL, 'Yusra Wahaj', 0),
(62, 'R-27091748-0062', 53, 6, -1, '0', '0', '0', 200, 0, 0, 200, 0, 'Tehmina qazi', 1411822169, 0, '2014-09-27 17:49:00', NULL, 'Tehmina qazi', 0),
(63, 'R-27091752-0063', 53, -1, 6, '22', '0', '0', 1000, 700, 70, 300, 0, 'dr khalid', 1411824169, 1, '2014-09-27 18:22:00', NULL, 'Tehmina qazi', 1),
(64, 'R-27091837-0064', 61, 1, -1, '0', '0', '0', 100, 0, 0, 100, 0, 'Tehmina qazi', 1411825099, 0, '2014-09-27 18:38:00', NULL, 'Tehmina qazi', 0),
(65, 'R-27091843-0065', 62, 6, -1, '0', '0', '0', 200, 0, 0, 200, 0, 'Tehmina qazi', 1411825468, 0, '2014-09-27 18:44:00', NULL, 'Tehmina qazi', 0),
(66, 'R-27091849-0066', 63, 6, -1, '0', '0', '0', 200, 0, 0, 200, 0, 'Tehmina qazi', 1411825809, 0, '2014-09-27 18:50:00', NULL, 'Tehmina qazi', 0),
(67, 'R-27092023-0067', 65, 6, -1, '0', '0', '0', 200, 0, 0, 200, 0, 'Tehmina qazi', 1411831452, 0, '2014-09-27 20:24:00', NULL, 'Tehmina qazi', 0),
(68, 'R-27092027-0068', 66, 6, -1, '0', '0', '0', 200, 0, 0, 200, 0, 'Tehmina qazi', 1411831662, 0, '2014-09-27 20:27:00', NULL, 'Tehmina qazi', 0),
(69, 'R-27092035-0069', 67, 6, -1, '0', '0', '0', 200, 0, 0, 200, 0, 'Tehmina qazi', 1411832149, 0, '2014-09-27 20:35:00', NULL, 'Tehmina qazi', 0),
(70, 'R-27092040-0070', 68, 2, -1, '0', '0', '0', 100, 0, 0, 100, 0, 'Tehmina qazi', 1411832449, 0, '2014-09-27 20:40:00', NULL, 'Tehmina qazi', 0),
(71, 'R-27092124-0071', 69, -1, 4, '134', '0', '0', 400, 100, 25, 300, 0, 'Sir Ashfaq', 1411835214, 1, '2014-09-27 21:26:00', NULL, 'Tehmina qazi', 0),
(72, 'R-27092137-0072', 69, -1, 4, '228', '0', '0', 500, 100, 20, 400, 0, 'Sir Ashfaq', 1411835917, 1, '2014-09-27 21:38:00', NULL, 'Tehmina qazi', 0),
(73, 'R-27092247-0073', 70, 1, -1, '0', '0', '0', 100, 0, 0, 100, 0, 'Bilawal Khan', 1411840114, 0, '2014-09-27 22:48:00', NULL, 'Bilawal Khan', 0),
(74, 'R-27092309-0074', 59, -1, 1, '75', '0', '0', 180, 0, 0, 180, 0, 'Bilawal Khan', 1411841431, 0, '2014-09-27 23:10:00', NULL, 'Bilawal Khan', 0),
(75, 'R-27092342-0075', 72, -1, 6, '13', '0', '0', 50, 0, 0, 50, 0, 'Bilawal Khan', 1411843514, 0, '2014-09-27 23:45:00', NULL, 'Bilawal Khan', 0),
(76, 'R-27092347-0076', 73, -1, 6, '25', '0', '0', 100, 0, 0, 100, 0, 'Bilawal Khan', 1411843750, 0, '2014-09-27 23:49:00', NULL, 'Bilawal Khan', 0),
(77, 'R-28090052-0077', 74, -1, 6, '28', '0', '0', 50, 0, 0, 50, 0, 'Bilawal Khan', 1411847551, 0, '2014-09-28 00:52:00', NULL, 'Bilawal Khan', 0),
(78, 'R-28090536-0078', 75, 5, -1, '0', '0', '0', 100, 0, 0, 100, 0, 'Bilawal Khan', 1411864632, 0, '2014-09-28 05:37:00', NULL, 'Bilawal Khan', 0),
(79, 'R-28090539-0079', 75, -1, 6, '12', '0', '0', 100, 0, 0, 100, 0, 'Bilawal Khan', 1411865311, 0, '2014-09-28 05:48:00', NULL, 'Bilawal Khan', 0),
(80, 'R-29091219-0080', 76, 1, -1, '0', '0', '0', 100, 0, 0, 100, 0, 'Yusra Wahaj', 1411975300, 0, '2014-09-29 12:21:00', NULL, 'Yusra Wahaj', 0),
(81, 'R-29091322-0081', 77, -1, 6, '42', '0', '0', 300, 100, 33.3333333333333, 200, 0, 'Yusra Wahaj', 1411979108, 1, '2014-09-29 13:25:00', NULL, 'Yusra Wahaj', 0),
(82, 'R-30091046-0082', 55, 1, -1, '0', '0', '0', 100, 0, 0, 100, 0, 'Yusra Wahaj', 1412056022, 0, '2014-09-30 10:47:00', NULL, 'Yusra Wahaj', 0),
(83, 'R-30091051-0083', 82, 2, -1, '0', '0', '0', 100, 0, 0, 100, 0, 'Yusra Wahaj', 1412056358, 0, '2014-09-30 10:52:00', NULL, 'Yusra Wahaj', 0),
(84, 'R-30091121-0084', 83, 3, -1, '0', '0', '0', 100, 0, 0, 100, 0, 'Yusra Wahaj', 1412058423, 0, '2014-09-30 11:27:00', NULL, 'Yusra Wahaj', 0),
(85, 'R-30091133-0085', 84, 1, -1, '0', '0', '0', 100, 0, 0, 100, 0, 'Yusra Wahaj', 1412058826, 0, '2014-09-30 11:33:00', NULL, 'Yusra Wahaj', 0),
(86, 'R-30091140-0086', 85, 3, -1, '0', '0', '0', 100, 0, 0, 100, 0, 'Yusra Wahaj', 1412059307, 0, '2014-09-30 11:41:00', NULL, 'Yusra Wahaj', 0),
(87, 'R-30091148-0087', 86, 6, -1, '0', '0', '0', 200, 0, 0, 200, 0, 'Yusra Wahaj', 1412059746, 0, '2014-09-30 11:49:00', NULL, 'Yusra Wahaj', 0),
(88, 'R-30091153-0088', 87, 1, -1, '0', '0', '0', 100, 0, 0, 100, 0, 'Yusra Wahaj', 1412060056, 0, '2014-09-30 11:54:00', NULL, 'Yusra Wahaj', 0),
(89, 'R-30091224-0089', 89, 6, -1, '0', '0', '0', 200, 0, 0, 200, 0, 'Yusra Wahaj', 1412061898, 0, '2014-09-30 12:24:00', NULL, 'Yusra Wahaj', 0),
(90, 'R-30091245-0090', 90, 6, -1, '0', '0', '0', 200, 0, 0, 200, 0, 'Yusra Wahaj', 1412063896, 0, '2014-09-30 12:58:00', NULL, 'Yusra Wahaj', 0),
(91, 'R-30091337-0091', 91, 2, -1, '0', '0', '0', 100, 0, 0, 100, 0, 'Yusra Wahaj', 1412066356, 0, '2014-09-30 13:39:00', NULL, 'Yusra Wahaj', 0),
(92, 'R-30091915-0092', 95, 6, -1, '0', '0', '0', 200, 0, 0, 200, 0, 'Tehmina qazi', 1412086575, 0, '2014-09-30 19:16:00', NULL, 'Tehmina qazi', 0),
(93, 'R-30091920-0093', 96, 6, -1, '0', '0', '0', 200, 0, 0, 200, 0, 'Tehmina qazi', 1412086882, 0, '2014-09-30 19:21:00', NULL, 'Tehmina qazi', 0),
(94, 'R-30091926-0094', 81, -1, 6, '25', '0', '0', 100, 0, 0, 100, 0, 'Tehmina qazi', 1412087214, 0, '2014-09-30 19:26:00', NULL, 'Tehmina qazi', 0),
(95, 'R-30091930-0095', 97, 6, -1, '0', '0', '0', 200, 0, 0, 200, 0, 'Tehmina qazi', 1412087475, 0, '2014-09-30 19:31:00', NULL, 'Tehmina qazi', 0),
(96, 'R-30091936-0096', 97, -1, 4, '249', '0', '0', 500, 0, 0, 500, 0, 'Tehmina qazi', 1412087883, 0, '2014-09-30 19:38:00', NULL, 'Tehmina qazi', 0),
(97, 'R-30092039-0097', 101, 4, -1, '0', '0', '0', 100, 0, 0, 100, 0, 'Tehmina qazi', 1412091625, 0, '2014-09-30 20:40:00', NULL, 'Tehmina qazi', 0),
(98, 'R-30092053-0098', 102, 4, -1, '0', '0', '0', 100, 0, 0, 100, 0, 'Tehmina qazi', 1412092418, 0, '2014-09-30 20:53:00', NULL, 'Tehmina qazi', 0),
(99, 'R-30092107-0099', 102, -1, 6, '29', '0', '0', 200, 20, 10, 180, 0, 'Tehmina qazi', 1412093429, 1, '2014-09-30 21:10:00', NULL, 'Tehmina qazi', 0),
(100, 'R-01102000-0100', 109, 6, -1, '0', '0', '0', 200, 0, 0, 200, 0, 'Tehmina qazi', 1412175630, 0, '2014-10-01 20:00:00', NULL, 'Tehmina qazi', 0),
(1955, 'R-18120803-0101', 1294, 1, -1, '0', '0', '0', 100, 0, 0, 100, 0, 'TestingUAT', 1418889869, 0, '2014-12-18 08:04:00', NULL, 'TestingUAT', 0),
(1956, 'R-12011342-1956', 16, 1, -1, '0', '0', '0', 100, 0, 0, 100, 0, 'TestingUAT', 1421070441, 0, '2015-01-12 13:47:00', NULL, 'TestingUAT', 0),
(1957, 'R-11020445-1957', 1, 3, 1, '49', '0', '0', 550, 0, 0, 550, 0, 'TestingUAT', 1423630125, 0, '2015-02-11 04:48:00', NULL, 'TestingUAT', 0),
(1958, 'R-13020513-1958', 1294, 3, 6, '38', '0', '0', 0, 0, 0, 150, 0, 'TestingUAT', 1423804705, 0, '2015-02-13 05:18:00', NULL, 'TestingUAT', 0),
(1959, 'R-21030849-1959', 1, -1, 9, '614', '0', '0', 0, 0, 0, 10000, 0, 'TestingUAT', 1426927803, 0, '2015-03-21 08:50:00', NULL, 'TestingUAT', 0),
(1960, 'R-21030853-1960', 1299, -1, 9, '614', '0', '0', 0, 0, 0, 10000, 0, 'TestingUAT', 1426928071, 0, '2015-03-21 08:54:00', NULL, 'TestingUAT', 0),
(1961, 'R-29091459-1961', 1301, 4, -1, '0', '0', '0', 100, 0, 0, 100, 0, 'TestingUAT', 1443538824, 0, '2015-09-29 15:00:00', NULL, 'TestingUAT', 0),
(1962, 'R-29091500-1962', 1, -1, 1, '56', '0', '0', 480, 0, 0, 500, -20, 'TestingUAT', 1443538890, 0, '2015-09-29 15:01:00', NULL, 'TestingUAT', 0),
(1963, 'R-30091039-1963', 1303, -1, 6, '14', '0', '0', 200, 0, 0, 150, 50, 'him', 1443609689, 0, '2015-09-30 10:41:00', NULL, 'TestingUAT', 0),
(1964, 'R-16110943-1964', 3, -1, 9, '614', '0', '0', 0, 0, 0, 10000, 0, 'TestingUAT', 1447667347, 0, '2015-11-16 09:49:00', NULL, 'TestingUAT', 0),
(1965, 'R-16110953-1965', 1304, -1, 9, '614', '0', '0', 0, 0, 0, 15000, 0, 'TestingUAT', 1447667753, 0, '2015-11-16 09:55:00', NULL, 'TestingUAT', 0),
(1966, 'R-27101527-1966', 1, 0, 4, '90', '0', '0', 600, 20, 3.3333333333333335, 580, 0, 'admin', 1477582228, 0, '2016-10-27 15:30:00', NULL, 'admin', 0),
(1967, 'R-10111122-1967', 1, 3, -1, '0', '0', '0', 100, 10, 10, 90, 0, 'admin', 1478773670, 1, '2016-11-10 11:27:00', NULL, 'admin', 0),
(1968, 'R-10111127-1968', 1, 3, -1, '0', '0', '0', 100, 10, 10, 90, 0, 'admin', 1478773683, 1, '2016-11-10 11:28:00', NULL, 'admin', 0),
(1969, 'R-10111129-1969', 1, 3, -1, '0', '0', '0', 100, 10, 10, 90, 0, 'admin', 1478773774, 1, '2016-11-10 11:29:00', NULL, 'admin', 0),
(1970, 'R-10111134-1970', 1312, 5, -1, '0', '0', '0', 100, 20, 20, 80, 0, 'admin', 1478774109, 1, '2016-11-10 11:35:00', NULL, 'admin', 0),
(1971, 'R-17110825-1971', 1313, 3, -1, '0', '0', '0', 100, 10, 10, 90, 10, 'dfvb', 1479367544, 1, '2016-11-17 08:25:00', NULL, 'TestingUAT', 0),
(1972, 'R-17110830-1972', 1313, 3, -1, '0', '0', '0', 100, 10, 10, 90, 10, 'dfvb', 1479367854, 1, '2016-11-17 08:30:00', NULL, 'TestingUAT', 0),
(1973, 'R-17110833-1973', 1313, 4, -1, '0', '0', '0', 100, 0, 0, 100, 0, '', 1479368058, 0, '2016-11-17 08:34:00', NULL, 'TestingUAT', 0),
(1974, 'R-17110834-1974', 1313, 4, 10, '577', '0', '0', 5500, 0, 0, 80, 5420, '', 1479368136, 0, '2016-11-17 08:35:00', NULL, 'TestingUAT', 0),
(1975, 'R-17110840-1975', 1313, 4, 10, '0', '0', '0', 0, 0, 0, 80, 5420, '', 1479373283, 0, '2016-11-17 10:01:00', NULL, 'TestingUAT', 0),
(1976, 'R-17111028-1976', 2, 4, -1, '0', '0', '0', 100, 0, 0, 100, 0, 'admin', 1479374916, 0, '2016-11-17 10:28:00', NULL, 'admin', 0),
(1977, 'R-17111030-1977', 1, 3, -1, '0', '0', '0', 100, 0, 0, 100, 0, '', 1479375049, 0, '2016-11-17 10:30:00', NULL, 'TestingUAT', 0),
(1978, 'R-21110901-1978', 3, 3, -1, '0', '0', '0', 100, 0, 0, 10, 90, 'admin', 1479715344, 0, '2016-11-21 09:02:00', NULL, 'admin', 0),
(1979, 'R-11020845-1979', 1, -1, -1, '0', '0', '0', 100, 0, 0, 100, 100, 'TestingUAT', 1486799276, 0, '2017-02-11 08:47:00', NULL, 'TestingUAT', 0),
(1980, 'R-11021131-1980', 1, 3, -1, '0', '0', '0', 100, 0, 0, 100, 0, 'TestingUAT', 1486809175, 0, '2017-02-11 11:32:00', NULL, 'TestingUAT', 0),
(1981, 'R-13020724-1981', NULL, 5, -1, '0', '0', '0', 100, 0, 0, 100, 0, 'TestingUAT', 1486967201, 0, '2017-02-13 07:26:00', NULL, 'TestingUAT', 0),
(1982, 'R-13020724-1981', 1323, 5, -1, '0', '0', '0', 100, 0, 0, 100, 0, 'TestingUAT', 1486967319, 0, '2017-02-13 07:28:00', NULL, 'TestingUAT', 0),
(1983, 'R-13020731-1983', 1324, 6, -1, '0', '0', '0', 200, 0, 0, 200, 0, '', 1486967943, 0, '2017-02-13 07:39:00', NULL, 'TestingUAT', 0),
(1984, 'R-13020750-1984', 1330, 5, -1, '0', '0', '0', 100, 10, 10, 90, 0, 'TestingUAT', 1486968733, 1, '2017-02-13 07:52:00', NULL, 'TestingUAT', 0),
(1985, 'R-13020808-1985', 23, 6, -1, '0', '0', '0', 200, 0, 0, 0, 0, '', 1486969757, 0, '2017-02-13 08:09:00', NULL, 'TestingUAT', 0),
(1986, 'R-13020852-1986', 23, -1, -1, '0', '0', '0', 0, 0, 0, 0, 0, '', 1486972384, 0, '2017-02-13 08:53:00', NULL, 'TestingUAT', 0),
(1987, 'R-13020905-1987', 23, -1, -1, '0', '0', '0', 0, 0, 0, 0, 0, '', 1486973162, 0, '2017-02-13 09:06:00', NULL, 'TestingUAT', 0),
(1988, 'R-13020907-1988', 23, -1, -1, '0', '0', '0', 0, 0, 0, 0, 0, '', 1486973264, 0, '2017-02-13 09:07:00', NULL, 'TestingUAT', 0),
(1989, 'R-13020908-1989', 1316, 3, -1, '0', '0', '0', 100, 0, 0, 100, 0, '', 1486973326, 0, '2017-02-13 09:08:00', NULL, 'TestingUAT', 0),
(1990, 'R-13021238-1990', 1331, 3, -1, '0', '0', '0', 100, 0, 0, 0, 0, '', 1486985955, 0, '2017-02-13 12:39:00', NULL, 'TestingUAT', 0),
(1991, 'R-13021249-1991', 23, -1, -1, '0', '0', '0', 0, 0, 0, 0, 0, '', 1486986617, 0, '2017-02-13 12:50:00', NULL, 'TestingUAT', 0),
(1992, 'R-13021252-1992', 1332, -1, -1, '0', '0', '0', 0, 0, 0, 0, 0, '', 1486986802, 0, '2017-02-13 12:53:00', NULL, 'TestingUAT', 0),
(1993, 'R-13021254-1993', 23, -1, -1, '0', '0', '0', 0, 0, 0, 0, 0, '', 1486986900, 0, '2017-02-13 12:55:00', NULL, 'TestingUAT', 0),
(1994, 'R-13021256-1994', 23, -1, -1, '0', '0', '0', 0, 0, 0, 0, 0, '', 1486986971, 0, '2017-02-13 12:56:00', NULL, 'TestingUAT', 0),
(1995, 'R-14020756-1995', 23, -1, -1, '0', '0', '0', 0, 0, 0, 0, 0, '', 1487055627, 0, '2017-02-14 08:00:00', NULL, 'TestingUAT', 0),
(1996, 'R-14020803-1996', 23, 3, -1, '0', '0', '0', 100, 0, 0, 100, 0, '', 1487056208, 0, '2017-02-14 08:10:00', NULL, 'TestingUAT', 0),
(1997, 'R-14020814-1997', 23, 5, -1, '0', '0', '0', 100, 0, 0, 100, 0, '', 1487056487, 0, '2017-02-14 08:14:00', NULL, 'TestingUAT', 0),
(1998, 'R-14020815-1998', 23, 4, -1, '0', '0', '0', 100, 0, 0, 100, 0, '', 1487056584, 0, '2017-02-14 08:16:00', NULL, 'TestingUAT', 0),
(1999, 'R-14020831-1999', 1316, 5, -1, '0', '0', '0', 100, 0, 0, 100, 0, '', 1487057656, 0, '2017-02-14 08:34:00', NULL, 'TestingUAT', 0),
(2000, 'R-14020840-2000', 1333, 4, -1, '0', '0', '0', 100, 0, 0, 100, 0, '', 1487058100, 0, '2017-02-14 08:41:00', NULL, 'TestingUAT', 0),
(2001, 'R-14020849-2001', 23, -1, 1, '58', '0', '0', 130, 0, 0, 130, 0, '', 1487058868, 0, '2017-02-14 08:54:00', NULL, 'TestingUAT', 0),
(2002, 'R-14020900-2002', 23, -1, 1, '46', '0', '0', 300, 0, 0, 200, 100, 'TestingUAT', 1487059925, 0, '2017-02-14 09:12:00', NULL, 'TestingUAT', 0),
(2003, 'R-14021027-2003', 23, -1, 1, '46', '0', '0', 300, 0, 0, 300, 0, '', 1487064463, 0, '2017-02-14 10:27:00', NULL, 'TestingUAT', 0),
(2004, 'R-14021028-2004', 1316, -1, 1, '45', '0', '0', 150, 0, 0, 150, 0, '', 1487064535, 0, '2017-02-14 10:28:00', NULL, 'TestingUAT', 0),
(2005, 'R-14021038-2005', 23, -1, 1, '655', '0', '0', 150, 0, 0, 150, 0, '', 1487065164, 0, '2017-02-14 10:39:00', NULL, 'TestingUAT', 0),
(2006, 'R-14021040-2006', 23, -1, 1, '46', '0', '0', 300, 0, 0, 300, 0, '', 1487065287, 0, '2017-02-14 10:41:00', NULL, 'TestingUAT', 0),
(2007, 'R-14021042-2007', 23, -1, 1, '46', '0', '0', 300, 0, 0, 300, 0, 'TestingUAT', 1487065394, 0, '2017-02-14 10:43:00', NULL, 'TestingUAT', 0),
(2008, 'R-14021049-2008', 23, -1, 4, '86', '0', '0', 300, 0, 0, 300, 0, '', 1487065807, 0, '2017-02-14 10:50:00', NULL, 'TestingUAT', 0),
(2009, 'R-14021052-2009', 23, -1, 1, '2', '0', '0', 100, 0, 0, 100, 0, '', 1487066008, 0, '2017-02-14 10:53:00', NULL, 'TestingUAT', 0),
(2010, 'R-14021054-2010', 23, -1, 6, '14', '0', '0', 100, 0, 0, 100, 0, 'TestingUAT', 1487066136, 0, '2017-02-14 10:55:00', NULL, 'TestingUAT', 0),
(2011, 'R-14021102-2011', 23, -1, 4, '90', '0', '0', 0, 0, 0, 300, 0, '', 1487066586, 0, '2017-02-14 11:03:00', NULL, 'TestingUAT', 0),
(2012, 'R-14021103-2012', 23, -1, 1, '47', '0', '0', 700, 0, 0, 700, 0, 'TestingUAT', 1487066638, 0, '2017-02-14 11:03:00', NULL, 'TestingUAT', 0),
(2013, 'R-14021104-2013', 23, -1, 1, '48', '0', '0', 800, 0, 0, 800, 0, '', 1487066915, 0, '2017-02-14 11:08:00', NULL, 'TestingUAT', 0),
(2014, 'R-14021111-2014', 23, -1, 11, '663', '0', '0', 1200, 0, 0, 1200, 0, '', 1487067129, 0, '2017-02-14 11:12:00', NULL, 'TestingUAT', 0),
(2015, 'R-14021113-2015', 23, -1, 1, '49', '0', '0', 300, 0, 0, 300, 0, '', 1487067245, 0, '2017-02-14 11:14:00', NULL, 'TestingUAT', 0),
(2016, 'R-14021115-2016', 25, -1, 11, '666', '0', '0', 750, 0, 0, 750, 0, '', 1487067382, 0, '2017-02-14 11:16:00', NULL, 'TestingUAT', 0),
(2017, 'R-14021117-2017', 23, -1, 4, '94', '0', '0', 3400, 0, 0, 3400, 0, '', 1487067493, 0, '2017-02-14 11:18:00', NULL, 'TestingUAT', 0),
(2018, 'R-14021119-2018', 23, -1, 1, '51', '0', '0', 550, 0, 0, 550, 0, '', 1487067602, 0, '2017-02-14 11:20:00', NULL, 'TestingUAT', 0),
(2019, 'R-14021120-2019', 23, -1, 6, '25', '0', '0', 100, 0, 0, 100, 0, '', 1487067680, 0, '2017-02-14 11:21:00', NULL, 'TestingUAT', 0),
(2020, 'R-14021125-2020', 23, -1, 6, '16', '0', '0', 700, 0, 0, 700, 0, '', 1487067965, 0, '2017-02-14 11:26:00', NULL, 'TestingUAT', 0),
(2021, 'R-14021137-2021', 23, -1, 9, '527', '0', '0', 650, 0, 0, 650, 0, '', 1487068671, 0, '2017-02-14 11:37:00', NULL, 'TestingUAT', 0),
(2022, 'R-14021144-2022', 23, -1, 9, '531', '0', '0', 300, 0, 0, 300, 0, '', 1487069124, 0, '2017-02-14 11:45:00', NULL, 'TestingUAT', 0),
(2023, 'R-14021203-2023', 23, -1, 1, '53', '0', '0', 150, 0, 0, 150, 0, '', 1487070247, 0, '2017-02-14 12:04:00', NULL, 'TestingUAT', 0),
(2024, 'R-14021207-2024', 23, -1, 9, '520', '0', '0', 5000, 10, 10, 5000, 0, '', 1487071824, 0, '2017-02-14 12:30:00', NULL, 'TestingUAT', 0),
(2025, 'R-14021233-2025', 23, -1, 1, '500', '0', '0', 0, 0, 0, 300, 0, '', 1487072088, 0, '2017-02-14 12:34:00', NULL, 'TestingUAT', 0),
(2026, 'R-14021235-2026', 23, -1, 6, '637', '0', '0', 300, 0, 0, 300, 0, '', 1487072182, 0, '2017-02-14 12:36:00', NULL, 'TestingUAT', 0),
(2027, 'R-14021245-2027', 23, -1, 1, '49', '0', '0', 100, 0, 0, 100, 0, '', 1487072741, 0, '2017-02-14 12:45:00', NULL, 'TestingUAT', 0),
(2028, 'R-20021222-2028', 23, 3, -1, '0', '0', '0', 100, 0, 0, 100, 0, 'admin', 1487589769, 0, '2017-02-20 12:22:00', NULL, 'admin', 0),
(2029, 'R-20021229-2029', 23, 3, -1, '0', '0', '0', 100, 0, 0, 100, 0, 'admin', 1487590297, 0, '2017-02-20 12:31:00', NULL, 'admin', 0),
(2030, 'R-21020818-2030', 1334, 4, -1, '0', '0', '0', 100, 10, 10, 90, 0, 'TestingUAT', 1487661596, 1, '2017-02-21 08:19:00', NULL, 'TestingUAT', 0),
(2031, 'R-21020820-2031', 23, -1, 1, '2', '0', '0', 100, 0, 0, 100, 0, 'TestingUAT', 1487661661, 0, '2017-02-21 08:21:00', NULL, 'TestingUAT', 0),
(2032, 'R-24021157-2032', 1316, -1, 1, '46', '0', '0', 300, 0, 0, 300, 0, 'TestingUAT', 1487933891, 0, '2017-02-24 11:58:00', NULL, 'TestingUAT', 0),
(2033, 'R-27020709-2033', 1335, 4, -1, '0', '0', '0', 100, 0, 0, 100, 0, 'TestingUAT', 1488175891, 0, '2017-02-27 07:11:00', NULL, 'TestingUAT', 0),
(2034, 'R-27021102-2034', 23, 2, -1, '0', '0', '0', 100, 0, 0, 100, 0, '', 1488189793, 0, '2017-02-27 11:03:00', NULL, 'TestingUAT', 0),
(2035, 'R-27021131-2035', 23, 3, -1, '0', '0', '0', 100, 0, 0, 100, 0, 'TestingUAT', 1488191678, 0, '2017-02-27 11:34:00', NULL, 'TestingUAT', 0),
(2036, 'R-27021135-2036', 23, -1, 1, '55', '0', '0', 750, 0, 0, 750, 0, 'TestingUAT', 1488191764, 0, '2017-02-27 11:36:00', NULL, 'TestingUAT', 0),
(2037, 'R-27021138-2037', 23, -1, 1, '509', '0', '0', 1870, 0, 0, 1870, 0, 'TestingUAT', 1488191980, 0, '2017-02-27 11:39:00', NULL, 'TestingUAT', 0),
(2038, 'R-28020541-2038', 23, 3, -1, '0', '0', '0', 100, 0, 0, 100, 0, 'TestingUAT', 1488257557, 0, '2017-02-28 05:52:00', NULL, 'TestingUAT', 0),
(2039, 'R-28020552-2039', 23, 3, -1, '0', '0', '0', 100, 0, 0, 100, 0, 'TestingUAT', 1488257987, 0, '2017-02-28 05:59:00', NULL, 'TestingUAT', 0),
(2040, 'R-28020639-2040', 23, 4, -1, '0', '0', '0', 100, 0, 0, 100, 0, 'TestingUAT', 1488260387, 0, '2017-02-28 06:39:00', NULL, 'TestingUAT', 0),
(2041, 'R-28020702-2041', 23, 4, -1, '0', '0', '0', 100, 0, 0, 100, 0, 'TestingUAT', 1488261746, 0, '2017-02-28 07:02:00', NULL, 'TestingUAT', 0),
(2042, 'R-28020715-2042', 23, 3, -1, '0', '0', '0', 100, 0, 0, 100, 0, 'TestingUAT', 1488262548, 0, '2017-02-28 07:15:00', NULL, 'TestingUAT', 0),
(2043, 'R-28020745-2043', 1316, 3, -1, '0', '0', '0', 100, 10, 10, 90, 0, 'TestingUAT', 1488264366, 1, '2017-02-28 07:46:00', NULL, 'TestingUAT', 0),
(2044, 'R-28020800-2044', 23, -1, 1, '48', '0', '0', 300, 0, 0, 300, 0, 'TestingUAT', 1488265252, 0, '2017-02-28 08:00:00', NULL, 'TestingUAT', 0),
(2045, 'R-28020839-2045', 23, -1, 1, '49', '0', '0', 550, 0, 0, 550, 0, 'TestingUAT', 1488267645, 0, '2017-02-28 08:40:00', NULL, 'TestingUAT', 0),
(2046, 'R-28020847-2046', 23, -1, 1, '48', '0', '0', 550, 0, 0, 550, 0, 'TestingUAT', 1488268055, 0, '2017-02-28 08:47:00', NULL, 'TestingUAT', 0),
(2047, 'R-28020847-2047', 23, -1, 1, '0', '0', '0', 0, 100, 18.181818181818183, 450, 0, 'TestingUAT', 1488268113, 1, '2017-02-28 08:48:00', NULL, 'TestingUAT', 0),
(2048, 'R-28020849-2048', 23, 3, -1, '0', '0', '0', 100, 10, 10, 90, 0, 'TestingUAT', 1488268205, 1, '2017-02-28 08:50:00', NULL, 'TestingUAT', 0),
(2049, 'R-28020910-2049', 23, 3, -1, '0', '0', '0', 100, 10, 10, 90, 0, 'TestingUAT', 1488269475, 1, '2017-02-28 09:11:00', NULL, 'TestingUAT', 0),
(2050, 'R-28020912-2050', 23, 3, -1, '0', '0', '0', 100, 10, 10, 90, 0, 'TestingUAT', 1488269559, 1, '2017-02-28 09:12:00', NULL, 'TestingUAT', 0),
(2051, 'R-28021006-2051', 1316, 4, -1, '0', '0', '0', 100, 10, 10, 90, 0, 'TestingUAT', 1488272831, 1, '2017-02-28 10:07:00', NULL, 'TestingUAT', 0),
(2052, 'R-28021008-2052', 23, -1, 9, '530', '0', '0', 7000, 700, 10, 6300, 0, 'TestingUAT', 1488272963, 1, '2017-02-28 10:09:00', NULL, 'TestingUAT', 0),
(2053, 'R-28021010-2053', 23, -1, 4, '87', '0', '0', 400, 10, 2.5, 100, 290, 'TestingUAT', 1488273060, 0, '2017-02-28 10:11:00', NULL, 'TestingUAT', 0),
(2054, 'R-28021011-2054', 25, 5, -1, '0', '0', '0', 100, 10, 10, 90, 0, '', 1488273104, 1, '2017-02-28 10:11:00', NULL, 'TestingUAT', 0),
(2055, 'R-28021011-2055', 23, -1, 1, '53', '0', '0', 750, 10.000000000000002, 1.3333333333333335, 740, 0, '', 1488273147, 0, '2017-02-28 10:12:00', NULL, 'TestingUAT', 0),
(2056, 'R-14030815-2056', 23, -1, 1, '45', '0', '0', 450, 0, 0, 450, 0, 'TestingUAT', 1489475793, 0, '2017-03-14 08:16:00', NULL, 'TestingUAT', 0),
(2057, 'R-14030820-2057', 23, -1, 1, '47', '0', '0', 350, 0, 0, 350, 0, 'TestingUAT', 1489476032, 0, '2017-03-14 08:20:00', NULL, 'TestingUAT', 0),
(2058, 'R-14030849-2058', 23, -1, 1, '47', '0', '0', 350, 0, 0, 350, 0, 'TestingUAT', 1489477776, 0, '2017-03-14 08:49:00', NULL, 'TestingUAT', 0),
(2059, 'R-14031044-2059', 23, -1, 1, '655', '0', '0', 150, 0, 0, 150, 0, 'TestingUAT', 1489484718, 0, '2017-03-14 10:45:00', NULL, 'TestingUAT', 0),
(2060, 'R-14031054-2060', 23, -1, 9, '520', '0', '0', 5000, 0, 0, 5000, 0, 'TestingUAT', 1489485265, 0, '2017-03-14 10:54:00', NULL, 'TestingUAT', 0),
(2061, 'R-17040748-2061', 1353, 5, -1, '0', '0', '0', 100, 0, 0, 100, 0, 'TestingUAT', 1492408315, 0, '2017-04-17 07:51:00', NULL, 'TestingUAT', 0),
(2062, 'R-17040748-2061', 1353, 5, -1, '0', '0', '0', 100, 0, 0, 100, 0, 'TestingUAT', 1492408316, 0, '2017-04-17 07:51:00', NULL, 'TestingUAT', 0),
(2063, 'R-17040755-2063', 1355, 5, -1, '0', '0', '0', 100, 0, 0, 100, 0, '', 1492408667, 0, '2017-04-17 07:57:00', NULL, 'TestingUAT', 0),
(2064, '', 1364, -1, -1, '0', '0', '0', 0, 0, 0, 100, 0, '', 1207173889, 0, '2008-04-03 00:04:00', NULL, 'TestingUAT', 0),
(2065, 'R-03040007-2065', 1356, 2, -1, '0', '0', '0', 100, 0, 0, 100, 0, 'salman', 1207174086, 0, '2008-04-03 00:08:00', NULL, 'TestingUAT', 0),
(2066, '', 1357, 2, -1, '0', '0', '0', 0, 0, 0, 100, 0, 'salman', 1207174167, 0, '2008-04-03 00:09:00', NULL, 'TestingUAT', 0),
(2067, '', 1357, 2, -1, '0', '0', '0', 0, 0, 0, 100, 0, 'salman', 1207174167, 0, '2008-04-03 00:09:00', NULL, 'TestingUAT', 0),
(2068, '', 1356, 30, -1, '0', '0', '0', 0, 0, 0, 100, 0, 'salman', 1207174224, 0, '2008-04-03 00:10:00', NULL, 'TestingUAT', 0),
(2069, '', 1356, 30, -1, '0', '0', '0', 0, 0, 0, 100, 0, 'salman', 1207174224, 0, '2008-04-03 00:10:00', NULL, 'TestingUAT', 0),
(2070, '', 1356, 2, -1, '0', '0', '0', 0, 0, 0, 100, 0, 'salman', 1207175120, 0, '2008-04-03 00:25:00', NULL, 'TestingUAT', 0),
(2071, '', 1356, 2, -1, '0', '0', '0', 0, 0, 0, 100, 0, 'TestingUAT', 1207175348, 0, '2008-04-03 00:29:00', NULL, 'TestingUAT', 0),
(2072, '', 1358, 2, -1, '0', '0', '0', 0, 0, 0, 100, 0, '', 1207175651, 0, '2008-04-03 00:34:00', NULL, 'TestingUAT', 0),
(2073, 'R-03040055-2073', 1356, 3, -1, '0', '0', '0', 100, 0, 0, 100, 0, 'salman', 1207176991, 0, '2008-04-03 00:56:00', NULL, 'TestingUAT', 0),
(2074, '', 1358, 3, -1, '0', '0', '0', 0, 0, 0, 100, 0, 'salman', 1207177040, 0, '2008-04-03 00:57:00', NULL, 'TestingUAT', 0),
(2075, '', 1358, 3, -1, '0', '0', '0', 0, 0, 0, 100, 0, 'salman', 1207177040, 0, '2008-04-03 00:57:00', NULL, 'TestingUAT', 0),
(2076, '', 1364, 3, -1, '0', '0', '0', 0, 0, 0, 100, 0, 'salman', 1207177129, 0, '2008-04-03 00:58:00', NULL, 'TestingUAT', 0),
(2077, '', 1358, 5, -1, '0', '0', '0', 0, 0, 0, 100, 0, 'salman', 1207177413, 0, '2008-04-03 01:03:00', NULL, 'TestingUAT', 0),
(2078, 'R-03040236-2078', 1356, 5, -1, '0', '0', '0', 100, 0, 0, 100, 0, 'salman', 1207183054, 0, '2008-04-03 02:37:00', NULL, 'TestingUAT', 0),
(2079, 'R-03040236-2078', 1356, 5, -1, '0', '0', '0', 100, 0, 0, 100, 0, 'salman', 1207183054, 0, '2008-04-03 02:37:00', NULL, 'TestingUAT', 0),
(2080, '', 1356, 5, -1, '0', '0', '0', 0, 0, 0, 100, 0, 'sa', 1207183451, 0, '2008-04-03 02:44:00', NULL, 'TestingUAT', 0),
(2081, '', 27, 3, -1, '0', '0', '0', 0, 0, 0, 100, 0, 'TestingUAT', 1207183549, 0, '2008-04-03 02:45:00', NULL, 'TestingUAT', 0),
(2082, '', 27, 3, -1, '0', '0', '0', 0, 0, 0, 100, 0, 'TestingUAT', 1207183550, 0, '2008-04-03 02:45:00', NULL, 'TestingUAT', 0),
(2083, '', 1364, 3, -1, '0', '0', '0', 0, 110, 80, 100, 0, 'TestingUAT', 1492597026, 1, '2017-04-19 12:17:00', NULL, 'TestingUAT', 0),
(2084, '', 1368, 3, -1, '0', '0', '0', 0, 0, 0, 0, 0, '', 1492597746, 0, '2017-04-19 12:29:00', NULL, 'TestingUAT', 0),
(2085, '', 1357, 25, -1, '0', '0', '0', 0, 0, 0, 100, 0, '', 1492598289, 0, '2017-04-19 12:38:00', NULL, 'TestingUAT', 0),
(2086, 'R-02042113-2086', 1356, 3, -1, '0', '0', '0', 100, 0, 0, 100, 0, 'TestingUAT', 1207163665, 0, '2008-04-02 21:14:00', NULL, 'TestingUAT', 0),
(2087, 'R-02042113-2086', 1356, 3, -1, '0', '0', '0', 100, 0, 0, 100, 0, 'TestingUAT', 1207163666, 0, '2008-04-02 21:14:00', NULL, 'TestingUAT', 0),
(2088, '', 1358, 3, -1, '0', '0', '0', 0, 100, 0, 100, 0, '', 1207163959, 0, '2008-04-02 21:19:00', NULL, 'TestingUAT', 0),
(2089, '', 1359, 3, -1, '0', '0', '0', 0, 100, 0, 100, 0, '', 1492663809, 0, '2017-04-20 06:50:00', NULL, 'TestingUAT', 0),
(2090, '', 1359, 3, -1, '0', '0', '0', 0, 100, 0, 100, 0, '', 1492663810, 0, '2017-04-20 06:50:00', NULL, 'TestingUAT', 0),
(2091, '', 1356, 3, -1, '0', '0', '0', 0, 100, 0, 100, 0, '', 1492664977, 0, '2017-04-20 07:09:00', NULL, 'TestingUAT', 0),
(2092, '', 1364, 3, -1, '0', '0', '0', 0, 100, 0, 0, 100, '', 1492665216, 0, '2017-04-20 07:13:00', NULL, 'TestingUAT', 0),
(2093, '', 1364, 3, -1, '0', '0', '0', 0, 100, 0, 0, 100, '', 1492665216, 0, '2017-04-20 07:13:00', NULL, 'TestingUAT', 0),
(2094, '', 1357, 3, -1, '0', '0', '0', 0, 0, 0, 100, 0, '', 1492666519, 0, '2017-04-20 07:35:00', NULL, 'TestingUAT', 0),
(2095, '', 1360, 29, -1, '0', '0', '0', 0, 0, 0, 100, 0, '', 1492667597, 0, '2017-04-20 07:53:00', NULL, 'TestingUAT', 0),
(2096, '', 1360, 30, -1, '0', '0', '0', 0, 0, 0, 100, 0, '', 1492667907, 0, '2017-04-20 07:58:00', NULL, 'TestingUAT', 0),
(2097, '', 1360, 30, -1, '0', '0', '0', 0, 0, 0, 100, 0, '', 1492667907, 0, '2017-04-20 07:58:00', NULL, 'TestingUAT', 0),
(2098, 'R-20040717-2094', 1356, 2, -1, '0', '0', '0', 100, 0, 0, 100, 0, 'TestingUAT', 1492669666, 0, '2017-04-20 08:27:00', NULL, 'TestingUAT', 0),
(2099, 'R-20040840-2099', 1356, 4, -1, '0', '0', '0', 100, 0, 0, 100, 0, 'TestingUAT', 1492670490, 0, '2017-04-20 08:41:00', NULL, 'TestingUAT', 0),
(2100, 'R-20040840-2099', 1356, 4, -1, '0', '0', '0', 100, 0, 0, 100, 0, 'TestingUAT', 1492670490, 0, '2017-04-20 08:41:00', NULL, 'TestingUAT', 0),
(2101, '', 1356, 3, -1, '0', '0', '0', 0, 0, 0, 100, 0, '', 1492670688, 0, '2017-04-20 08:44:00', NULL, 'TestingUAT', 0),
(2102, '', 1356, 3, -1, '0', '0', '0', 0, 0, 0, 100, 0, '', 1492670688, 0, '2017-04-20 08:44:00', NULL, 'TestingUAT', 0),
(2103, '', 1356, 4, -1, '0', '0', '0', 0, 0, 0, 100, 0, '', 1492670898, 0, '2017-04-20 08:48:00', NULL, 'TestingUAT', 0),
(2104, 'R-20040849-2104', 1356, 3, -1, '0', '0', '0', 100, 0, 0, 100, 0, 'TestingUAT', 1492671084, 0, '2017-04-20 08:51:00', NULL, 'TestingUAT', 0),
(2105, '', 1356, 3, -1, '0', '0', '0', 0, 0, 0, 0, 1, '', 1492672412, 0, '2017-04-20 09:13:00', NULL, 'TestingUAT', 0),
(2106, '0', 0, 0, 0, '0', '0', '0', 0, 0, 0, 0, 0, '0', 1492673361, 0, '2017-04-20 09:29:00', NULL, '0', 0),
(2107, 'R-20040930-2107', 1356, 2, -1, '0', '0', '0', 100, 0, 0, 100, 0, 'TestingUAT', 1492673434, 0, '2017-04-20 09:30:00', NULL, 'TestingUAT', 0),
(2108, 'R-20040952-2108', 1356, 3, -1, '0', '0', '0', 100, 0, 0, 100, 0, 'TestingUAT', 1492674761, 0, '2017-04-20 09:52:00', NULL, 'TestingUAT', 0),
(2109, '', 1359, 4, -1, '0', '0', '0', 0, 0, 0, 100, 0, '', 1492674831, 0, '2017-04-20 09:53:00', NULL, 'TestingUAT', 0),
(2110, 'R-20041156-2110', 1356, 4, -1, '0', '0', '0', 0, 0, 0, 100, 100, '', 1492682247, 0, '2017-04-20 11:57:00', NULL, 'TestingUAT', 0),
(2111, 'R-20041213-2111', 1371, 3, -1, '0', '0', '0', 0, 0, 0, 100, 0, '', 1492683271, 0, '2017-04-20 12:14:00', NULL, 'TestingUAT', 0),
(2112, 'R-20041231-2112', 1356, 3, -1, '0', '0', '0', 100, 0, 0, 100, 0, 'TestingUAT', 1492684290, 0, '2017-04-20 12:31:00', NULL, 'TestingUAT', 0),
(2113, 'R-20041231-2113', 1372, 3, -1, '0', '0', '0', 100, 0, 0, 100, 0, 'TestingUAT', 1492684365, 0, '2017-04-20 12:32:00', NULL, 'TestingUAT', 0),
(2114, 'R-20041232-2114', 1356, 4, -1, '0', '0', '0', 100, 0, 0, 100, 0, 'TestingUAT', 1492684409, 0, '2017-04-20 12:33:00', NULL, 'TestingUAT', 0),
(2115, 'R-20041233-2115', 1373, 3, -1, '0', '0', '0', 100, 0, 0, 90, 10, 'TestingUAT', 1492684510, 0, '2017-04-20 12:35:00', NULL, 'TestingUAT', 0),
(2116, 'R-20041233-2115', 1373, 3, -1, '0', '0', '0', 100, 0, 0, 90, 10, 'TestingUAT', 1492684510, 0, '2017-04-20 12:35:00', NULL, 'TestingUAT', 0),
(2117, 'R-20041228-2112', 1356, 3, -1, '0', '0', '0', 100, 0, 0, 100, 0, 'TestingUAT', 1492684551, 0, '2017-04-20 12:35:00', NULL, 'TestingUAT', 0),
(2118, 'R-20041236-2118', 1356, 3, -1, '0', '0', '0', 100, 0, 0, 100, 0, 'TestingUAT', 1492684646, 0, '2017-04-20 12:37:00', NULL, 'TestingUAT', 0),
(2119, 'R-20041304-2119', 1356, 3, -1, '0', '0', '0', 100, 0, 0, 100, 0, 'TestingUAT', 1492686304, 0, '2017-04-20 13:05:00', NULL, 'TestingUAT', 0),
(2120, 'R-20041304-2119', 1356, 3, -1, '0', '0', '0', 100, 0, 0, 100, 0, 'TestingUAT', 1492686304, 0, '2017-04-20 13:05:00', NULL, 'TestingUAT', 0),
(2121, 'R-20041305-2121', 1356, 3, -1, '0', '0', '0', 100, 0, 0, 100, 0, 'TestingUAT', 1492686355, 0, '2017-04-20 13:05:00', NULL, 'TestingUAT', 0),
(2122, 'R-02051238-2122', 1356, 6, -1, '0', '0', '0', 200, 0, 0, 200, 0, 'TestingUAT', 1493721548, 0, '2017-05-02 12:39:00', NULL, 'TestingUAT', 0),
(2123, 'R-02051238-2122', 1356, 6, -1, '0', '0', '0', 200, 0, 0, 200, 0, 'TestingUAT', 1493721548, 0, '2017-05-02 12:39:00', NULL, 'TestingUAT', 0),
(2124, 'R-03050820-2124', 1356, 2, -1, '0', '0', '0', 100, 0, 0, 100, 0, 'TestingUAT', 1493792490, 0, '2017-05-03 08:21:00', NULL, 'TestingUAT', 0),
(2125, 'R-03050820-2124', 1356, 2, -1, '0', '0', '0', 100, 0, 0, 100, 0, 'TestingUAT', 1493792490, 0, '2017-05-03 08:21:00', NULL, 'TestingUAT', 0),
(2126, 'R-03050832-2126', 1356, 3, -1, '0', '0', '0', 100, 0, 0, 100, 0, 'TestingUAT', 1493793180, 0, '2017-05-03 08:33:00', NULL, 'TestingUAT', 0),
(2127, 'R-03050848-2127', 1357, 3, -1, '0', '0', '0', 100, 0, 0, 100, 0, 'TestingUAT', 1493794144, 0, '2017-05-03 08:49:00', NULL, 'TestingUAT', 0);

-- --------------------------------------------------------

--
-- Table structure for table `admin`
--

CREATE TABLE `admin` (
  `admin_id` int(11) NOT NULL,
  `name` longtext CHARACTER SET utf8 COLLATE utf8_unicode_ci NOT NULL,
  `email` longtext CHARACTER SET utf8 COLLATE utf8_unicode_ci NOT NULL,
  `password` longtext CHARACTER SET utf8 COLLATE utf8_unicode_ci NOT NULL,
  `address` longtext CHARACTER SET utf8 COLLATE utf8_unicode_ci NOT NULL,
  `phone` longtext CHARACTER SET utf8 COLLATE utf8_unicode_ci NOT NULL
) ENGINE=MyISAM DEFAULT CHARSET=latin1;

--
-- Dumping data for table `admin`
--

INSERT INTO `admin` (`admin_id`, `name`, `email`, `password`, `address`, `phone`) VALUES
(1, 'admin', 'admin@incisivesoft.com', 'demoadmin', '', '');

-- --------------------------------------------------------

--
-- Table structure for table `advappointment`
--

CREATE TABLE `advappointment` (
  `app_id` int(11) NOT NULL,
  `patname` varchar(20) DEFAULT NULL,
  `doctor_id` int(11) DEFAULT NULL,
  `appdate` date DEFAULT NULL,
  `phone` varchar(50) DEFAULT NULL,
  `area` varchar(50) DEFAULT NULL,
  `tokenno` int(11) DEFAULT NULL,
  `status` varchar(20) DEFAULT NULL
) ENGINE=InnoDB DEFAULT CHARSET=latin1;

--
-- Dumping data for table `advappointment`
--

INSERT INTO `advappointment` (`app_id`, `patname`, `doctor_id`, `appdate`, `phone`, `area`, `tokenno`, `status`) VALUES
(9, 'YASIR ALI', 1, '2014-12-10', '030001582699', 'NORTH KARACHI', 1, 'cancel'),
(10, 'Prem Chopra', 5, '2014-12-18', '03332179405', 'Tariq Road Karachi', 1, 'schedule'),
(11, 'abc', 30, '2017-03-01', '12345678986', 'R4', 1, 'schedule'),
(12, 'anwar', 30, '2008-04-11', '454151321', '545644564', 1, 'schedule'),
(13, 'sal', 2, '2008-03-13', '54212123', '5455', 1, 'schedule'),
(14, 'qqqq', 30, '2008-04-10', 'sss', 'sss', 1, 'schedule'),
(15, '0', 3, '1970-01-01', '', '0', 0, '0'),
(16, '0', 3, '1970-01-01', '', '0', 0, '0'),
(17, '0', 3, '1970-01-01', '', '0', 0, '0'),
(18, '0', 3, '1970-01-01', '', '0', 0, '0'),
(19, '0', 3, '1970-01-01', '', '0', 0, '0'),
(20, '0', 3, '1970-01-01', '', '0', 0, '0'),
(21, '0', 3, '1970-01-01', '', '0', 0, '0'),
(22, '0', 5, '1970-01-01', '', '0', 0, '0'),
(23, '0', 7, '1970-01-01', '5456454', '0', 0, '0'),
(24, '0', 3, '1970-01-01', '', '', 0, '0'),
(25, '0', 3, '1970-01-01', '', '', 0, '0'),
(26, '0', 3, '1970-01-01', '', '', 0, '0'),
(27, '0', 2, '1970-01-01', '', '', 0, '0'),
(28, '0', 4, '1970-01-01', '', '', 0, '0'),
(29, '0', 4, '1970-01-01', '', '', 0, '0'),
(30, '0', 6, '1970-01-01', '555644444444', '456', 0, '0'),
(31, '0', 3, '1970-01-01', '03333', 'R4', 0, '0'),
(32, '0', 5, '1970-01-01', '0585', 'fdf', 0, '0'),
(33, '0', 5, '1970-01-01', '', '', 0, '0'),
(34, '0', 2, '1970-01-01', '', '', 0, '0'),
(35, '0', 2, '1970-01-01', '', '', 0, '0'),
(36, '0', 3, '1970-01-01', '', '', 0, '0'),
(37, '0', 4, '1970-01-01', '', '', 0, '0'),
(38, '0', 3, '1970-01-01', '56454654', '545464', 0, '0'),
(39, '0', 3, '1970-01-01', '', '', 0, '0'),
(40, '0', 3, '1970-01-01', '', '', 0, '0'),
(41, '0', 5, '1970-01-01', '', '', 0, '0'),
(42, '0', 5, '1970-01-01', '', '', 0, '0'),
(43, '0', 0, '1970-01-01', '0', '0', 0, '0'),
(44, '0', 4, '1970-01-01', '', '', 0, '0'),
(45, '0', 6, '1970-01-01', '64365536', 'yyy', 0, '0'),
(46, '0', 3, '1970-01-01', '', '', 0, '0'),
(47, '0', 2, '1970-01-01', '', '', 0, '0'),
(48, '0', 2, '1970-01-01', '', '', 0, '0'),
(49, '0', 3, '1970-01-01', '', '', 0, '0'),
(50, '0', 3, '1970-01-01', '', '', 0, '0'),
(51, '0', 5, '1970-01-01', '', '', 0, '0'),
(52, '0', 5, '1970-01-01', '', '', 0, '0'),
(53, '0', 2, '1970-01-01', '', '', 0, '0'),
(54, '0', 2, '1970-01-01', '', '', 0, '0'),
(55, '0', 6, '1970-01-01', '456454564564', '54564', 0, '0'),
(56, '0', 2, '1970-01-01', 'fdgdf', 'gfdf', 0, '0'),
(57, '0', 3, '1970-01-01', '', '', 0, '0'),
(58, '0', 0, '1970-01-01', '0', '0', 0, '0'),
(59, '0', 3, '1970-01-01', '', '', 0, '0');

-- --------------------------------------------------------

--
-- Table structure for table `amount`
--

CREATE TABLE `amount` (
  `rate_id` int(11) NOT NULL,
  `doctor_id` int(11) DEFAULT NULL,
  `service_id` int(11) DEFAULT NULL,
  `rate` float(40,0) DEFAULT NULL
) ENGINE=MyISAM DEFAULT CHARSET=utf8;

--
-- Dumping data for table `amount`
--

INSERT INTO `amount` (`rate_id`, `doctor_id`, `service_id`, `rate`) VALUES
(1, 3, 1, 100),
(11, 8, 1, 300),
(3, 5, 5, 100),
(10, 7, 1, 300),
(5, 2, 1, 100),
(9, 6, 1, 200),
(7, 4, 4, 100),
(8, 1, 1, 100),
(12, 9, 1, 300),
(13, 10, 1, 300),
(14, 12, 1, 100),
(15, 13, 1, 300),
(16, 14, 1, 300),
(17, 15, 1, 300),
(18, 16, 1, 400),
(19, 17, 1, 300),
(20, 18, 1, 300),
(21, 19, 1, 300),
(22, 20, 1, 300),
(23, 21, 1, 300),
(24, 26, 1, 500);

-- --------------------------------------------------------

--
-- Table structure for table `appointment`
--

CREATE TABLE `appointment` (
  `appointment_id` int(11) NOT NULL,
  `appointment_timestamp` int(11) NOT NULL,
  `doctor_id` int(11) NOT NULL,
  `patient_id` int(11) NOT NULL
) ENGINE=MyISAM DEFAULT CHARSET=utf8 COLLATE=utf8_unicode_ci;

--
-- Dumping data for table `appointment`
--

INSERT INTO `appointment` (`appointment_id`, `appointment_timestamp`, `doctor_id`, `patient_id`) VALUES
(1, 1395702000, 2, 4),
(2, 1395961200, 2, 6),
(3, 1396303200, 2, 5),
(4, 1395183600, 2, 8),
(5, 1426464000, 28, 1),
(6, 1441843200, 28, 36);

-- --------------------------------------------------------

--
-- Table structure for table `approved_discount`
--

CREATE TABLE `approved_discount` (
  `id` int(4) UNSIGNED NOT NULL,
  `invoice_no` varchar(15) DEFAULT NULL,
  `discount_per` float DEFAULT NULL,
  `discount_amount` float DEFAULT NULL,
  `created_by` varchar(30) DEFAULT NULL,
  `created_datetime` datetime DEFAULT NULL
) ENGINE=MyISAM DEFAULT CHARSET=utf8;

-- --------------------------------------------------------

--
-- Table structure for table `area`
--

CREATE TABLE `area` (
  `area_id` int(4) NOT NULL,
  `floor_id` int(4) DEFAULT NULL,
  `area` varchar(20) DEFAULT NULL
) ENGINE=MyISAM DEFAULT CHARSET=latin1;

--
-- Dumping data for table `area`
--

INSERT INTO `area` (`area_id`, `floor_id`, `area`) VALUES
(7, 1, 'Parking'),
(8, 1, 'Emergency'),
(9, 1, 'Reception'),
(10, 1, 'Lab'),
(11, 1, 'X Ray'),
(12, 1, 'Pharmacy '),
(13, 1, 'SP ');

-- --------------------------------------------------------

--
-- Table structure for table `assignedroom`
--

CREATE TABLE `assignedroom` (
  `assignedroom_id` int(11) NOT NULL,
  `doctor_id` int(11) DEFAULT NULL,
  `room_id` int(11) DEFAULT NULL,
  `days` varchar(50) DEFAULT NULL,
  `today_date` date DEFAULT NULL,
  `1_open_time` varchar(50) DEFAULT NULL,
  `1_close_time` varchar(50) DEFAULT NULL
) ENGINE=MyISAM DEFAULT CHARSET=utf8;

--
-- Dumping data for table `assignedroom`
--

INSERT INTO `assignedroom` (`assignedroom_id`, `doctor_id`, `room_id`, `days`, `today_date`, `1_open_time`, `1_close_time`) VALUES
(1, 2, 14, 'thursday', '2014-09-11', '0', '0'),
(7, 5, 26, 'wednesday', '2014-11-07', '0', '0'),
(9, 6, 20, 'tuesday', '2014-11-07', '0', '0'),
(10, 11, 14, 'thursday', '2014-09-11', '0', '0'),
(11, 7, 19, 'tuesday', '2014-11-07', '0', '0');

-- --------------------------------------------------------

--
-- Table structure for table `bed`
--

CREATE TABLE `bed` (
  `bed_id` int(11) NOT NULL,
  `bed_number` longtext CHARACTER SET utf8 COLLATE utf8_unicode_ci NOT NULL,
  `type` longtext NOT NULL COMMENT 'ward,cabin,ICU',
  `charges` int(11) DEFAULT NULL,
  `status` int(11) NOT NULL DEFAULT '0',
  `description` longtext CHARACTER SET utf8 COLLATE utf8_unicode_ci NOT NULL
) ENGINE=MyISAM DEFAULT CHARSET=latin1;

--
-- Dumping data for table `bed`
--

INSERT INTO `bed` (`bed_id`, `bed_number`, `type`, `charges`, `status`, `description`) VALUES
(1, '3', 'female general ward', 800, 0, '0'),
(2, '4', 'female general ward', 800, 0, '0'),
(3, '5', 'female general ward', 800, 0, '0'),
(4, '6', 'female general ward', 800, 0, '0'),
(6, '7', 'female general ward', 800, 0, '0'),
(7, '8', 'female general ward', 800, 0, '0'),
(8, '9', 'female general ward', 800, 0, '0'),
(9, '10', 'female general ward', 800, 0, '0'),
(10, '11', 'female general ward', 800, 0, '0'),
(11, '12', 'female general ward', 800, 0, '0'),
(12, '110', 'male general ward', 800, 0, '0'),
(13, '111', 'male general ward', 800, 0, '0'),
(14, '112', 'male general ward', 800, 0, '0'),
(15, '113', 'male general ward', 800, 0, '0'),
(16, '114', 'male general ward', 800, 0, '0'),
(17, '115', 'male general ward', 800, 0, '0'),
(18, '116', 'male general ward', 800, 0, '0'),
(19, '117', 'male general ward', 800, 0, '0'),
(20, '118', 'male general ward', 800, 0, '0'),
(21, '119', 'male general ward', 800, 0, '0'),
(22, '120', 'male general ward', 800, 0, '0'),
(23, '121', 'male general ward', 800, 0, '0'),
(24, '122', 'male general ward', 800, 0, '0'),
(25, '123', 'male general ward', 800, 0, '0'),
(26, '124', 'male general ward', 800, 0, '0'),
(27, '125', 'male general ward', 800, 0, '0'),
(28, '101', 'icu', 3500, 0, '0'),
(29, '102', 'icu', 3500, 0, '0'),
(30, '103', 'icu', 3500, 0, '0'),
(31, '104', 'icu', 3500, 0, '0'),
(32, '105', 'icu', 3500, 0, '0'),
(33, '106', 'icu', 3500, 0, '0'),
(34, '107', 'icu', 3500, 0, '0'),
(35, '108', 'icu', 3500, 0, '0'),
(36, '109', 'icu', 3500, 0, '0'),
(43, 'Pvt', 'Private Rooms', 5000, 0, '0'),
(44, '1', 'Semi Private Rooms - 1', 3000, 0, '0'),
(45, '2', 'Semi Private Rooms - 1', 3000, 0, '0'),
(46, '132', 'Semi Private Rooms - 2', 3000, 0, '0'),
(47, '133', 'Semi Private Rooms - 2', 3000, 0, '0'),
(48, '129', 'Semi Private Rooms - 3', 1500, 0, '0'),
(49, '130', 'Semi Private Rooms - 3', 1500, 0, '0'),
(50, '131', 'Semi Private Rooms - 3', 1500, 0, '0'),
(51, '126', 'Semi Private Rooms - 4', 1500, 0, '0'),
(52, '127', 'Semi Private Rooms - 4', 1500, 0, '0'),
(53, '128', 'Semi Private Rooms - 4', 1500, 0, '0'),
(58, '2', 'Nicu', 2000, 0, '0'),
(57, '3', 'Nicu', 2000, 0, '0'),
(56, '4', 'Nicu', 2000, 0, '0'),
(59, '1', 'Nicu', 2000, 0, '0');

-- --------------------------------------------------------

--
-- Table structure for table `bed_allotment`
--

CREATE TABLE `bed_allotment` (
  `bed_allotment_id` int(11) NOT NULL,
  `bed_id` int(11) NOT NULL,
  `patient_id` int(11) NOT NULL,
  `allotment_timestamp` int(11) NOT NULL,
  `discharge_timestamp` int(11) NOT NULL,
  `status` int(11) DEFAULT NULL,
  `allotment_time` datetime DEFAULT NULL,
  `mapping_id` int(11) DEFAULT NULL
) ENGINE=MyISAM DEFAULT CHARSET=latin1;

--
-- Dumping data for table `bed_allotment`
--

INSERT INTO `bed_allotment` (`bed_allotment_id`, `bed_id`, `patient_id`, `allotment_timestamp`, `discharge_timestamp`, `status`, `allotment_time`, `mapping_id`) VALUES
(1, 2, 8, 1410462000, 0, 1, '2014-09-12 21:44:00', NULL),
(2, 4, 3, 1410548400, 0, 1, '2014-09-12 21:44:00', NULL),
(3, 5, 4, 1410548400, 0, 1, '2014-09-12 22:21:00', NULL),
(4, 7, 2, 1410548400, 0, 1, '2014-09-12 22:55:00', NULL),
(5, 30, 79, 1410559200, 0, 1, '2014-09-13 09:03:00', NULL),
(6, 28, 89, 1410732000, 0, 1, '2014-09-15 07:53:00', NULL),
(7, 31, 91, 1410732000, 0, 1, '2014-09-15 11:06:00', NULL),
(8, 6, 92, 1410732000, 0, 1, '2014-09-15 12:53:00', NULL),
(9, 15, 93, 0, 0, 1, '2014-09-15 14:30:00', NULL),
(10, 33, 94, 0, 0, 1, '2014-09-16 07:44:00', NULL),
(11, 28, 95, 0, 0, 1, '2014-09-16 09:06:00', NULL),
(15, 1, 102, 0, 0, 1, '2014-09-17 07:17:00', NULL),
(13, 32, 97, 0, 0, 1, '2014-09-16 10:48:00', NULL),
(14, 28, 99, 0, 0, 1, '2014-09-17 06:53:00', NULL),
(16, 2, 103, 0, 0, 1, '2014-09-17 07:18:00', NULL),
(17, 3, 101, 0, 0, 1, '2014-09-17 07:18:00', NULL),
(18, 28, 100, 0, 0, 1, '2014-09-17 07:34:00', NULL),
(19, 33, 104, 0, 0, 1, '2014-09-18 08:51:00', NULL),
(20, 11, 106, 0, 0, 1, '2014-09-18 09:52:00', NULL),
(21, 13, 107, 0, 0, 1, '2014-09-18 09:59:00', NULL),
(22, 9, 108, 0, 0, 1, '2014-09-18 10:04:00', NULL),
(23, 43, 110, 0, 0, 1, '2014-09-19 07:01:00', NULL),
(24, 28, 35, 0, 0, 1, '2014-09-25 10:45:00', NULL),
(25, 29, 57, 0, 0, 1, '2014-09-27 10:06:00', NULL),
(26, 12, 78, 0, 0, 1, '2014-09-29 20:59:00', NULL),
(27, 10, 197, 0, 0, 1, '2014-10-08 02:54:00', NULL),
(28, 11, 198, 0, 0, 1, '2014-10-08 02:55:00', NULL),
(29, 48, 208, 0, 0, 1, '2014-10-08 16:28:00', NULL),
(30, 46, 264, 0, 0, 1, '2014-10-10 22:45:00', NULL),
(31, 47, 267, 0, 0, 1, '2014-10-10 23:11:00', NULL),
(32, 47, 268, 0, 0, 1, '2014-10-10 23:24:00', NULL),
(33, 6, 348, 0, 0, 1, '2014-10-16 11:10:00', NULL),
(34, 6, 530, 0, 0, 1, '2014-10-24 18:25:00', NULL),
(35, 22, 531, 0, 0, 1, '2014-10-24 18:48:00', NULL),
(36, 44, 558, 0, 0, 1, '2014-10-25 22:13:00', NULL),
(37, 45, 619, 0, 0, 1, '2014-10-28 21:34:00', NULL),
(38, 50, 648, 0, 0, 1, '2014-10-30 16:36:00', NULL),
(39, 44, 727, 0, 0, 1, '2014-11-03 18:17:00', NULL),
(40, 1, 872, 0, 0, 1, '2014-11-09 15:02:00', NULL),
(41, 59, 871, 0, 0, 1, '2014-11-09 15:29:00', NULL),
(42, 44, 885, 0, 0, 1, '2014-11-10 12:42:00', NULL),
(43, 2, 898, 0, 0, 1, '2014-11-11 10:28:00', NULL),
(44, 44, 844, 0, 0, 1, '2014-11-11 21:39:00', NULL),
(45, 1, 844, 0, 0, 1, '2014-11-11 23:09:00', NULL),
(46, 4, 938, 0, 0, 1, '2014-11-12 17:37:00', NULL),
(47, 2, 1009, 0, 0, 1, '2014-11-16 09:52:00', NULL),
(48, 44, 1052, 0, 0, 1, '2014-11-18 18:21:00', NULL),
(49, 27, 1184, 0, 0, 1, '2014-11-24 23:48:00', NULL),
(50, 43, 1193, 0, 0, 1, '2014-11-25 13:35:00', NULL),
(51, 22, 1216, 0, 0, 1, '2014-11-26 10:58:00', NULL),
(52, 24, 1227, 0, 0, 1, '2014-11-26 19:39:00', NULL),
(53, 44, 1252, 0, 0, 1, '2014-11-28 00:07:00', NULL),
(54, 4, 1254, 0, 0, 1, '2014-11-28 09:33:00', NULL),
(55, 6, 1260, 0, 0, 1, '2014-11-28 15:40:00', NULL),
(56, 1, 1263, 0, 0, 1, '2014-11-28 18:14:00', NULL),
(57, 12, 1294, 0, 0, 1, '2014-12-18 08:14:00', NULL),
(58, 9, 1299, 0, 0, 1, '2015-03-21 08:46:00', NULL),
(59, 46, 1304, 0, 0, 1, '2015-11-16 12:01:00', NULL);

-- --------------------------------------------------------

--
-- Table structure for table `biochemistry_work`
--

CREATE TABLE `biochemistry_work` (
  `id` int(11) NOT NULL,
  `patient_name` varchar(255) NOT NULL,
  `doc_name` varchar(255) NOT NULL,
  `department_no` varchar(255) NOT NULL,
  `mobile_no` varchar(255) NOT NULL,
  `phone` varchar(255) NOT NULL,
  `report_date` varchar(255) NOT NULL,
  `age` varchar(255) NOT NULL,
  `sex` varchar(255) NOT NULL,
  `invoice_no` varchar(255) NOT NULL,
  `report_type` varchar(255) NOT NULL,
  `service_name` varchar(255) NOT NULL,
  `service_amount` varchar(255) NOT NULL,
  `blood_group` varchar(255) NOT NULL,
  `laboratrist_name` varchar(255) NOT NULL,
  `calcium` varchar(255) NOT NULL,
  `glucose` varchar(255) NOT NULL
) ENGINE=InnoDB DEFAULT CHARSET=latin1;

--
-- Dumping data for table `biochemistry_work`
--

INSERT INTO `biochemistry_work` (`id`, `patient_name`, `doc_name`, `department_no`, `mobile_no`, `phone`, `report_date`, `age`, `sex`, `invoice_no`, `report_type`, `service_name`, `service_amount`, `blood_group`, `laboratrist_name`, `calcium`, `glucose`) VALUES
(9, 'Muhammad Khalid', 'Dr Khalid MS', '', '0', '03442441110', '2017-02-27 11:39:00', '50', 'Male', 'R-27021138-2037', 'biochemistry', 'CBC & ESR', '350', '', 'Imran Mcdonald', '212', '121'),
(10, 'Muhammad Khalid', 'Dr Khalid MS', '', '0', '03442441110', '2017-02-28 08:40:00', '50', 'Male', 'R-28020839-2045', 'biochemistry', 'Blood Grouping  R/H Factor', '100', '', 'Imran Mcdonald', '12', '12'),
(11, 'Muhammad Khalid', 'Dr Khalid MS', '', '0', '03442441110', '2017-03-14 08:16:00', '50', 'Male', 'R-14030815-2056', 'biochemistry', 'Platelet Count', '150', '', 'Imran Mcdonald', '12', '12'),
(12, 'Muhammad Khalid', 'Dr Khalid MS', '', '0', '03442441110', '2017-03-14 08:16:00', '50', 'Male', 'R-14030815-2056', 'biochemistry', 'CBC ', '300', '', 'Imran Mcdonald', '21', '12');

-- --------------------------------------------------------

--
-- Table structure for table `blood_bank`
--

CREATE TABLE `blood_bank` (
  `blood_group_id` int(11) NOT NULL,
  `blood_group` longtext CHARACTER SET utf8 COLLATE utf8_unicode_ci NOT NULL,
  `status` longtext CHARACTER SET utf8 COLLATE utf8_unicode_ci NOT NULL
) ENGINE=MyISAM DEFAULT CHARSET=latin1;

--
-- Dumping data for table `blood_bank`
--

INSERT INTO `blood_bank` (`blood_group_id`, `blood_group`, `status`) VALUES
(1, 'A+', '1222'),
(2, 'A-', '25'),
(3, 'B+', ''),
(4, 'B-', ''),
(5, 'AB+', ''),
(6, 'AB-', '12'),
(7, 'O+', ''),
(8, 'O-', '');

-- --------------------------------------------------------

--
-- Table structure for table `blood_donor`
--

CREATE TABLE `blood_donor` (
  `blood_donor_id` int(11) NOT NULL,
  `name` longtext CHARACTER SET utf8 COLLATE utf8_unicode_ci NOT NULL,
  `blood_group` longtext CHARACTER SET utf8 COLLATE utf8_unicode_ci NOT NULL,
  `sex` longtext CHARACTER SET utf8 COLLATE utf8_unicode_ci NOT NULL,
  `age` int(11) NOT NULL,
  `phone` longtext CHARACTER SET utf8 COLLATE utf8_unicode_ci NOT NULL,
  `email` longtext CHARACTER SET utf8 COLLATE utf8_unicode_ci NOT NULL,
  `address` longtext CHARACTER SET utf8 COLLATE utf8_unicode_ci NOT NULL,
  `last_donation_timestamp` int(11) NOT NULL
) ENGINE=MyISAM DEFAULT CHARSET=latin1;

--
-- Dumping data for table `blood_donor`
--

INSERT INTO `blood_donor` (`blood_donor_id`, `name`, `blood_group`, `sex`, `age`, `phone`, `email`, `address`, `last_donation_timestamp`) VALUES
(4, 'farzana', 'B+', 'female', 21, '34556712456', 'hfghjg.com', 'qsvjhxvdhj', 1485903600),
(2, 'Ali Akhter', 'B+', 'male', 40, '021-37905704', 'ali@gmail.com', 'D-14 Rashid Miknhas Road Karachi', 1386198000),
(3, 'Marry Miley', 'AB+', 'female', 32, '', 'fahad.siddiqui@incisivesoft.com', 'ASD342331', 1400018400);

-- --------------------------------------------------------

--
-- Table structure for table `booked`
--

CREATE TABLE `booked` (
  `booked_id` int(11) NOT NULL,
  `booked_name` varchar(100) DEFAULT NULL
) ENGINE=MyISAM DEFAULT CHARSET=utf8;

--
-- Dumping data for table `booked`
--

INSERT INTO `booked` (`booked_id`, `booked_name`) VALUES
(1, 'Fatima'),
(3, 'Fayyaz'),
(4, 'xaliimo');

-- --------------------------------------------------------

--
-- Table structure for table `category`
--

CREATE TABLE `category` (
  `category_id` int(11) NOT NULL,
  `category_name` varchar(20) DEFAULT NULL,
  `surgery_id` int(11) DEFAULT NULL
) ENGINE=MyISAM DEFAULT CHARSET=latin1;

--
-- Dumping data for table `category`
--

INSERT INTO `category` (`category_id`, `category_name`, `surgery_id`) VALUES
(1, 'Gynecology', 1),
(2, 'General Surgery', 1),
(3, 'Orthopedics', 1),
(4, 'E.N.T.', 1),
(5, 'Gynecology', 2),
(6, 'General Surgery', 2),
(7, 'Orthopedics', 2),
(8, 'E.N.T.', 2),
(9, 'Gynecology', 3),
(10, 'General Surgery', 3),
(11, 'Orthopedics', 3),
(12, 'E.N.T.', 3);

-- --------------------------------------------------------

--
-- Table structure for table `complain`
--

CREATE TABLE `complain` (
  `id` int(4) UNSIGNED NOT NULL,
  `floor_id` int(6) DEFAULT NULL,
  `area_id` int(6) DEFAULT NULL,
  `room_id` int(6) DEFAULT NULL,
  `comp_type_id` int(6) DEFAULT NULL,
  `from_person` varchar(30) DEFAULT NULL,
  `complain_date` datetime DEFAULT NULL,
  `current_time` datetime DEFAULT NULL,
  `complain_desc` text,
  `status` varchar(80) DEFAULT NULL
) ENGINE=MyISAM DEFAULT CHARSET=utf8;

--
-- Dumping data for table `complain`
--

INSERT INTO `complain` (`id`, `floor_id`, `area_id`, `room_id`, `comp_type_id`, `from_person`, `complain_date`, `current_time`, `complain_desc`, `status`) VALUES
(1, 1, 1, 1, 1, 'Zeeshan Haq', '2014-04-22 00:00:00', '2014-04-25 15:45:00', 'whatever type you here show in on screen.', 'resolved'),
(4, 19, 3, 2, 2, 'Atif', '2014-04-22 00:00:00', '2014-04-25 16:45:00', '  Lorum Ibsum Text  ', 'unresolved'),
(5, 21, 3, 4, 2, 'Junaid Zia', '2014-04-22 00:00:00', '2014-04-25 13:45:00', ' I dont know what to write ', 'unresolved'),
(6, 1, 2, 1, 1, 'Fatima', '2014-04-22 00:00:00', '2014-04-25 14:45:00', 'dsdsadsadas', 'resolved'),
(7, 19, 1, 2, 1, 'Junaid Zia', '2014-04-22 00:00:00', '2014-04-25 17:49:39', 'dsdsdasd', 'resolved'),
(10, 21, 2, 2, 2, 'Imran Ali', '2014-04-25 00:00:00', '2014-04-25 18:00:40', '  dasa as', 'resolved'),
(11, 1, 1, 1, 2, 'Saqaib', '2014-04-25 00:00:00', '2014-04-25 18:06:34', ' tap problem', 'resolved'),
(12, 19, 2, 2, 2, 'asad', '2014-04-25 00:00:00', '2014-04-25 18:40:49', 'ewqeqwewe', 'resolved'),
(13, 21, 1, 2, 2, 'Saqaib', '2014-04-25 00:00:00', '2014-04-25 19:05:06', 'adasdasd', 'resolved');

-- --------------------------------------------------------

--
-- Table structure for table `complain_management`
--

CREATE TABLE `complain_management` (
  `comp_manag_id` int(4) NOT NULL,
  `employee_id` int(4) DEFAULT NULL,
  `complainby` varchar(40) DEFAULT NULL,
  `incident_date` datetime DEFAULT NULL,
  `incident_time` datetime DEFAULT NULL,
  `description` text,
  `status` varchar(20) DEFAULT NULL,
  `option` varchar(20) DEFAULT NULL
) ENGINE=MyISAM DEFAULT CHARSET=latin1;

--
-- Dumping data for table `complain_management`
--

INSERT INTO `complain_management` (`comp_manag_id`, `employee_id`, `complainby`, `incident_date`, `incident_time`, `description`, `status`, `option`) VALUES
(1, 5, 'Owais Bhai', '2014-04-24 00:00:00', '2014-04-24 20:22:30', 'A/c not working', 'resolved', 'non guilty'),
(2, 2, 'Imran Ali', '2014-04-25 00:00:00', '2014-04-25 18:22:30', 'Just Checking', 'resolved', 'guilty'),
(3, 3, 'xd', '2014-05-06 00:00:00', '2014-05-06 09:41:54', 'asd', 'resolved', 'guilty');

-- --------------------------------------------------------

--
-- Table structure for table `complain_type`
--

CREATE TABLE `complain_type` (
  `comp_type_id` int(4) NOT NULL,
  `complain_title` varchar(100) DEFAULT NULL,
  `description` text
) ENGINE=MyISAM DEFAULT CHARSET=utf8;

--
-- Dumping data for table `complain_type`
--

INSERT INTO `complain_type` (`comp_type_id`, `complain_title`, `description`) VALUES
(1, 'Repairs / Plumbing', 'water tap not working'),
(2, 'Air Condition', 'Compressor Problem'),
(3, 'Electrical', 'Short Circuit'),
(4, 'Instruments / Equipement', 'All type of instruments'),
(5, 'test', 'cfgdhgfgfhjfhfhfgfhgfhgfgfgfgfgfgyutyuthjkhjgjhfghfgdcfgdfgdfgdtyrftyfghfjhgjgkjghjgfjhfgcgdghfghfhgfgjhkjhjhgjhfgjhfhgfhgfdghghdgdgdhgdghddfgd');

-- --------------------------------------------------------

--
-- Table structure for table `department`
--

CREATE TABLE `department` (
  `department_id` int(11) NOT NULL,
  `name` longtext CHARACTER SET utf8 COLLATE utf8_unicode_ci NOT NULL,
  `description` longtext CHARACTER SET utf8 COLLATE utf8_unicode_ci NOT NULL
) ENGINE=MyISAM DEFAULT CHARSET=latin1;

--
-- Dumping data for table `department`
--

INSERT INTO `department` (`department_id`, `name`, `description`) VALUES
(2, 'Fertility Care', ''),
(3, 'General Surgery', ''),
(4, 'Physiotherapy', ''),
(5, 'Urology', ''),
(6, 'E.N.T', ''),
(7, 'Plastic Surgery', ''),
(8, 'Testing Department', 'Testing Department'),
(9, 'Gynecologist', '0'),
(10, 'Orthopedic', '0'),
(14, 'Medical Specialist', '0'),
(12, 'Pediatrician', ''),
(13, 'General Surgeon', ''),
(15, 'General Physician', '0'),
(16, 'Ultrasound', 'Sonologest'),
(17, 'Dental & Maxillofacial', '0'),
(18, 'Labortary', ''),
(19, 'o.p.d', '');

-- --------------------------------------------------------

--
-- Table structure for table `diagnosis_report`
--

CREATE TABLE `diagnosis_report` (
  `diagnosis_report_id` int(11) NOT NULL,
  `report_type` longtext COLLATE utf8_unicode_ci NOT NULL COMMENT 'xray,blood test',
  `document_type` longtext COLLATE utf8_unicode_ci NOT NULL COMMENT 'text,photo',
  `file_name` longtext COLLATE utf8_unicode_ci NOT NULL,
  `prescription_id` int(11) NOT NULL,
  `description` longtext COLLATE utf8_unicode_ci NOT NULL,
  `timestamp` int(11) NOT NULL,
  `laboratorist_id` int(11) NOT NULL
) ENGINE=MyISAM DEFAULT CHARSET=utf8 COLLATE=utf8_unicode_ci;

--
-- Dumping data for table `diagnosis_report`
--

INSERT INTO `diagnosis_report` (`diagnosis_report_id`, `report_type`, `document_type`, `file_name`, `prescription_id`, `description`, `timestamp`, `laboratorist_id`) VALUES
(3, 'Blood-test', 'pdf', 'file', 4, 'turjkukm', 1482477079, 2),
(6, '0', '0', '', 0, '0', 1487144623, 2),
(7, 'Blood-test', 'other', '', 5, '', 1487144662, 2);

-- --------------------------------------------------------

--
-- Table structure for table `diagnosticservice`
--

CREATE TABLE `diagnosticservice` (
  `diagnosticservice_id` int(11) NOT NULL,
  `diagnostictype_id` int(11) DEFAULT NULL,
  `name` varchar(40) DEFAULT NULL,
  `corporatecharges` varchar(40) DEFAULT NULL
) ENGINE=MyISAM DEFAULT CHARSET=latin1;

--
-- Dumping data for table `diagnosticservice`
--

INSERT INTO `diagnosticservice` (`diagnosticservice_id`, `diagnostictype_id`, `name`, `corporatecharges`) VALUES
(654, 1, 'APTT (ACTIVATED PARTIAL THROMBOPLASTIN T', '300'),
(2, 1, 'Blood Grouping  R/H Factor', '100'),
(4, 2, 'Upper Abdomen(L.G.P.S)', '840'),
(6, 3, 'E.E.G', '3000'),
(7, 4, 'Abdomen Erect And Spine', '660'),
(11, 6, 'ECG', '250'),
(12, 6, 'I/V Injection', '0'),
(13, 6, 'I/M Injection', '0'),
(14, 6, 'I/V Infusion 100ml', '100'),
(15, 6, 'I/V Infusion 500ml', '350'),
(16, 6, 'I/V Infusion 1000ml', '700'),
(17, 6, 'O2 Inhalation Per Hr', '150'),
(18, 6, 'N/G Pass', '300'),
(673, 9, 'Nursing Charges ICU ', '600'),
(20, 6, 'CTG', '100'),
(21, 6, 'Kleen Enema', '100'),
(22, 6, 'Back Slab Hand & For Arm', '500'),
(23, 6, 'POP under L.A by RMO', '1500'),
(658, 1, 'Home Collection Charges', '200'),
(25, 6, 'Dressing Minor', '100'),
(26, 6, 'Dressing Medium', '200'),
(27, 6, 'Dressing Major', '300'),
(28, 6, 'B.P Check Up', '50'),
(29, 6, 'RBS', '80'),
(655, 1, 'HB%', '150'),
(31, 6, 'Stich', '70'),
(32, 6, 'Nebulization', '100'),
(33, 6, 'Vantilator', '5000'),
(34, 6, 'Infusion 200ml', '150'),
(35, 6, 'Blood Ifusion', '500'),
(38, 6, 'Passing Foly''s Catheter', '200'),
(39, 6, 'I/V Suction', '300'),
(40, 6, 'Enema', '0'),
(42, 6, 'OBS Injection Venofer', '300'),
(43, 6, 'POP Under G.A', '4000'),
(44, 6, 'Passing N/G Tube', '300'),
(45, 1, 'Platelet Count', '150'),
(46, 1, 'CBC ', '300'),
(47, 1, 'CBC & ESR', '350'),
(48, 1, 'CP (Complete Blood Picture)', '300'),
(49, 1, 'ESR (Erythrocyte Sedimantation Rate)', '100'),
(50, 1, 'HB %', '150'),
(51, 1, 'ICT Malaria Antigen', '400'),
(52, 1, 'MP (Malarial Parasites)', '130'),
(53, 1, 'RBC Count', '150'),
(54, 1, 'Reticulocytes Count', '120'),
(55, 1, 'TLC (WBC)', '150'),
(56, 1, 'Bilirubin (Total And Direct)', '250'),
(57, 1, 'Blood Glucose Fasting', '130'),
(58, 1, 'Blood Glucose Random', '130'),
(59, 1, 'CRP', '400'),
(60, 1, 'Calcium', '150'),
(61, 1, 'Cholestrol', '150'),
(62, 1, 'Creatinine', '150'),
(63, 1, 'Electrolytes', '300'),
(64, 1, 'Gamma GT', '200'),
(65, 1, 'LFT (Liver Function Test)', '500'),
(66, 1, 'Lipid Profile', '600'),
(67, 1, 'P.T (Prothrombine Time)', '200'),
(68, 1, 'Phosphorus', '150'),
(69, 1, 'Potassium', '300'),
(70, 1, 'Serum T3', '500'),
(71, 1, 'Serum T4', '500'),
(72, 1, 'SGPT', '150'),
(73, 1, 'Sodium', '300'),
(74, 1, 'Urea', '150'),
(75, 1, 'Uric Acid', '150'),
(76, 1, 'Urine D/R', '100'),
(77, 1, 'Vitamin D Total (25-OH) +D3', '1300'),
(78, 1, 'Blood Culture & Sensitivity (Manual)', '500'),
(79, 1, 'Dengue Antigen', '1000'),
(80, 1, 'HBsAg', '450'),
(81, 1, 'HBsAg (ICT)', '200'),
(82, 1, 'HCV (ICT)', '200'),
(83, 1, 'Stool Detail Report', '100'),
(84, 1, 'Typhidot', '400'),
(85, 4, 'Chest Apical View', '300'),
(86, 4, 'Chest PA', '300'),
(87, 4, 'humerus AP / LAT & Oblique', '400'),
(88, 4, 'humerus AP View', '300'),
(89, 4, 'humerus LAT View', '300'),
(90, 4, 'I.A Canal', '300'),
(91, 4, 'I.A Meatus', '300'),
(92, 4, 'I.A.M Seires ', '400'),
(93, 4, 'II iac Bone AP/ Oblique', '400'),
(94, 4, 'IVP & Cystography', '3000'),
(95, 4, 'Ivp Hypertensive Series ', '3000'),
(96, 4, 'IVP with Contrast', '3000'),
(97, 4, 'IVP with *** Nono Ionic*** Contrast', '3000'),
(98, 4, 'Knee Ap/ Lat', '350'),
(99, 4, 'Knee Oblique', '300'),
(100, 4, 'Knee Skyline view', '300'),
(101, 4, 'Knee Joint Ap View', '300'),
(102, 4, 'Knee Joint LAT View', '300'),
(103, 4, 'Knee Joint both AP/ LAT', '600'),
(104, 4, 'Knee Joint Ap/ LAT/ Skyline', '350'),
(105, 4, 'Knee Tunnel & Skyline', '300'),
(106, 4, 'L.S. Spine Ap/ LAT ', '400'),
(107, 4, 'L.S. Spine both Oblique', '350'),
(108, 4, 'L.S. Spine LAT View', '300'),
(109, 4, 'Leg AP View', '300'),
(110, 4, 'Leg AP/ LAT', '350'),
(111, 4, 'Leg LAT View', '300'),
(112, 4, 'Mandibile AP/ LAT', '400'),
(113, 4, 'Mandibile AP/ Oblique', '400'),
(114, 4, 'Mastoid LAT Vie', '300'),
(115, 4, 'Mastoid Both Laws Views', '350'),
(116, 4, 'Maxillary Bone', '300'),
(117, 4, 'Maxillary Bone AP/ LAT', '500'),
(118, 4, 'Micturating Cystogram', '2000'),
(119, 4, 'Nasal bone AP View', '300'),
(120, 4, 'Nasal Bone AP/ LAT', '350'),
(121, 4, 'Nasal Bone LAT View', '300'),
(122, 4, 'Nasopharynx LAT View', '300'),
(123, 4, 'Neck AP View', '300'),
(124, 4, 'Neck AP/ LAT', '400'),
(125, 4, 'Neck Soft Tissue Lateral View', '300'),
(126, 4, 'Orbit AP/ LAT', '400'),
(127, 4, 'Orbit AP View', '300'),
(128, 4, 'Orbit LAT View', '300'),
(129, 4, 'Para Nasal Sinuses (PNS)', '300'),
(130, 4, 'Para Nasal Sinuses AP/ NAT', '800'),
(131, 4, 'Parotid Region ', '300'),
(132, 4, 'Patella Skyline View', '300'),
(133, 4, 'Pelvimetry Erect lateral ', '300'),
(134, 4, 'Pelvis AP View', '300'),
(135, 4, 'Pelvis AP / LAT', '400'),
(136, 4, 'Pituitary Fossa', '300'),
(137, 4, 'Radius Ulna AP / LAT', '350'),
(138, 4, 'S. I. Joint Both Obilque', '400'),
(139, 4, 'S. I. Joint Both AP/ LAT', '500'),
(140, 4, 'S. I. Joint AP/ LAT', '400'),
(141, 4, 'Sacrum AP / LAT', '400'),
(142, 4, 'Scapula AP /LAT', '400'),
(143, 4, 'Shoulder AP View', '300'),
(144, 4, 'Shoulder LAT View', '300'),
(145, 4, 'Shoulder Joint AP / LAT', '400'),
(146, 4, 'Skull AP View', '300'),
(147, 4, 'Skull AP / LAT', '400'),
(148, 4, 'Skull LAT View', '300'),
(149, 4, 'Sternum AP ', '300'),
(150, 4, 'Sternum AP & LAT View', '400'),
(151, 4, 'Sternum AP / LAT / Oblique', '600'),
(152, 4, 'T.M Joint AP / LAT', '400'),
(153, 4, 'T.M Joint Open & Closed Mouth', '400'),
(154, 4, 'Thigh AP/ LAT', '400'),
(155, 4, 'Thigh AP View', '300'),
(156, 4, 'Thigh LAT View', '300'),
(157, 4, 'Thoracic INLET', '300'),
(158, 4, 'Thumb AP / LAT', '350'),
(159, 4, 'Thumb LAT View', '300'),
(160, 4, 'Thumb AP View', '300'),
(161, 4, 'Tibia Fibula AP / LAT', '350'),
(162, 4, 'Toe AP View', '300'),
(163, 4, 'Toe AP / LAT', '350'),
(164, 4, 'Toe LAT View', '300'),
(165, 4, 'Skull Townes View', '300'),
(166, 4, 'Wrist AP / LAT Sacphoid View', '300'),
(167, 4, 'Wrist for Bone Age', '350'),
(168, 4, 'Wrist Joint AP View', '300'),
(169, 4, 'Wrist Joint AP / LAT', '350'),
(170, 4, 'Wrist Joints AP / LAT (Both)', '400'),
(171, 4, 'Wrist Joint LAT View', '300'),
(172, 4, 'Wrist Scaphoid View', '300'),
(173, 4, 'Thoracic Lumber Spine AP / LAT', '400'),
(174, 4, 'Pelvis With Both Hips', '300'),
(175, 4, 'Nose AP / LAT', '800'),
(176, 4, 'Nose AP View', '300'),
(177, 4, 'Nose Lat View', '300'),
(178, 4, 'T Tube Cholangiogram', '1800'),
(179, 4, 'IVP With Micturating Cystogram', '3000'),
(180, 4, 'Abdomen (Kub)', '350'),
(181, 4, 'Abdomen AP / Lat', '400'),
(182, 4, 'Abdomen Erect Position ', '300'),
(183, 4, 'Abdomen For Fetous One film ', '300'),
(184, 4, 'Adenoids', '300'),
(185, 4, 'Ankle Joint AP & LAT (RT)', '350'),
(186, 4, 'Ankle Joint AP View(RT)', '300'),
(187, 4, 'Ankle Joint LAT View (RT)', '300'),
(188, 4, 'Ankle Joint Both AP / LAT', '350'),
(189, 4, 'Arm AP / LAT', '350'),
(190, 4, 'BA. Followthrough', '2400'),
(191, 4, 'BA. Enema Double Contras', '3500'),
(192, 4, 'BA. Meal Follow Through', '3000'),
(193, 4, 'BA. Swallow & Meal ', '3000'),
(194, 4, 'Barium Meal ', '2000'),
(195, 4, 'Barium Swallow', '1500'),
(196, 4, 'Calcanium  AP View', '300'),
(197, 4, 'Calcanium LAT View', '300'),
(198, 4, 'Calcanium AP / LAT View', '350'),
(199, 4, 'Calcanium Both AP / LAT', '400'),
(200, 4, 'Cervical Spine AP View', '300'),
(201, 4, 'Cervical Spine AP / LAT/ Oblique', '600'),
(202, 4, 'Cervical Spine AP / LAT/ Open Mouth', '600'),
(203, 4, 'Cervical Spine LAT View ', '300'),
(204, 4, 'Chest LAT View', '300'),
(205, 4, 'Chest Oblique', '300'),
(206, 4, 'Chest AP/ Both LAT', '600'),
(207, 4, 'Chest AP View', '300'),
(208, 4, 'Cervical Spine Both Oblique', '400'),
(209, 4, 'Cervical Spine Left Oblique', '300'),
(210, 4, 'Cervical Spine Right Oblique', '300'),
(211, 4, 'Chest Both Oblique', '400'),
(212, 4, 'Dorsal Lumbar Spine AP/LAT Oblique', '600'),
(213, 4, 'Dorsal Lumbar Spine Both Oblique', '400'),
(214, 4, 'Gastrograffin Swallow', '2300'),
(215, 4, 'Heel AP view', '300'),
(216, 4, 'Illiac Bone AP / Oblique', '800'),
(217, 4, 'Mandible AP/ LAT', '800'),
(218, 4, 'Mastoid AP/LAT', '350'),
(219, 4, 'S.I. Joint both Oblique', '800'),
(220, 4, 'S.I. Joint AP / LAT', '800'),
(221, 4, 'Skeletal Survey ', '4000'),
(222, 4, 'Chest PA & LAT', '400'),
(223, 4, 'Clavicle AP View', '300'),
(224, 4, 'Clavical AP / LAT', '400'),
(225, 1, 'BLEEDING TIME (BT)', '100'),
(226, 7, 'Hostpital Room Service Charges', '3000'),
(227, 0, '0', '0'),
(228, 4, 'Hip Joint AP / LAT', '400'),
(229, 4, 'Clavical LAT View', '300'),
(230, 4, 'Clavical Oblique', '300'),
(231, 4, 'Coccyx Joint AP   ', '300'),
(232, 4, 'Coccyx Joint AP / LAT   ', '400'),
(233, 4, 'Coccyx Joint LAT   ', '300'),
(234, 4, 'Dorsal Lumber Spine AP /LAT', '400'),
(235, 4, 'Dorsal Spine LAT View', '300'),
(236, 4, 'Dorsal Spine AP View', '300'),
(237, 4, 'Dorsal Spine AP/ LAT', '400'),
(238, 4, 'Elbow for Bone Age', '350'),
(239, 4, 'Elbow Joint AP View', '300'),
(240, 4, 'Lumber Sacral Spine AP /LAT', '400'),
(241, 4, 'Elbow Joint AP/ LAT', '350'),
(242, 4, 'Elbow Joint LAT View', '300'),
(243, 4, 'Elbow Joint Both AP / LAT', '600'),
(244, 4, 'Femur AP / LAT', '400'),
(245, 4, 'Femur AP View', '300'),
(246, 4, 'Femur LAT View', '300'),
(247, 4, 'Fistulogram', '1600'),
(248, 4, 'Foot AP View', '300'),
(249, 4, 'Foot AP / LAT (RT, LT)', '350'),
(250, 4, 'Foot LAT View', '300'),
(653, 4, 'Feet Both AP / LAT', '400'),
(252, 4, 'For arm AP View', '300'),
(651, 4, 'Forearm AP / LAT', '350'),
(254, 4, 'Forearm AP / LAT / Oblique', '400'),
(255, 4, 'For arm LAT View ', '300'),
(256, 4, 'Gastrograffin Meal', '2300'),
(258, 4, 'Hand AP / LAT', '350'),
(259, 4, 'Hand AP View', '300'),
(260, 4, 'Hand Both Oblique ', '350'),
(261, 4, 'Hand LAT View', '300'),
(262, 4, 'Hand Oblique', '300'),
(645, 4, 'Para Nasal Sinuses AP/ LAT', '400'),
(264, 4, 'Heel AP / LAT', '350'),
(265, 4, 'Heel LAT View', '300'),
(266, 1, 'Heel Both AP View', '300'),
(267, 4, 'Heel Both LAT View', '300'),
(268, 4, 'Hip AP View', '300'),
(269, 4, 'Hip LAT View', '300'),
(270, 4, 'Hip Both AP / Frog', '350'),
(271, 4, 'Hips Joint Both AP / LAT', '500'),
(272, 4, 'IVP Limited ', '1800'),
(273, 6, 'Back Slab Leg', '1000'),
(274, 6, 'Complete Plaster Hand & For Arm', '800'),
(275, 6, 'Complete Plaster Leg', '1200'),
(277, 7, 'SKIN GRAPHTING (R) LEG', '1000'),
(278, 1, 'C.T (CLOTTING TIME)', '150'),
(279, 1, 'DIRECTS COOMBS', '300'),
(280, 1, 'FACTOR V11', '1600'),
(281, 1, 'FACTOR 1X', '1600'),
(282, 1, 'FIBRINOGEN', '1000'),
(283, 1, 'G-6PD (QUANTITAVE)', '1200'),
(284, 1, 'INDIRECT COOMBS', '350'),
(285, 1, 'MINOR BLOODING GROUPING(RED CELL PHENOTY', '3000'),
(286, 1, 'PLATELET AGGREGATION STUDIES', '500'),
(287, 1, 'RA FACTOR (RHEUMATOID ARTHRITIS)', '250'),
(288, 1, 'RA WITH TITRE', '250'),
(289, 1, 'RED CELL ANTIBODY SCREENING', '450'),
(290, 1, 'RED CELL ANTIBODY IDENTIFICATION', '600'),
(291, 1, 'RH ANTIBODY TITRE', '600'),
(292, 1, 'ABSOLUTE EOSINOPHIL COUNT', '150'),
(293, 1, 'ABSOLUTE VALUE', '150'),
(294, 1, 'ASCITIC FLUID D/R', '450'),
(325, 1, 'ASCITIC FLUID D/R +ALBUMIN', '180'),
(296, 1, 'BONE MARROW ASPIRATION D/R', '1200'),
(297, 1, 'BONE MARROW ASPIRATION (NO IMMUNE-MARKER', '1500'),
(298, 1, 'BONE MARROW BIOPSY (TREPHINE)', '3000'),
(299, 1, 'C-PEPTIDE', '1500'),
(300, 1, 'CSF D/R(CEREBROSPINAL FLUID)', '450'),
(301, 1, 'CSF FOR CELL COUNT', '450'),
(302, 1, 'DLC (DIFFERENTAL LEUCOCYTE COUNT)', '180'),
(303, 1, 'FLUID D/R', '450'),
(304, 1, 'FLUID FOR DIFFRENTIAL COUNT', '180'),
(305, 1, 'HB ELECTROPHORESIS', '1300'),
(306, 1, 'PCV (AUTO ANALYZAR)', '150'),
(307, 1, 'PERETONIAL FLUID D/R+ALBUMIN', '450'),
(308, 1, 'PERITONEAL FLUID D/R', '450'),
(309, 1, 'PERITIONEAL FLUID D/R+AFB+GRAM STAIN', '450'),
(310, 1, 'PLEURAL FLUID D/R', '450'),
(311, 1, 'PLEURAL FLUID D/R +AFB+GRAM STAIN', '450'),
(312, 1, 'PLEURAL FLUID FOR C/S', '550'),
(313, 1, 'SEMEN ANALYSIS', '400'),
(314, 1, 'SYNOVIAL FLUID FOR D/R', '450'),
(315, 1, ' ABGS-ARTERIAL BLOOD GASES', '500'),
(316, 1, 'ACTH(ADRENO CORTICO TROPIC HORMONE)', '2640'),
(317, 1, 'ALBUMIN', '150'),
(318, 1, 'ALKALINE PHOSPHATASE', '150'),
(319, 1, 'ALPHA FETO PROTIEN (AFP)', '3000'),
(320, 1, 'ALDOLASE', '1040'),
(321, 1, 'AMYLASE', '350'),
(322, 1, 'ANTI CCP', '1500'),
(323, 1, 'ASCITIC FLUID D/R', '450'),
(324, 1, 'ASCITIC FLUID D/R +AFB', '450'),
(326, 1, 'ASCITIC FLUID FOR PROTIEN', '200'),
(327, 1, 'ASCITIC FLUID FOR TRIGLYCERIDES', '250'),
(328, 1, 'ASOT(ANTI STREPTOLYSIN O TITER)', '350'),
(329, 1, 'B-12 (VITAMIN B-12)', '1000'),
(330, 1, 'BICARBONATE', '300'),
(331, 1, 'BUN (BLOOD UREA NITROGEN)', '150'),
(332, 1, 'CA-125 (CANCER ANTIGEN-125)', '1400'),
(333, 1, 'CALCIUM CREATININE RATIO', '300'),
(334, 1, 'CARDIAC ENZYMES', '600'),
(335, 1, 'CARDIAC ENZYME WITH CKMB', '900'),
(336, 1, 'CEA (CARCINOEMBRYONIC ANTIGEN)', '2000'),
(337, 1, 'CHLORIDE', '300'),
(338, 1, 'CK-MB', '300'),
(339, 1, 'CORTISOL', '900'),
(340, 1, 'CPK (CREATININE PHOSPHO KINASE)', '250'),
(341, 1, 'CSF FOR PROTIEN', '200'),
(342, 1, 'D-DIMER', '840'),
(343, 1, 'ESRTADIOL', '700'),
(344, 1, 'ESTROGEN RECEPTOR &PROGESTERON; RECEPTOR', '4000'),
(345, 1, 'FERRITIN', '700'),
(346, 1, 'FLUID FOR ALBUMIN', '180'),
(347, 1, 'FLUID FOR AMYLASE', '250'),
(348, 1, 'FLUID FOR BILURIBIN', '300'),
(349, 1, 'FLUID FOR CREATININE', '180'),
(350, 1, 'FLUID FOR CYTOLOGY', '500'),
(351, 1, 'FLUID FOR LIPASE', '300'),
(352, 1, 'FLUID FOR URIC ACID', '180'),
(353, 1, 'FOLIC ACID', '1000'),
(354, 1, 'FREE T3', '500'),
(355, 1, 'FREE T4', '500'),
(356, 1, 'GCT (GLUCOSE CHALLENGE TEST)GESTATIONAL', '300'),
(357, 1, 'GCT(GLUCOSE CHALLENGE TEST)NON-GESTATION', '300'),
(358, 1, 'GROWTH HORMONE', '1200'),
(359, 1, 'GROWTH HORMONE (STIMULATION TEST)', '4800'),
(360, 1, 'GTT (GESTATIONAL) 2HRS', '500'),
(361, 1, 'GTT GESTATIONAL) 3HRS', '700'),
(362, 1, 'GTT (NON-GESTATIONAL) 2HRS', '500'),
(363, 1, 'HBA1C (GLYCOSYLATED HEMOGLOBIN)', '650'),
(364, 1, 'HBc IgM', '1560'),
(365, 1, 'HDL (HIGH DENSITY LIPOPROTIENS)', '250'),
(366, 1, 'HELICOBACTER PYLORI ANTIBODY (CLIA)', '800'),
(367, 1, 'HSCRP', '950'),
(368, 1, 'LDH (LACTATE DEHYDROGENASE)', '200'),
(369, 1, 'LDL(LOW DENSITY LIPOPROTIENS)', '250'),
(370, 1, 'LEISHMANIA BODIES', '250'),
(371, 1, 'LIPASE', '600'),
(372, 1, 'LITHIUM', '350'),
(373, 1, 'LIVER ABSCESS D/R', '450'),
(374, 1, 'LP FLUID D/R (LUMBER PUNCTURE)', '450'),
(375, 1, 'MAGNESIUM', '200'),
(376, 1, 'N/G ASPIRATION D/R', '450'),
(377, 1, 'OGTT FOR GROWTH HORMONE SUPRESSION', '5500'),
(378, 1, 'PLEURAL FLUID FOR CHOLESTEROL', '180'),
(379, 1, 'PLEURAL FLUID FOR D/R+ALBUMIN', '500'),
(380, 1, 'PLEURAL FLUID FOR PROTEIN', '180'),
(381, 1, 'PLEURAL FLUID FOR TRIGLYCERIDES', '250'),
(382, 1, 'PROSTATIC FLUID FOR D/R', '400'),
(383, 1, 'PROSTATIC MASSAGE C/S', '550'),
(384, 1, 'PROTEIN', '150'),
(385, 1, 'PROTEIN A/G RATIO', '200'),
(386, 1, 'PROTEIN ELECTROPHORSIS', '1100'),
(387, 1, 'RBC FOLATE', '1380'),
(388, 1, 'SERUM BHCG', '800'),
(389, 1, 'SERUM BHCG (URGENT)', '1500'),
(390, 1, 'SERUM FSH', '600'),
(391, 1, 'SERUM INSULIN', '1000'),
(392, 1, 'SERUM IRON ', '300'),
(393, 1, 'SERUM LEPTIN', '1000'),
(394, 1, 'SERUM LH', '600'),
(395, 1, 'SERUM PROGESTERONE', '1100'),
(396, 1, 'SERUM PROLACTIN', '650'),
(397, 1, 'SERUM TESTOSTERONE', '900'),
(398, 1, 'SERUM TSH', '500'),
(399, 1, 'SGOT', '150'),
(400, 1, 'SHORT SYNACTEN', '5000'),
(401, 1, 'THYROID PROFILE', '1500'),
(402, 1, 'TIBC (TOTAL IRON BINDNING CAPACITY)', '300'),
(403, 1, 'TRIGLYCERIDES', '250'),
(404, 1, 'URINARY PROTEIN/CREATININE RATIO(SPOT SA', '200'),
(405, 1, 'URINE (MICRO ALBUMIN)', '300'),
(406, 1, 'URINE FOR 24 HRS SODIUM', '350'),
(407, 1, 'URINE FOR 24 HRS CREATININE', '180'),
(408, 1, 'URINE FOR 24 HRS MAGNESSIUM', '250'),
(409, 1, 'URINE FOR 24 HRS MICROALBUMIN', '300'),
(410, 1, 'URINE FOR 24 HRS PROTEIN', '200'),
(411, 1, 'URINE FOR 24 HRS CREATININE CLEARANCE', '400'),
(412, 1, 'URINE FOR 24 HOURS PHOSPHORUS', '180'),
(413, 1, 'URINE FOR 24 HOURS UREA', '180'),
(414, 1, 'URINE FOR ALBUMIN (SPOT URINE)', '180'),
(415, 1, 'URINE FOR AMYLASE(SPOT URINE)', '250'),
(416, 1, 'URINE FOR CALCIUM(SPOT URINE)', '180'),
(417, 1, 'URINE FOR CREATININE(SPOR URINE)', '180'),
(418, 1, 'URINE FOR PHOSPHORUS(SPOT URINE)', '180'),
(419, 1, 'URINE FOR PROTEIN (SPOT URINE)', '180'),
(420, 1, 'URINE FOR URIC ACID(SPOT URINE)', '180'),
(421, 1, 'URINE FOR 24HOURS URIC ACID', '180'),
(422, 1, 'ANTI ds DNA', '1000'),
(423, 1, 'ANTI GLIADIN lgA', '1600'),
(424, 1, 'ANTI GLIADIN IgG', '1600'),
(425, 1, 'ANTI TTG IgA', '1100'),
(426, 1, 'ANTI TGG IgG', '1100'),
(427, 1, 'BLOOD CULTURE& BACT/ALERT', '850'),
(428, 1, 'BLOOD CULTURE BACT/ALERT&#40;SA/SN&#41;', '850'),
(429, 1, 'BONE MARROW CULTURE', '850'),
(430, 1, 'CULTURE & SENSITIVTY', '550'),
(431, 1, 'DENGUE BY PCR', '4000'),
(432, 1, 'DENGUE IGA', '800'),
(433, 1, 'DENGUE VIRUS IgM (ELISA)', '1100'),
(434, 1, 'FUNGUS CULTURE', '500'),
(435, 1, 'FUNGUS DIRECT SMEAR', '250'),
(436, 1, 'GRAM STAIN+AFB SMEAR (EACH)', '250'),
(437, 1, 'HEPATITIS A ANTIBODY IgG', '1500'),
(438, 1, 'HEPATITIS A ANTIBODY IgM', '1500'),
(439, 1, 'HEPATITIS B CORE ANTIBODY IgM', '1500'),
(440, 1, 'HEPATITIS B CORE TOTAL', '1300'),
(441, 1, 'HEPATITIS B PROFILE', '9000'),
(442, 1, 'HEPATITIS B SURFACE ANTIBODY', '1000'),
(443, 1, 'HEPATITIS B VIRAL LOAD (QUANTITATIVE)', '7500'),
(444, 1, 'HEPATITIS Be ANTIBODY', '1500'),
(445, 1, 'HEPATITIS Be ANTIGEN (ELISA)', '1500'),
(446, 1, 'HEPATITIS C ANTIBODY', '1000'),
(447, 1, 'HEPATITIS C VIRUS VIRAL LOAD (QUANTITATI', '6000'),
(448, 1, 'HEPATITIS DELTA VIRUS ANTIBODY', '1550'),
(449, 1, 'HEPATITIS DELTA VIRUS VIRAL LOAD', '3500'),
(450, 1, 'HEPATITIS E VIRUS ANTIBODY IgG', '1500'),
(451, 1, 'HEPATITIS E VIRUS ANTIBODY IgM', '1500'),
(452, 1, 'HIV (ICT)', '450'),
(453, 1, 'HIV (HUMAN IMMUNODEFICIENCY VIRUS) ANTIB', '450'),
(454, 1, 'HSV BY PCR', '3500'),
(455, 1, 'HVS FOR C/S &WET; MOUNT', '550'),
(456, 1, 'HVS SMEAR/GRAM STAIN/WET MOUNT', '250'),
(457, 1, 'IgE', '700'),
(458, 1, 'MANTOUX TEST (MT)', '150'),
(459, 1, 'OCCULT BLOOD (STOOL)', '200'),
(460, 1, 'PREGNANCY TEST /HCG', '130'),
(461, 1, 'PUS FOR CYTOLOGY', '500'),
(462, 1, 'PUS FOR D/R (AFB&GRAM; STAIN)', '250'),
(463, 1, 'STOOL FOR REDUCING SUGAR', '100'),
(464, 1, 'RUBELLA IgG', '950'),
(465, 1, 'RUBELLA IgM', '950'),
(466, 1, 'SKIN SCRAPING FOR FUNGAL', '250'),
(467, 1, 'SPUTUM FOR CYTOLOGY', '500'),
(468, 1, 'SPUTUM FOR D/R(AFB+GRAM STAIN', '450'),
(469, 1, 'STOOL CULTURE AND SENSITIVTY', '500'),
(470, 1, 'STOOL FOR FAT GLOBULES', '100'),
(471, 1, 'STOOL FOR PH', '100'),
(472, 1, 'STOOL HELICOBACTER PYLORI ANTIGEN', '1100'),
(473, 1, 'THROAT SWAB FOR CULTURE AND SENSITIVTY', '550'),
(474, 1, 'THROAT SWAB FOR KLB SMEAR (GRAM STAIN)', '150'),
(475, 1, 'URETHERAL SMEAR FOR GRAM STAIN', '250'),
(476, 1, 'URINE FOR CULTURE &SENSITIVTY;', '500'),
(477, 1, 'URINE DETAIL REPORT', '100'),
(478, 1, 'URINE FOR KETONE BODIES', '100'),
(479, 1, 'V.D.R.L', '300'),
(480, 1, 'WIDAL', '250'),
(481, 1, 'BLOCK FOR IMMUNOHISTOCHEMISTRY', '5500'),
(482, 1, 'HER-2/NEU', '2300'),
(483, 1, 'HISTO BLOCK 2ND OPINION', '5500'),
(484, 1, 'HISTOPATHOLOGY BIOPSY LARGE', '1500'),
(485, 1, 'HISTOPATHOLOGY BIOPSY LARGE (SPECIMEN 2)', '1500'),
(486, 1, 'HISTOPATHOLOGY BIOPSY LARGE (SPECIMEN3)', '1500'),
(487, 1, 'HISTOPATHOLOGY BIOPSY LARGE (SPECIMEN 4)', '1500'),
(488, 1, 'HISTOPATHOLOGY BIOPSY LARGE (SPECIMEN 5)', '1500'),
(489, 1, 'HISTOPATHOLOGY BIOPSY LARGE (SPECIMEN 6)', '1500'),
(490, 1, 'HISTOPATHOLOGY BIOPSY SMALL', '1200'),
(491, 1, 'HISTOPATHOLOGY BIOPSY SMALL ( SPECIMEN2)', '1200'),
(492, 1, 'HISTOPATHOLOGY BIOPSY SMALL (SPECIMEN3)', '1200'),
(493, 1, 'HISTOPATHOLOGY BIOPSY SMALL (SPECIMEN4)', '1200'),
(494, 1, 'HISTOPATHOLOGY BIOPSY SMALL (SPECIMEN5)', '1200'),
(495, 1, 'HISTOPATHOLOGY BIOPSY SMALL (SPECIMEN6)', '1200'),
(496, 1, 'IMMUNO MARKER 1', '2300'),
(497, 1, 'IMMUNOHISTO MARKER-PANEL', '5500'),
(498, 1, 'SLIDE GIVEN TO PATIENT', '460'),
(499, 1, 'SLIDES FOR 2ND OPINION', '950'),
(500, 1, 'SLIDES PREPARATION', '300'),
(501, 1, 'SLIDES PREPARATION FROM BLOCK HISTOPATHL', '460'),
(502, 1, 'BRAIN FLUID FOR CYTOLOGY', '500'),
(503, 1, 'CYTOLOGY', '500'),
(504, 1, 'FNA WITH PROCEDURE', '1500'),
(505, 1, 'FNA WITHOUT PROCEDURE', '1000'),
(506, 1, 'PAP SMEAR CYTOLOGY', '500'),
(507, 1, 'PAP SMEAR WITH PROCEDURE', '920'),
(508, 1, 'URINE FOR CYTOLOGY', '500'),
(509, 1, 'ANA PROFILE&#40;ANA,AMMA,ASMA&#41;', '1100'),
(510, 1, 'HBV DNA DETECTION BY PCR (QUALITATIVE)', '2800'),
(511, 1, 'HCV GENOTYPING', '6500'),
(512, 1, 'HCV GENOTYPING SUBTYPE', '4900'),
(513, 1, 'HCV RNA DETECTION BY PCR (QUALITATIVE)', '3000'),
(514, 1, 'HEPATITIS C VIRUS VIRAL LOAD (QUANTITATI', '6000'),
(515, 1, 'MTB PCR', '2480'),
(516, 1, 'AFB CULTURE & SENSITIVTY', '2300'),
(517, 1, 'AFB SMEAR', '150'),
(518, 1, 'WATER BACTERRIOLOGY', '1100'),
(519, 9, 'I.C.U Bed', '3500'),
(520, 9, 'Vantilator ICU', '5000'),
(521, 9, 'Oxygen  @ per hour', '150'),
(522, 9, 'Nursing Charges ICU', '900'),
(523, 9, 'N.I.C.U (Incubator )', '2000'),
(524, 9, 'Vantilator NICU', '4000'),
(525, 9, 'Nursing Charges NICU', '600'),
(526, 9, 'Blood Transfusion NICU', '500'),
(527, 9, 'Phototherapy NICU', '500'),
(528, 9, 'RMO Charges', '600'),
(529, 9, 'Dressing  Under GA', '4000'),
(530, 9, 'Dressing  Under LA in OT', '1500'),
(531, 9, 'Nursing Charges ', '300'),
(532, 9, '1000 ml Drip', '700'),
(533, 9, '500 ml Drip', '350'),
(534, 9, '100 ml Drip', '100'),
(535, 9, 'ECG', '250'),
(536, 9, 'Infusion 200 ml', '150'),
(537, 9, 'Stich', '70'),
(538, 9, 'Blood Transfusion', '700'),
(539, 9, 'Back Slab hand & for arm by RMO', '500'),
(540, 9, 'Back Slab Leg by RMO', '1000'),
(541, 9, 'Complete Plaster Hand BY RMO', '800'),
(542, 9, 'Complete Plaster Leg  By  RMO', '1200'),
(543, 9, 'POP Under L.A by RMO', '1500'),
(544, 9, 'POP Under G.A', '6000'),
(674, 9, 'RMO Charges ICU', '1200'),
(672, 9, 'Oxygen 12 Hrs', '1800'),
(549, 9, 'Casualty  By RMO', '100'),
(550, 9, 'Consultant ', '300'),
(551, 9, 'Injection I/M', '50'),
(552, 9, 'Injection I/V', '50'),
(659, 6, 'Suction', '100'),
(555, 9, 'B.P Check Up', '50'),
(556, 9, 'Dressing Small', '100'),
(557, 9, 'Dressing Medium', '200'),
(558, 9, 'Dressing Large', '300'),
(559, 9, 'Nebulization', '100'),
(560, 9, 'Passing N/G Tube', '300'),
(561, 9, 'Passing Foly''s Catheter', '200'),
(562, 9, ' I/V Section', '300'),
(563, 9, 'Enema ', '0'),
(564, 9, 'RBS Glucometer Urgent', '80'),
(565, 9, ' I/V Injection Venofer', '300'),
(566, 10, 'N.Delivery (1 Day) G.W (R.M.O)', '7100'),
(567, 10, 'N.Delivery (1 Day) S.P, NON AC (R.M.O)', '7100'),
(568, 10, 'N.Delivery (1 Day) S.P, AC (R.M.O)', '7100'),
(569, 10, 'N.Delivery  (1 Day ) Pvt, AC (R.M.O)', '7100'),
(570, 10, 'D&C , D&E. (1 Day) G.W (R.M.O)', '6500'),
(571, 10, 'D&C , D&E. (1 Day) S.P, NON AC (RMO)', '6500'),
(572, 10, 'D&C , D&E. (1 Day) S.P, AC (R.M.O)', '6500'),
(573, 10, 'D&C , D&E. (1 Day) Pvt, AC (R.M.O)', '6500'),
(574, 10, 'N.Delivery (1 Day) G.W (Consultant)', '5100'),
(575, 10, 'N.Delivery (1 Day) S.P, NON AC (Consulta', '5100'),
(576, 10, 'N.Delivery (1 Day ) S.P, AC (Consultant)', '5100'),
(577, 10, 'N.Delivery (1 Day  )  Pvt, AC (Consultan', '5100'),
(578, 10, 'Cesarean   (3 Days) G.W', '12100'),
(579, 10, 'Cesarean  (3 Days) S.P, NON AC', '12100'),
(580, 10, 'Cesarean  (3 Days) S.P, AC', '12100'),
(581, 10, 'Cesarean  (3 Days) Pvt, AC', '12100'),
(582, 10, 'Cesarean Twins (3 Days) G.W', '12100'),
(583, 10, 'Cesarean Twins (3 Days) S.P, NON AC', '12100'),
(584, 10, 'Cesarean Twins (3 Days) S.P, AC', '12100'),
(585, 10, 'Cesarean Twins (3 Days) Pvt, AC', '12100'),
(586, 10, 'Elective Cesarean (3 Days) G.W', '12100'),
(587, 10, 'Elective Cesarean (3 Days) S.P, NON AC', '12100'),
(588, 10, 'Elective Cesarean (3 Days) S.P, AC', '12100'),
(589, 10, 'Elective Cesarean (3 Days ) Pvt, AC', '12100'),
(590, 10, 'Suction+Tubal Ligation (3 Days) G.W', '12100'),
(591, 10, 'Suction+Tubal Ligation (3 Days) S.P, Non', '12100'),
(592, 10, 'Suction+Tubal Ligation (3 Days) S.P AC ', '12100'),
(593, 10, 'Suction+Tubal Ligation (3 Days) Pvt, AC', '12100'),
(594, 10, 'D&C , D&E. (1Day) G.W (Consultant)', '4500'),
(595, 10, 'D&C , D&E. (1Day) S.P, NON AC (Consultan', '4500'),
(596, 10, 'D&C , D&E. (1 Day) S.P, AC (Consultant)', '4500'),
(597, 10, 'D&C , D&E. (1 Day) Pvt  AC (Consultant)', '4500'),
(598, 10, 'Hysterectomy/MYOMECTOMY (3Days) G.W', '17100'),
(599, 10, 'Hysterectomy/MYOMECTOMY (3Days) S.P, NON', '17100'),
(600, 10, 'Hysterectomy/MYOMECTOMY (3Days) S.P, AC', '17100'),
(601, 10, 'Hysterectomy/MYOMECTOMY (3Days) Pvt, AC', '17100'),
(602, 10, 'MANCHESTER REPAIR  (3Days) G.W', '17100'),
(603, 10, 'MANCHESTER REPAIR  (3Days) S.P, NON AC', '17100'),
(604, 10, 'MANCHESTER REPAIR  (3Days) S.P, AC', '17100'),
(605, 10, 'MANCHESTER REPAIR  (3Days) Pvt, AC', '17100'),
(606, 6, 'Random Blood Sugar', '80'),
(607, 6, 'Stiches 2', '140'),
(614, 9, 'Advance Deposit', '0'),
(609, 6, 'Stiches 4', '280'),
(610, 6, 'Stiches 5', '350'),
(611, 6, 'Stiches 6', '420'),
(612, 6, 'Stiches 7', '490'),
(613, 6, 'Stiches 3', '210'),
(615, 9, 'Dr syed M Ahmed Masood', '500'),
(616, 6, 'Closre Of Wound Upper Lip', '1000'),
(624, 9, 'POP Back Slab Both Hand', '2000'),
(618, 9, 'Surgeon Charges', '15000'),
(631, 4, 'Portable X Ray', '500'),
(620, 10, 'Forceps / Vacume Breech (1 Day) G.W     ', '8100'),
(621, 10, 'Forceps / Vacume Breech (1 Day) S.P, Non', '8100'),
(622, 10, 'Forceps / Vacume Breech (1 Day )S.P,  AC', '8100'),
(623, 10, 'Forceps / Vacume Breech (1 Day  )  Pvt A', '8100'),
(625, 9, 'Surgen Charges', '12000'),
(626, 9, 'Aneasthatist Charges', '3500'),
(627, 9, 'OT 2 Charges', '5000'),
(628, 9, 'OT 3 Charges', '5000'),
(629, 9, 'OT 1 Gyne Charges', '5000'),
(630, 9, 'Labour Room Charges', '2000'),
(632, 9, 'Dressing Charges', '500'),
(671, 9, 'Oxygen 18 Hrs', '2700'),
(634, 6, 'Washing', '300'),
(635, 9, 'Consultant Charges', '500'),
(636, 6, 'Observation Charges', '1000'),
(637, 6, 'Plaster Remove', '300'),
(638, 6, 'Remove Stiches', '100'),
(639, 6, 'I/V Ijection venofer', '300'),
(646, 9, 'Dr Abdul Rasheed', '600'),
(642, 4, 'Abdomen AP ', '300'),
(643, 4, 'Barium Enema', '2000'),
(644, 4, 'Cervical Spine AP / LAT', '400'),
(647, 9, 'Dr Abdul Rasheed', '300'),
(648, 9, 'Oxygen 3 Days (36 Hrs)', '5400'),
(649, 6, 'Observation', '100'),
(650, 9, 'Dr.Ozma Khalid Consultant', '600'),
(652, 4, 'Feet Both AP / LAT', '400'),
(656, 9, 'Dressing O.T 2', '500'),
(657, 9, 'Emergency Charges', '300'),
(660, 11, 'Whole Abdomen', '650'),
(661, 11, 'Upper Abdomen', '600'),
(662, 11, 'Lower Abdomen ( KUB)', '550'),
(663, 11, 'PELVIS', '300'),
(664, 11, 'Fetal Weil Being (FWB)', '300'),
(665, 11, 'Transvaginal Ultrasound (TVS)', '1000'),
(666, 11, 'Prostat', '600'),
(667, 9, 'Oxygen 15 Hours', '2250'),
(668, 9, 'R.O.D & Dressing', '500'),
(669, 9, 'Oxygen 24 Hours', '3600'),
(670, 9, 'Nebulization, 7 Times', '700'),
(675, 4, 'Nasir', '300');

-- --------------------------------------------------------

--
-- Table structure for table `diagnostictype`
--

CREATE TABLE `diagnostictype` (
  `diagnostictype_id` int(11) NOT NULL,
  `name` varchar(50) DEFAULT NULL,
  `ratio` int(11) DEFAULT NULL
) ENGINE=MyISAM DEFAULT CHARSET=latin1;

--
-- Dumping data for table `diagnostictype`
--

INSERT INTO `diagnostictype` (`diagnostictype_id`, `name`, `ratio`) VALUES
(1, 'Laboratory', 70),
(9, 'IPD Services', 30),
(4, 'X-Rays', 0),
(6, 'Emergency', NULL),
(11, 'Ultrasound', 50),
(10, 'IPD Delivery', NULL),
(12, 'o.p.d', 2);

-- --------------------------------------------------------

--
-- Table structure for table `discounts`
--

CREATE TABLE `discounts` (
  `id` int(10) UNSIGNED NOT NULL,
  `discount` int(11) DEFAULT NULL,
  `patient_reg_no` varchar(20) DEFAULT NULL,
  `datetime` datetime DEFAULT NULL
) ENGINE=InnoDB DEFAULT CHARSET=latin1;

--
-- Dumping data for table `discounts`
--

INSERT INTO `discounts` (`id`, `discount`, `patient_reg_no`, `datetime`) VALUES
(1, 5550, 'MR-1410-0197', '2014-11-06 00:00:00'),
(2, 6000, 'MR-1411-0727', '2014-11-05 00:00:00'),
(3, 5650, 'MR-1411-0871', '2014-11-10 00:00:00'),
(4, 1300, 'MR-1411-0885', '2014-11-10 00:00:00'),
(5, 200, 'MR-1411-0885', '2014-11-10 00:00:00'),
(6, 7250, 'MR-1411-0872', '2014-11-11 00:00:00'),
(7, 3600, 'MR-1411-0844', '2014-11-12 00:00:00'),
(8, 300, 'MR-1411-0898', '2014-11-13 00:00:00'),
(9, 4450, 'MR-1411-1009', '2014-11-17 00:00:00'),
(10, 13500, 'MR-1411-1052', '2014-11-26 00:00:00'),
(11, 2080, 'MR-1411-1052', '2014-11-26 00:00:00'),
(14, 11200, 'MR-1411-1193', '2014-11-29 00:00:00'),
(15, 800, 'MR-1411-1293', '2014-11-29 00:00:00'),
(16, 30, 'MR-1412-0101', '2014-12-18 00:00:00'),
(17, 1, 'MR-1412-1295', '2015-09-30 00:00:00');

-- --------------------------------------------------------

--
-- Table structure for table `doctor`
--

CREATE TABLE `doctor` (
  `doctor_id` int(11) NOT NULL,
  `name` longtext CHARACTER SET utf8 COLLATE utf8_unicode_ci NOT NULL,
  `email` longtext CHARACTER SET utf8 COLLATE utf8_unicode_ci NOT NULL,
  `password` longtext CHARACTER SET utf8 COLLATE utf8_unicode_ci NOT NULL,
  `address` longtext CHARACTER SET utf8 COLLATE utf8_unicode_ci NOT NULL,
  `phone` longtext CHARACTER SET utf8 COLLATE utf8_unicode_ci NOT NULL,
  `doj` varchar(100) DEFAULT NULL,
  `ratio` longtext,
  `department_id` int(11) NOT NULL,
  `speciality_id` int(11) NOT NULL,
  `created_by` varchar(40) DEFAULT NULL
) ENGINE=MyISAM DEFAULT CHARSET=latin1;

--
-- Dumping data for table `doctor`
--

INSERT INTO `doctor` (`doctor_id`, `name`, `email`, `password`, `address`, `phone`, `doj`, `ratio`, `department_id`, `speciality_id`, `created_by`) VALUES
(30, 'shoaib shamsi', '0', '0', 'shamsi socity', '000006788', '08/18/2016', '5', 15, 0, 'admin'),
(2, 'shoaib', '0', '0', 'Flat # 2, Block # 13, F.B Area', '03333597945', '07/09/2014', '0', 2, 1, 'admin'),
(3, 'Dr Baligh Ud Din RMO', '0', '0', 'F-7 Raza Square Gulshan Iqbal', '03322682910', '09/19/2014', '', 2, 1, 'admin'),
(4, 'Dr Riaz Ahmed Khawer RMO', '0', '0', 'H#43, Block#17, F.B Area', '03152345977', '09/19/2014', '', 2, 1, 'admin'),
(5, 'Dr Syed M Khalid Junaid RMO', '0', '0', '', '03082932891', '09/21/2014', '', 2, 1, 'admin'),
(6, 'Dr Khalid MS', '0', '0', 'fb area khi', '0333-2219582', '08/01/2014', '70', 10, 14, 'admin'),
(7, 'Dr Ozma Khalid', '0', '0', 'fb area khi', '0300-2700771', '08/01/2014', '70', 9, 13, 'admin'),
(8, 'Dr Ghazala Nasim', 'admin@rmcgo.com', 'admin', 'fb area khi', '0321-8780429', '08/01/2014', '70', 9, 13, 'Sheraz baig'),
(9, 'Dr Syed M Ahmed Masood', '0', '0', 'fb area khi', '0333-3175441', '08/01/2014', '70', 10, 14, 'admin'),
(10, 'Dr Abdul Rasheed', '0', '0', 'fb area khi', '0333-2238803', '08/01/2014', '70', 12, 15, 'admin'),
(11, 'Dr Mudassir', 'mudassir@rmcgo.com', 'mudassir', '', '', '09/25/2014', '0', 10, 14, 'Tehmina qazi'),
(12, 'Dr Saima Jafri RMO', '0', '0', 'F B AREA BL 12', '03452477944', '09/27/2014', '', 2, 1, 'admin'),
(13, 'Dr Fehmida Shahab', '0', '0', 'House # 459, block-13, f.b area karachi', '03332181940', '10/11/2014', '70', 9, 13, 'admin'),
(14, 'Dr Syeda Abida Raza', '0', '0', 'House# B-517, block-13,f.b area', '03232134884', '10/17/2014', '70', 12, 15, 'admin'),
(15, 'Dr Naseem Asif', '0', '0', '2-d, 2-9, Nazimabad No 2, Karachi', '03322315943', '10/01/2014', '70', 9, 13, 'admin'),
(16, 'Dr Ajmaal Jami', '0', '0', 'B-708, block 13, Gulberg FB Area', '03213494249', '10/01/2014', '70', 3, 0, 'admin'),
(17, 'Dr S Sultan Ali', '0', '0', 'A-228/x/6, Gulshan e Maymar Karachi', '03002143269', '10/01/2014', '70', 13, 0, 'admin'),
(18, 'Dr Rehana Rizwan', '0', '0', 'A-29, Sector 11-A, North Karachi', '03343702809', '11/01/2014', '70', 9, 13, 'admin'),
(19, 'Dr Mahmood Ahmad Khan', '0', '0', 'C-192, Block-10, FB Area Karachi', '0300-2700275', '11/01/2014', '70', 13, 19, 'admin'),
(20, 'Dr Erum Kazim', '0', '0', '', '0333-2323808', '11/12/2014', '70', 13, 19, 'admin'),
(21, 'Dr Misbah Noureen', '0', '0', 'B-198, Block # 13, FB Area Karachi', '0321-2313343', '11/18/2014', '70', 9, 13, 'admin'),
(23, 'Dr Shafaq Faisal Sonologest', '0', '0', 'B-298 Block 13-FB Aria Karachi', '03332387309', '11/24/2014', '50', 16, 20, 'admin'),
(24, 'Dr Nusrat Mubashir Sonologest', '0', '0', 'B-204 Block 11   F B Atia Karachi', '03323084355', '11/17/2014', '50', 16, 20, 'admin'),
(25, 'Dr. Prof Zubair Ahmed Abbasi', '0', '0', 'BLOCK 13', '1234567', '11/01/2014', '70', 17, 21, 'admin'),
(26, 'Dr Syed M Ahmed Masood    Emergency Visit', '0', '0', 'fb area khi', '0333-3175441', '11/01/2014', '70', 10, 14, 'admin'),
(28, 'Dr Asim', 'demodoctor@gmail.com', 'demo', 'Nazmabad', '123456789', '01/01/2015', '80', 7, 18, 'admin'),
(29, 'Saleem', '0', '0', 'Saleem', '54674356', '07/10/1985', '76', 4, 11, 'admin');

-- --------------------------------------------------------

--
-- Table structure for table `email_template`
--

CREATE TABLE `email_template` (
  `email_template_id` int(11) NOT NULL,
  `task` longtext CHARACTER SET latin1 NOT NULL,
  `subject` longtext CHARACTER SET latin1 NOT NULL,
  `body` longtext CHARACTER SET latin1 NOT NULL
) ENGINE=MyISAM DEFAULT CHARSET=utf8 COLLATE=utf8_unicode_ci;

-- --------------------------------------------------------

--
-- Table structure for table `employee`
--

CREATE TABLE `employee` (
  `employee_id` int(7) NOT NULL,
  `emp_name` varchar(50) DEFAULT NULL,
  `dept` varchar(50) DEFAULT NULL
) ENGINE=MyISAM DEFAULT CHARSET=latin1;

--
-- Dumping data for table `employee`
--

INSERT INTO `employee` (`employee_id`, `emp_name`, `dept`) VALUES
(2, 'DR.SHABNAM', 'sonologist'),
(3, 'DR.DARAKSHAN', 'sonologist'),
(4, 'DR.ZUBAIDA', 'RMO'),
(5, 'DR.SANA', 'RMO'),
(6, 'DR.SHAZIA', 'RMO'),
(7, 'NAVED ELAHI', 'accounts'),
(8, 'MUMTAZ', 'cashier'),
(9, 'FAISAL', 'inventory controller'),
(10, 'ANEEL', 'sales officer'),
(11, 'FAYYAZ', 'administration'),
(12, 'ADEEL', 'administration'),
(13, 'FEHMIDA', 'female staff nurses IPD'),
(14, 'UZMA', 'female staff nurses IPD'),
(15, 'KOUSER', 'female staff nurses IPD'),
(16, 'RUKHSANA NASIR', 'female staff nurses IPD'),
(17, 'SEHRISH', 'female staff nurses IPD'),
(18, 'SOFIA ', 'female staff nurses IPD'),
(19, 'GHAZALA', 'female staff nurses IPD'),
(20, 'SHEHLA', 'female staff nurses IPD'),
(21, 'AFSHAN', 'female staff nurses IPD'),
(22, 'UZMA AZEEM', 'female staff nurses IPD'),
(23, 'MOMAL', 'junior staff nurse IPD'),
(24, 'SHAZIA STAFF', 'female staff nurses OPD'),
(25, 'SARAFEEN', 'female staff nurses OPD'),
(26, 'ANJUM STAFF', 'male staff nurse IPD'),
(27, 'KHURRAM', 'male staff nurse IPD'),
(28, 'SHIRAZ', 'male staff nurse IPD'),
(29, 'MOHAMMAD ALI', 'male OPD staff'),
(30, 'SALEEM', 'male OPD staff'),
(31, 'ASIF RAZA', 'OT technicians'),
(32, 'ALEEM', 'OT technicians'),
(33, 'SAMREEN', 'OT technicians'),
(34, 'ARIF RANA', 'OT technicians'),
(35, 'ARBAB ALAM ', 'OT technicians'),
(36, 'YOUHANA', 'patient relationship officer'),
(37, 'KHASIF', 'front desk'),
(38, 'FATIMA', 'front desk'),
(39, 'SOHAIB AHMED', 'front desk'),
(40, 'TAYYAB', 'front desk'),
(41, 'AREEBA', 'front desk'),
(42, 'OWAIS', 'electrician-AC technician'),
(43, 'KAMRAN', 'electrician-AC technician'),
(44, 'UMER', 'Lab Staff'),
(45, 'GOHER', 'Lab Staff'),
(46, 'AMIR', 'Lab Staff'),
(47, 'AYAZ', 'Lab Staff'),
(48, 'MUNEER', 'Housekeeping'),
(49, 'NAEEM', 'Housekeeping'),
(50, 'MEHNAZ', 'Housekeeping'),
(51, 'SEEMA', 'Housekeeping'),
(52, 'PERVEEN ANWAR', 'Housekeeping'),
(53, 'NAJMA', 'Housekeeping'),
(54, 'PERVEEN SABIR', 'Housekeeping'),
(55, 'MARTHA', 'Housekeeping'),
(56, 'NOUREEN', 'Housekeeping'),
(57, 'ASHRAF', 'Housekeeping'),
(58, 'IRFAN', 'Housekeeping'),
(59, 'AQEEL', 'Housekeeping'),
(60, 'PERVEEN AKHTER', 'Housekeeping'),
(61, 'Irshad', 'driver'),
(62, 'Reception', 'patient relationship officer'),
(63, 'Ashfaq Ahmed Ansari', 'administration');

-- --------------------------------------------------------

--
-- Table structure for table `expense_voucher`
--

CREATE TABLE `expense_voucher` (
  `id` int(11) NOT NULL,
  `date` date NOT NULL,
  `expense_amount` varchar(255) NOT NULL,
  `reason` varchar(255) NOT NULL,
  `receptionest_name` varchar(255) NOT NULL
) ENGINE=InnoDB DEFAULT CHARSET=latin1;

--
-- Dumping data for table `expense_voucher`
--

INSERT INTO `expense_voucher` (`id`, `date`, `expense_amount`, `reason`, `receptionest_name`) VALUES
(9, '2017-04-19', 'abc', 'xyz', ''),
(10, '2017-04-13', 'tgtg', 'gbbg', 'gggg'),
(11, '0000-00-00', '', '', '0'),
(12, '0000-00-00', '0', '0', '0'),
(13, '0000-00-00', '0', '0', '0'),
(14, '0000-00-00', '0', '0', '0'),
(15, '0000-00-00', '0', '0', '0'),
(16, '0000-00-00', '0', '0', '0'),
(17, '0000-00-00', '0', '0', '0'),
(18, '0000-00-00', '0', '0', '0'),
(19, '0000-00-00', '0', '0', '0'),
(20, '0000-00-00', '0', '0', '0'),
(21, '0000-00-00', '0', '0', '0'),
(22, '0000-00-00', '0', '0', '0'),
(23, '0000-00-00', '0', '0', '0'),
(24, '0000-00-00', '0', '0', '0'),
(25, '0000-00-00', '0', '0', '0'),
(26, '0000-00-00', '0', '0', '0'),
(27, '0000-00-00', '0', '0', '0'),
(28, '0000-00-00', '0', '55456456', '0'),
(29, '0000-00-00', '0', '0', '0'),
(30, '0000-00-00', '0', '0', '0'),
(31, '0000-00-00', '0', '0', '0'),
(32, '0000-00-00', '0', '0', '0'),
(33, '0000-00-00', '0', '0', '0'),
(34, '0000-00-00', '0', '0', '0'),
(35, '0000-00-00', '0', '0', '0'),
(36, '0000-00-00', '0', '0', '0'),
(37, '0000-00-00', '0', '0', '0'),
(38, '0000-00-00', '0', '565+', '0'),
(39, '0000-00-00', '0', '1', '0'),
(40, '0000-00-00', '2', '2', '0'),
(41, '0000-00-00', '3', '3', '0'),
(42, '0000-00-00', '3', '3', '0'),
(43, '0000-00-00', '5', '5', '0'),
(44, '0000-00-00', '5', '5', '0'),
(45, '0000-00-00', '5', '5', '0'),
(46, '0000-00-00', '0', '0', '0'),
(47, '0000-00-00', '', '', '0'),
(48, '0000-00-00', '', '', '0'),
(49, '0000-00-00', 'q', 'q', ''),
(50, '0000-00-00', 'q', 'q', ''),
(51, '0000-00-00', '6', '5', ''),
(52, '0000-00-00', '6', '5', ''),
(53, '0000-00-00', '3', '4', ''),
(54, '0000-00-00', '3', '4', ''),
(55, '0000-00-00', '0', '0', ''),
(56, '2017-04-27', '1000', 'no reason', ''),
(57, '2017-04-27', '1000', 'no reason', ''),
(58, '2017-04-27', '100010', 'no reason', 'TestingUAT'),
(59, '2017-12-31', '2500', 'no reason', 'TestingUAT');

-- --------------------------------------------------------

--
-- Table structure for table `floor`
--

CREATE TABLE `floor` (
  `floor_id` int(11) NOT NULL,
  `floor_name` varchar(80) DEFAULT NULL
) ENGINE=MyISAM DEFAULT CHARSET=utf8;

--
-- Dumping data for table `floor`
--

INSERT INTO `floor` (`floor_id`, `floor_name`) VALUES
(1, 'Ground Floor'),
(19, 'First Floor'),
(21, 'Second Floor'),
(22, '');

-- --------------------------------------------------------

--
-- Table structure for table `general_complain`
--

CREATE TABLE `general_complain` (
  `general_comp_id` int(7) NOT NULL,
  `incident_date` datetime DEFAULT NULL,
  `incident_time` datetime DEFAULT NULL,
  `description` text,
  `status` varchar(30) DEFAULT NULL,
  `option` varchar(40) DEFAULT NULL
) ENGINE=MyISAM DEFAULT CHARSET=latin1;

-- --------------------------------------------------------

--
-- Table structure for table `hematology_1_work`
--

CREATE TABLE `hematology_1_work` (
  `id` int(10) NOT NULL,
  `patient_name` varchar(255) NOT NULL,
  `age` varchar(255) NOT NULL,
  `sex` varchar(255) NOT NULL,
  `department_no` varchar(255) NOT NULL,
  `phone` varchar(255) NOT NULL,
  `mobile_no` varchar(255) NOT NULL,
  `doc_name` varchar(255) NOT NULL,
  `invoice_no` varchar(255) NOT NULL,
  `service_name` varchar(255) NOT NULL,
  `service_amount` varchar(255) NOT NULL,
  `report_type` varchar(255) NOT NULL,
  `laboratrist_name` varchar(255) NOT NULL,
  `report_date` varchar(255) NOT NULL,
  `blood_group` varchar(255) NOT NULL,
  `depart_no` varchar(255) NOT NULL,
  `haemaglobin` varchar(255) NOT NULL,
  `red_cells` varchar(255) NOT NULL,
  `pcv` varchar(255) NOT NULL,
  `mcv` varchar(255) NOT NULL,
  `mch` varchar(255) NOT NULL,
  `mchc` varchar(255) NOT NULL,
  `morphology` varchar(255) NOT NULL
) ENGINE=InnoDB DEFAULT CHARSET=latin1;

--
-- Dumping data for table `hematology_1_work`
--

INSERT INTO `hematology_1_work` (`id`, `patient_name`, `age`, `sex`, `department_no`, `phone`, `mobile_no`, `doc_name`, `invoice_no`, `service_name`, `service_amount`, `report_type`, `laboratrist_name`, `report_date`, `blood_group`, `depart_no`, `haemaglobin`, `red_cells`, `pcv`, `mcv`, `mch`, `mchc`, `morphology`) VALUES
(14, 'Muhammad Khalid', '50', 'male', '', '03442441110', '0', 'Dr Khalid MS', 'R-28020839-2045', 'Blood Grouping  R/H Factor', '100', 'heamatology_1', 'Imran Mcdonald', '2017/03/14', 'A+', '', '12', '12', '12', '121', '21', '21', '21'),
(15, 'Muhammad Khalid', '50', 'Male', '', '03442441110', '0', 'Dr Khalid MS', 'R-27021138-2037', 'CBC & ESR', '350', 'heamatology_1', 'Imran Mcdonald', '2017-02-27 11:39:00', '', '', '12', '121', '21', '21', '21', '21', '21'),
(17, 'Muhammad Khalid', '50', 'Male', '', '03442441110', '0', 'Dr Khalid MS', 'R-27021138-2037', 'CBC & ESR', '350', 'heamatology_1', 'Imran Mcdonald', '2017-02-27 11:39:00', '', '', '12', '12', '12', '121', '212', '12', '12'),
(18, 'Muhammad Khalid', '50', 'Male', '', '03442441110', '0', 'Dr Khalid MS', 'R-27021138-2037', 'CBC & ESR', '350', 'heamatology_1', 'Imran Mcdonald', '2017-02-27 11:39:00', '', '', 'hjfgu', 'ghjvhj', 'ghjg', 'hjg', 'hjg', 'hjg', 'hjghjg');

-- --------------------------------------------------------

--
-- Table structure for table `hematology_work`
--

CREATE TABLE `hematology_work` (
  `id` int(10) NOT NULL,
  `patient_name` varchar(255) NOT NULL,
  `sex` varchar(255) NOT NULL,
  `age` varchar(255) NOT NULL,
  `doc_name` varchar(255) NOT NULL,
  `laboratrist_name` varchar(255) NOT NULL,
  `phone` varchar(255) NOT NULL,
  `mobile_no` varchar(255) NOT NULL,
  `invoice_no` varchar(255) NOT NULL,
  `service_name` varchar(255) NOT NULL,
  `service_amount` varchar(255) NOT NULL,
  `report_type` varchar(255) NOT NULL,
  `leucocytes` varchar(255) NOT NULL,
  `neutrophills` varchar(255) NOT NULL,
  `lymphocytes` varchar(255) NOT NULL,
  `eosinophills` varchar(255) NOT NULL,
  `monocytes` varchar(255) NOT NULL,
  `basophills` varchar(255) NOT NULL,
  `premature` varchar(255) NOT NULL,
  `blasts` varchar(255) NOT NULL,
  `normoblasts` varchar(255) NOT NULL,
  `haemoglobin` varchar(255) NOT NULL,
  `redcells` varchar(255) NOT NULL,
  `pcv` varchar(255) NOT NULL,
  `mcv` varchar(255) NOT NULL,
  `mch` varchar(255) NOT NULL,
  `mchc` varchar(255) NOT NULL,
  `esr` varchar(255) NOT NULL,
  `platelets` varchar(255) NOT NULL,
  `morphology` varchar(255) NOT NULL,
  `report_date` varchar(255) NOT NULL
) ENGINE=InnoDB DEFAULT CHARSET=latin1;

--
-- Dumping data for table `hematology_work`
--

INSERT INTO `hematology_work` (`id`, `patient_name`, `sex`, `age`, `doc_name`, `laboratrist_name`, `phone`, `mobile_no`, `invoice_no`, `service_name`, `service_amount`, `report_type`, `leucocytes`, `neutrophills`, `lymphocytes`, `eosinophills`, `monocytes`, `basophills`, `premature`, `blasts`, `normoblasts`, `haemoglobin`, `redcells`, `pcv`, `mcv`, `mch`, `mchc`, `esr`, `platelets`, `morphology`, `report_date`) VALUES
(10, 'Muhammad Khalid', 'Male', '50', 'Dr Khalid MS', '', '03442441110', '0', 'R-27021138-2037', 'CBC & ESR', '350', 'heamatology', '12', '12', '121', '21', '21', '21', '21', '21', '1', '', '', '', '', '', '', '12', '12', '', '2017-02-27 11:39:00'),
(11, 'Muhammad Khalid', 'Male', '50', 'Dr Khalid MS', '', '03442441110', '0', 'R-27021138-2037', 'CBC & ESR', '350', 'heamatology', '22', '22', '222', '222', '22', '22', '2222', '22', '22', '', '', '', '', '', '', '2', '22', '', '2017-02-27 11:39:00'),
(12, 'Muhammad Khalid', 'Male', '50', 'Dr Khalid MS', '', '03442441110', '0', 'R-27021138-2037', 'CBC & ESR', '350', 'heamatology', '12', '12', '12', '12', '12', '12', '12', '12', '12', '', '', '', '', '', '', '12', '11', '', '2017-02-27 11:39:00'),
(13, 'Muhammad Khalid', 'Male', '50', 'Dr Khalid MS', 'Imran Mcdonald', '03442441110', '0', 'R-27021138-2037', 'CBC & ESR', '350', 'heamatology', '12', '12', '121', '21', '21', '21', '21', '21', '21', '', '', '', '', '', '', '21', '21', '', '2017-02-27 11:39:00'),
(14, 'Muhammad Khalid', 'Male', '50', 'Dr Khalid MS', 'Imran Mcdonald', '03442441110', '0', 'R-27021138-2037', 'CBC & ESR', '350', 'heamatology', '121', '21', '21', '21', '21', '21', '21', '2', '12', '', '', '', '', '', '', '12', '12', '', '2017-02-27 11:39:00'),
(15, 'Muhammad Khalid', 'Male', '50', 'Dr Khalid MS', 'Imran Mcdonald', '03442441110', '0', 'R-27021138-2037', 'CBC & ESR', '350', 'heamatology', '121', '21', '21', '21', '21', '21', '21', '2', '12', '', '', '', '', '', '', '12', '12', '', '2017-02-27 11:39:00'),
(16, 'Muhammad Khalid', 'Male', '50', 'Dr Khalid MS', 'Imran Mcdonald', '03442441110', '0', 'R-27021138-2037', 'CBC & ESR', '350', 'heamatology', '121', '21', '21', '21', '21', '21', '21', '2', '12', '', '', '', '', '', '', '12', '12', '', '2017-02-27 11:39:00'),
(17, 'Muhammad Khalid', 'Male', '50', 'Dr Khalid MS', 'Imran Mcdonald', '03442441110', '0', 'R-14031044-2059', 'HB%', '150', 'heamatology', '121', '121', '21', '21', '1', '1', '212', '12', '12', '', '', '', '', '', '', '21', '21', '', '2017-03-14 10:45:00');

-- --------------------------------------------------------

--
-- Table structure for table `immunology_work`
--

CREATE TABLE `immunology_work` (
  `id` int(11) NOT NULL,
  `patient_name` varchar(255) NOT NULL,
  `doc_name` varchar(255) NOT NULL,
  `laboratrist_name` varchar(255) NOT NULL,
  `age` varchar(255) NOT NULL,
  `sex` varchar(255) NOT NULL,
  `blood_group` varchar(255) NOT NULL,
  `report_date` varchar(255) NOT NULL,
  `depart_no` varchar(255) NOT NULL,
  `phone` varchar(255) NOT NULL,
  `mobile_no` varchar(255) NOT NULL,
  `invoice_no` varchar(255) NOT NULL,
  `service_name` varchar(255) NOT NULL,
  `service_amount` varchar(255) NOT NULL,
  `report_type` varchar(255) NOT NULL,
  `blood_hcg` varchar(255) NOT NULL
) ENGINE=InnoDB DEFAULT CHARSET=latin1;

--
-- Dumping data for table `immunology_work`
--

INSERT INTO `immunology_work` (`id`, `patient_name`, `doc_name`, `laboratrist_name`, `age`, `sex`, `blood_group`, `report_date`, `depart_no`, `phone`, `mobile_no`, `invoice_no`, `service_name`, `service_amount`, `report_type`, `blood_hcg`) VALUES
(5, 'waqar ali', 'tabish bhai', 'qasim ali', '250', 'male', 'O-', '2017/02/08', '02', '041678', '0354455546', '', '', '', '', 'possive124'),
(9, 'Muhammad Khalid', 'Dr Khalid MS', 'Imran Mcdonald', '50', 'Male', '', '2017-02-28 08:40:00', '', '03442441110', '0', 'R-28020839-2045', 'Blood Grouping  R/H Factor', '100', 'immunology', '12');

-- --------------------------------------------------------

--
-- Table structure for table `invoice`
--

CREATE TABLE `invoice` (
  `invoice_id` int(11) NOT NULL,
  `invoice_number` varchar(15) COLLATE utf8_unicode_ci DEFAULT NULL,
  `patient_id` int(11) DEFAULT NULL,
  `doctor_id` int(11) DEFAULT NULL,
  `diagnostictype_id` int(11) DEFAULT NULL COMMENT 'category name',
  `selected_services` varchar(50) COLLATE utf8_unicode_ci DEFAULT NULL COMMENT 'service name',
  `refferedby` varchar(50) COLLATE utf8_unicode_ci DEFAULT NULL,
  `med_card_no` varchar(50) COLLATE utf8_unicode_ci DEFAULT NULL,
  `totalamount` double DEFAULT NULL,
  `discountamount` double DEFAULT NULL,
  `discount` double DEFAULT NULL,
  `recievedamount` double DEFAULT NULL,
  `dueamount` double DEFAULT NULL,
  `careof` varchar(40) COLLATE utf8_unicode_ci DEFAULT NULL,
  `creation_timestamp` int(11) DEFAULT NULL,
  `need_approval` int(2) DEFAULT '0',
  `creation_time` datetime DEFAULT NULL,
  `status` int(2) DEFAULT NULL,
  `createdby` varchar(30) COLLATE utf8_unicode_ci DEFAULT NULL,
  `approved` int(11) DEFAULT '0'
) ENGINE=MyISAM DEFAULT CHARSET=utf8 COLLATE=utf8_unicode_ci;

--
-- Dumping data for table `invoice`
--

INSERT INTO `invoice` (`invoice_id`, `invoice_number`, `patient_id`, `doctor_id`, `diagnostictype_id`, `selected_services`, `refferedby`, `med_card_no`, `totalamount`, `discountamount`, `discount`, `recievedamount`, `dueamount`, `careof`, `creation_timestamp`, `need_approval`, `creation_time`, `status`, `createdby`, `approved`) VALUES
(2, 'R-20090813-0002', 2, 3, 1, '0', '0', '0', 100, 0, 0, 100, 0, 'Sheraz baig', 1411193690, 0, '2014-09-20 08:14:00', NULL, 'Sheraz baig', 0),
(4, 'R-20091021-0004', 4, 3, 1, '0', '0', '0', 100, 0, 0, 100, 0, 'Sheraz baig', 1411201334, 0, '2014-09-20 10:22:00', NULL, 'Sheraz baig', 0),
(5, 'R-20091034-0005', 5, 4, 1, '0', '0', '0', 100, 0, 0, 100, 0, 'Sheraz baig', 1411202069, 0, '2014-09-20 10:34:00', NULL, 'Sheraz baig', 0),
(6, 'R-20091335-0006', 6, 3, 1, '0', '0', '0', 100, 0, 0, 100, 0, 'Sheraz baig', 1411212958, 0, '2014-09-20 13:35:00', NULL, 'Sheraz baig', 0),
(7, 'R-22091204-0007', 9, 1, 1, '0', '0', '0', 100, 0, 0, 100, 0, 'Yusra Wahaj', 1411380271, 0, '2014-09-22 12:04:00', NULL, 'Yusra Wahaj', 0),
(11, 'R-22091659-0011', 7, 1, 1, '0', '0', '0', 100, 0, 0, 100, 0, 'Yusra Wahaj', 1411398011, 0, '2014-09-22 17:00:00', NULL, 'Yusra Wahaj', 0),
(9, 'R-22091228-0009', 8, 1, 1, '0', '0', '0', 100, 0, 0, 100, 100, 'Yusra Wahaj', 1411381761, 0, '2014-09-22 12:29:00', NULL, 'Yusra Wahaj', 0),
(10, 'R-22091235-0010', 14, 3, 1, '0', '0', '0', 100, 0, 0, 100, 0, 'Yusra Wahaj', 1411382190, 0, '2014-09-22 12:36:00', NULL, 'Yusra Wahaj', 0),
(16, 'R-22091740-0016', 15, 2, 1, '0', '0', '0', 100, 0, 0, 100, 0, 'Sheraz baig', 1411400444, 0, '2014-09-22 17:40:00', NULL, 'Sheraz baig', 0),
(13, 'R-22091729-0013', 16, 5, 1, '0', '0', '0', 100, 0, 0, 100, 0, 'Sheraz baig', 1411399792, 0, '2014-09-22 17:29:00', NULL, 'Sheraz baig', 0),
(14, 'R-22091732-0014', 17, 2, 1, '0', '0', '0', 100, 0, 0, 100, 0, 'Sheraz baig', 1411399980, 0, '2014-09-22 17:33:00', NULL, 'Sheraz baig', 0),
(15, 'R-22091737-0015', 18, 2, 1, '0', '0', '0', 100, 0, 0, 100, 0, 'Sheraz baig', 1411400250, 0, '2014-09-22 17:37:00', NULL, 'Sheraz baig', 0),
(20, 'R-23092115-0020', 23, 6, -1, '0', '0', '0', 200, 0, 0, 200, 0, 'Sheraz baig', 1411488958, 0, '2014-09-23 21:15:00', NULL, 'Sheraz baig', 0),
(18, 'R-23091911-0018', 21, 6, -1, '0', '0', '0', 200, 0, 0, 200, 0, 'Sheraz baig', 1411481541, 0, '2014-09-23 19:12:00', NULL, 'Sheraz baig', 0),
(19, 'R-23092013-0019', 22, 2, -1, '0', '0', '0', 100, 0, 0, 100, 0, 'Sheraz baig', 1411485210, 0, '2014-09-23 20:13:00', NULL, 'Sheraz baig', 0),
(21, 'R-23092118-0021', 19, 7, -1, '0', '0', '0', 300, 0, 0, 300, 0, 'Sheraz baig', 1411489484, 0, '2014-09-23 21:24:00', NULL, 'Sheraz baig', 0),
(22, 'R-23092128-0022', 24, 2, -1, '0', '0', '0', 100, 0, 0, 100, 0, 'Sheraz baig', 1411489761, 0, '2014-09-23 21:29:00', NULL, 'Sheraz baig', 0),
(23, 'R-23092133-0023', 25, 6, -1, '0', '0', '0', 200, 0, 0, 200, 0, 'Sheraz baig', 1411490067, 0, '2014-09-23 21:34:00', NULL, 'Sheraz baig', 0),
(24, 'R-23092137-0024', 15, 2, -1, '0', '0', '0', 100, 0, 0, 100, 0, 'Sheraz baig', 1411490338, 0, '2014-09-23 21:38:00', NULL, 'Sheraz baig', 0),
(25, 'R-23092140-0025', 26, 2, -1, '0', '0', '0', 100, 0, 0, 100, 0, 'Sheraz baig', 1411490467, 0, '2014-09-23 21:41:00', NULL, 'Sheraz baig', 0),
(27, 'R-23092247-0026', 19, 1, -1, '0', '0', '0', 100, 0, 0, 100, 100, 'Sheraz baig', 1411494469, 0, '2014-09-23 22:47:00', NULL, 'Sheraz baig', 0),
(28, 'R-24091033-0028', 29, -1, 6, '29', '0', '0', 100, 20, 20, 80, 0, 'Yusra Wahaj', 1411536879, 1, '2014-09-24 10:34:00', NULL, 'Yusra Wahaj', 1),
(29, 'R-24091357-0029', 30, 3, -1, '0', '0', '0', 100, 0, 0, 100, 0, 'Yusra Wahaj', 1411549106, 0, '2014-09-24 13:58:00', NULL, 'Yusra Wahaj', 0),
(30, 'R-24091413-0030', 1, -1, 6, '29', '0', '0', 100, 20, 20, 80, 0, 'Yusra Wahaj', 1411550147, 1, '2014-09-24 14:15:00', NULL, 'Yusra Wahaj', 1),
(31, 'R-24091707-0031', 31, 5, -1, '0', '0', '0', 100, 0, 0, 100, 0, 'Yusra Wahaj', 1411560472, 0, '2014-09-24 17:07:00', NULL, 'Yusra Wahaj', 0),
(32, 'R-24091856-0032', 32, 3, -1, '0', '0', '0', 100, 0, 0, 100, 0, 'Sheraz baig', 1411567069, 0, '2014-09-24 18:57:00', NULL, 'Sheraz baig', 0),
(33, 'R-24091902-0033', 33, -1, 6, '28', '0', '0', 50, 0, 0, 50, 0, 'Sheraz baig', 1411567400, 0, '2014-09-24 19:03:00', NULL, 'Sheraz baig', 0),
(34, 'R-24091908-0034', 34, 3, -1, '0', '0', '0', 100, 0, 0, 100, 0, 'Sheraz baig', 1411567765, 0, '2014-09-24 19:09:00', NULL, 'Sheraz baig', 0),
(35, 'R-25091257-0035', 35, -1, 7, '226', '0', '0', 3000, 0, 0, 3000, 0, 'Tehmina', 1411632004, 0, '2014-09-25 12:58:00', NULL, 'Tehmina qazi', 0),
(36, 'R-25091412-0036', 36, -1, 6, '13', '0', '0', 50, 0, 0, 50, 0, 'Tehmina qazi', 1411636404, 0, '2014-09-25 14:13:00', NULL, 'Tehmina qazi', 0),
(37, 'R-25091421-0037', 36, -1, 6, '13', '0', '0', 0, 0, 0, 0, 0, 'Tehmina qazi', 1411636961, 0, '2014-09-25 14:22:00', NULL, 'Tehmina qazi', 0),
(38, 'R-25091444-0038', 37, 3, -1, '0', '0', '0', 100, 0, 0, 100, 0, 'Yusra Wahaj', 1411638330, 0, '2014-09-25 14:45:00', NULL, 'Yusra Wahaj', 0),
(39, 'R-25091615-0039', 38, 6, -1, '0', '0', '0', 200, 0, 0, 200, 0, 'Yusra Wahaj', 1411643797, 0, '2014-09-25 16:16:00', NULL, 'Yusra Wahaj', 0),
(40, 'R-25092254-0040', 1, 5, -1, '0', '0', '0', 100, 0, 0, 100, 0, 'Bilawal Khan', 1411667738, 0, '2014-09-25 22:55:00', NULL, 'Bilawal Khan', 0),
(41, 'R-26091156-0041', 40, -1, 4, '86', '0', '0', 400, 0, 0, 400, 0, 'Tehmina qazi', 1411714621, 0, '2014-09-26 11:57:00', NULL, 'Tehmina qazi', 0),
(42, 'R-26091220-0042', 41, 1, -1, '0', '0', '0', 100, 0, 0, 100, 0, 'Tehmina qazi', 1411716060, 0, '2014-09-26 12:21:00', NULL, 'Tehmina qazi', 0),
(43, 'R-26091530-0043', 42, -1, 6, '14', '0', '0', 100, 0, 0, 100, 0, 'Tehmina qazi', 1411727482, 0, '2014-09-26 15:31:00', NULL, 'Tehmina qazi', 0),
(44, 'R-26091616-0044', 43, 6, -1, '0', '0', '0', 200, 0, 0, 200, 0, 'Tehmina qazi', 1411730226, 0, '2014-09-26 16:17:00', NULL, 'Tehmina qazi', 0),
(45, 'R-26091641-0045', 44, 6, -1, '0', '0', '0', 200, 0, 0, 200, 0, 'Tehmina qazi', 1411731693, 0, '2014-09-26 16:41:00', NULL, 'Tehmina qazi', 0),
(46, 'R-26091733-0046', 45, 6, -1, '0', '0', '0', 200, 0, 0, 200, 0, 'Tehmina qazi', 1411734826, 0, '2014-09-26 17:33:00', NULL, 'Tehmina qazi', 0),
(47, 'R-26091820-0047', 38, -1, 6, '13', '0', '0', 50, 0, 0, 50, 0, 'Tehmina qazi', 1411737648, 0, '2014-09-26 18:20:00', NULL, 'Tehmina qazi', 0),
(48, 'R-26091851-0048', 46, -1, 6, '25', '0', '0', 100, 0, 0, 100, 0, 'Tehmina qazi', 1411739568, 0, '2014-09-26 18:52:00', NULL, 'Tehmina qazi', 0),
(49, 'R-26091900-0049', 47, -1, 6, '26', '0', '0', 200, 0, 0, 200, 0, 'Tehmina qazi', 1411740053, 0, '2014-09-26 19:00:00', NULL, 'Tehmina qazi', 0),
(50, 'R-26091924-0050', 48, 6, -1, '0', '0', '0', 200, 0, 0, 200, 0, 'Tehmina qazi', 1411741486, 0, '2014-09-26 19:24:00', NULL, 'Tehmina qazi', 0),
(51, 'R-26091929-0051', 49, 6, -1, '0', '0', '0', 200, 0, 0, 200, 0, 'Tehmina qazi', 1411741823, 0, '2014-09-26 19:30:00', NULL, 'Tehmina qazi', 0),
(52, 'R-26092105-0052', 50, -1, 6, '13', '0', '0', 50, 0, 0, 50, 0, 'Tehmina qazi', 1411747563, 0, '2014-09-26 21:06:00', NULL, 'Tehmina qazi', 0),
(53, 'R-26092122-0053', 51, 4, -1, '0', '0', '0', 100, 0, 0, 100, 0, 'Tehmina qazi', 1411748597, 0, '2014-09-26 21:23:00', NULL, 'Tehmina qazi', 0),
(54, 'R-26092144-0054', 52, 4, -1, '0', '0', '0', 100, 0, 0, 100, 0, 'Tehmina qazi', 1411749924, 0, '2014-09-26 21:45:00', NULL, 'Tehmina qazi', 0),
(55, 'R-26092157-0055', 53, 4, -1, '0', '0', '0', 100, 0, 0, 100, 0, 'Bilawal Khan', 1411750706, 0, '2014-09-26 21:58:00', NULL, 'Bilawal Khan', 0),
(56, 'R-26092215-0056', 1, -1, 6, '15', '0', '0', 350, 0, 0, 350, 0, 'Bilawal Khan', 1411751788, 0, '2014-09-26 22:16:00', NULL, 'Bilawal Khan', 0),
(57, 'R-27090939-0057', 55, 1, -1, '0', '0', '0', 100, 0, 0, 100, 0, 'Bilawal Khan', 1411792768, 0, '2014-09-27 09:39:00', NULL, 'Bilawal Khan', 0),
(58, 'R-27090942-0058', 56, 1, -1, '0', '0', '0', 100, 0, 0, 100, 0, 'Bilawal Khan', 1411792949, 0, '2014-09-27 09:42:00', NULL, 'Bilawal Khan', 0),
(59, 'R-27091126-0059', 58, -1, 1, '47', '0', '0', 450, 0, 0, 450, 0, 'Yusra Wahaj', 1411799228, 0, '2014-09-27 11:27:00', NULL, 'Yusra Wahaj', 0),
(60, 'R-27091223-0060', 59, -1, 1, '46', '0', '0', 400, 0, 0, 400, 0, 'Yusra Wahaj', 1411802828, 0, '2014-09-27 12:27:00', NULL, 'Yusra Wahaj', 0),
(61, 'R-27091329-0061', 60, -1, 6, '13', '0', '0', 50, 0, 0, 50, 0, 'Yusra Wahaj', 1411806638, 0, '2014-09-27 13:30:00', NULL, 'Yusra Wahaj', 0),
(62, 'R-27091748-0062', 53, 6, -1, '0', '0', '0', 200, 0, 0, 200, 0, 'Tehmina qazi', 1411822169, 0, '2014-09-27 17:49:00', NULL, 'Tehmina qazi', 0),
(63, 'R-27091752-0063', 53, -1, 6, '22', '0', '0', 1000, 700, 70, 300, 0, 'dr khalid', 1411824169, 1, '2014-09-27 18:22:00', NULL, 'Tehmina qazi', 1),
(64, 'R-27091837-0064', 61, 1, -1, '0', '0', '0', 100, 0, 0, 100, 0, 'Tehmina qazi', 1411825099, 0, '2014-09-27 18:38:00', NULL, 'Tehmina qazi', 0),
(65, 'R-27091843-0065', 62, 6, -1, '0', '0', '0', 200, 0, 0, 200, 0, 'Tehmina qazi', 1411825468, 0, '2014-09-27 18:44:00', NULL, 'Tehmina qazi', 0),
(66, 'R-27091849-0066', 63, 6, -1, '0', '0', '0', 200, 0, 0, 200, 0, 'Tehmina qazi', 1411825809, 0, '2014-09-27 18:50:00', NULL, 'Tehmina qazi', 0),
(67, 'R-27092023-0067', 65, 6, -1, '0', '0', '0', 200, 0, 0, 200, 0, 'Tehmina qazi', 1411831452, 0, '2014-09-27 20:24:00', NULL, 'Tehmina qazi', 0),
(68, 'R-27092027-0068', 66, 6, -1, '0', '0', '0', 200, 0, 0, 200, 0, 'Tehmina qazi', 1411831662, 0, '2014-09-27 20:27:00', NULL, 'Tehmina qazi', 0),
(69, 'R-27092035-0069', 67, 6, -1, '0', '0', '0', 200, 0, 0, 200, 0, 'Tehmina qazi', 1411832149, 0, '2014-09-27 20:35:00', NULL, 'Tehmina qazi', 0),
(70, 'R-27092040-0070', 68, 2, -1, '0', '0', '0', 100, 0, 0, 100, 0, 'Tehmina qazi', 1411832449, 0, '2014-09-27 20:40:00', NULL, 'Tehmina qazi', 0),
(71, 'R-27092124-0071', 69, -1, 4, '134', '0', '0', 400, 100, 25, 300, 0, 'Sir Ashfaq', 1411835214, 1, '2014-09-27 21:26:00', NULL, 'Tehmina qazi', 0),
(72, 'R-27092137-0072', 69, -1, 4, '228', '0', '0', 500, 100, 20, 400, 0, 'Sir Ashfaq', 1411835917, 1, '2014-09-27 21:38:00', NULL, 'Tehmina qazi', 0),
(73, 'R-27092247-0073', 70, 1, -1, '0', '0', '0', 100, 0, 0, 100, 0, 'Bilawal Khan', 1411840114, 0, '2014-09-27 22:48:00', NULL, 'Bilawal Khan', 0),
(74, 'R-27092309-0074', 59, -1, 1, '75', '0', '0', 180, 0, 0, 180, 0, 'Bilawal Khan', 1411841431, 0, '2014-09-27 23:10:00', NULL, 'Bilawal Khan', 0),
(75, 'R-27092342-0075', 72, -1, 6, '13', '0', '0', 50, 0, 0, 50, 0, 'Bilawal Khan', 1411843514, 0, '2014-09-27 23:45:00', NULL, 'Bilawal Khan', 0),
(76, 'R-27092347-0076', 73, -1, 6, '25', '0', '0', 100, 0, 0, 100, 0, 'Bilawal Khan', 1411843750, 0, '2014-09-27 23:49:00', NULL, 'Bilawal Khan', 0),
(77, 'R-28090052-0077', 74, -1, 6, '28', '0', '0', 50, 0, 0, 50, 0, 'Bilawal Khan', 1411847551, 0, '2014-09-28 00:52:00', NULL, 'Bilawal Khan', 0),
(78, 'R-28090536-0078', 75, 5, -1, '0', '0', '0', 100, 0, 0, 100, 0, 'Bilawal Khan', 1411864632, 0, '2014-09-28 05:37:00', NULL, 'Bilawal Khan', 0),
(79, 'R-28090539-0079', 75, -1, 6, '12', '0', '0', 100, 0, 0, 100, 0, 'Bilawal Khan', 1411865311, 0, '2014-09-28 05:48:00', NULL, 'Bilawal Khan', 0),
(80, 'R-29091219-0080', 76, 1, -1, '0', '0', '0', 100, 0, 0, 100, 0, 'Yusra Wahaj', 1411975300, 0, '2014-09-29 12:21:00', NULL, 'Yusra Wahaj', 0),
(81, 'R-29091322-0081', 77, -1, 6, '42', '0', '0', 300, 100, 33.3333333333333, 200, 0, 'Yusra Wahaj', 1411979108, 1, '2014-09-29 13:25:00', NULL, 'Yusra Wahaj', 0),
(82, 'R-30091046-0082', 55, 1, -1, '0', '0', '0', 100, 0, 0, 100, 0, 'Yusra Wahaj', 1412056022, 0, '2014-09-30 10:47:00', NULL, 'Yusra Wahaj', 0),
(83, 'R-30091051-0083', 82, 2, -1, '0', '0', '0', 100, 0, 0, 100, 0, 'Yusra Wahaj', 1412056358, 0, '2014-09-30 10:52:00', NULL, 'Yusra Wahaj', 0),
(84, 'R-30091121-0084', 83, 3, -1, '0', '0', '0', 100, 0, 0, 100, 0, 'Yusra Wahaj', 1412058423, 0, '2014-09-30 11:27:00', NULL, 'Yusra Wahaj', 0),
(85, 'R-30091133-0085', 84, 1, -1, '0', '0', '0', 100, 0, 0, 100, 0, 'Yusra Wahaj', 1412058826, 0, '2014-09-30 11:33:00', NULL, 'Yusra Wahaj', 0),
(86, 'R-30091140-0086', 85, 3, -1, '0', '0', '0', 100, 0, 0, 100, 0, 'Yusra Wahaj', 1412059307, 0, '2014-09-30 11:41:00', NULL, 'Yusra Wahaj', 0),
(87, 'R-30091148-0087', 86, 6, -1, '0', '0', '0', 200, 0, 0, 200, 0, 'Yusra Wahaj', 1412059746, 0, '2014-09-30 11:49:00', NULL, 'Yusra Wahaj', 0),
(88, 'R-30091153-0088', 87, 1, -1, '0', '0', '0', 100, 0, 0, 100, 0, 'Yusra Wahaj', 1412060056, 0, '2014-09-30 11:54:00', NULL, 'Yusra Wahaj', 0),
(89, 'R-30091224-0089', 89, 6, -1, '0', '0', '0', 200, 0, 0, 200, 0, 'Yusra Wahaj', 1412061898, 0, '2014-09-30 12:24:00', NULL, 'Yusra Wahaj', 0),
(90, 'R-30091245-0090', 90, 6, -1, '0', '0', '0', 200, 0, 0, 200, 0, 'Yusra Wahaj', 1412063896, 0, '2014-09-30 12:58:00', NULL, 'Yusra Wahaj', 0),
(91, 'R-30091337-0091', 91, 2, -1, '0', '0', '0', 100, 0, 0, 100, 0, 'Yusra Wahaj', 1412066356, 0, '2014-09-30 13:39:00', NULL, 'Yusra Wahaj', 0),
(92, 'R-30091915-0092', 95, 6, -1, '0', '0', '0', 200, 0, 0, 200, 0, 'Tehmina qazi', 1412086575, 0, '2014-09-30 19:16:00', NULL, 'Tehmina qazi', 0),
(93, 'R-30091920-0093', 96, 6, -1, '0', '0', '0', 200, 0, 0, 200, 0, 'Tehmina qazi', 1412086882, 0, '2014-09-30 19:21:00', NULL, 'Tehmina qazi', 0),
(94, 'R-30091926-0094', 81, -1, 6, '25', '0', '0', 100, 0, 0, 100, 0, 'Tehmina qazi', 1412087214, 0, '2014-09-30 19:26:00', NULL, 'Tehmina qazi', 0),
(95, 'R-30091930-0095', 97, 6, -1, '0', '0', '0', 200, 0, 0, 200, 0, 'Tehmina qazi', 1412087475, 0, '2014-09-30 19:31:00', NULL, 'Tehmina qazi', 0),
(96, 'R-30091936-0096', 97, -1, 4, '249', '0', '0', 500, 0, 0, 500, 0, 'Tehmina qazi', 1412087883, 0, '2014-09-30 19:38:00', NULL, 'Tehmina qazi', 0),
(97, 'R-30092039-0097', 101, 4, -1, '0', '0', '0', 100, 0, 0, 100, 0, 'Tehmina qazi', 1412091625, 0, '2014-09-30 20:40:00', NULL, 'Tehmina qazi', 0),
(98, 'R-30092053-0098', 102, 4, -1, '0', '0', '0', 100, 0, 0, 100, 0, 'Tehmina qazi', 1412092418, 0, '2014-09-30 20:53:00', NULL, 'Tehmina qazi', 0),
(99, 'R-30092107-0099', 102, -1, 6, '29', '0', '0', 200, 20, 10, 180, 0, 'Tehmina qazi', 1412093429, 1, '2014-09-30 21:10:00', NULL, 'Tehmina qazi', 0),
(100, 'R-01102000-0100', 109, 6, -1, '0', '0', '0', 200, 0, 0, 200, 0, 'Tehmina qazi', 1412175630, 0, '2014-10-01 20:00:00', NULL, 'Tehmina qazi', 0),
(1955, 'R-18120803-0101', 1294, 1, -1, '0', '0', '0', 100, 0, 0, 100, 0, 'TestingUAT', 1418889869, 0, '2014-12-18 08:04:00', NULL, 'TestingUAT', 0),
(1956, 'R-12011342-1956', 16, 1, -1, '0', '0', '0', 100, 0, 0, 100, 0, 'TestingUAT', 1421070441, 0, '2015-01-12 13:47:00', NULL, 'TestingUAT', 0),
(1957, 'R-11020445-1957', 1, 3, 1, '49', '0', '0', 550, 0, 0, 550, 0, 'TestingUAT', 1423630125, 0, '2015-02-11 04:48:00', NULL, 'TestingUAT', 0),
(1958, 'R-13020513-1958', 1294, 3, 6, '38', '0', '0', 0, 0, 0, 150, 0, 'TestingUAT', 1423804705, 0, '2015-02-13 05:18:00', NULL, 'TestingUAT', 0),
(1959, 'R-21030849-1959', 1, -1, 9, '614', '0', '0', 0, 0, 0, 10000, 0, 'TestingUAT', 1426927803, 0, '2015-03-21 08:50:00', NULL, 'TestingUAT', 0),
(1960, 'R-21030853-1960', 1299, -1, 9, '614', '0', '0', 0, 0, 0, 10000, 0, 'TestingUAT', 1426928071, 0, '2015-03-21 08:54:00', NULL, 'TestingUAT', 0),
(1961, 'R-29091459-1961', 1301, 4, -1, '0', '0', '0', 100, 0, 0, 100, 0, 'TestingUAT', 1443538824, 0, '2015-09-29 15:00:00', NULL, 'TestingUAT', 0),
(1962, 'R-29091500-1962', 1, -1, 1, '56', '0', '0', 480, 0, 0, 500, -20, 'TestingUAT', 1443538890, 0, '2015-09-29 15:01:00', NULL, 'TestingUAT', 0),
(1963, 'R-30091039-1963', 1303, -1, 6, '14', '0', '0', 200, 0, 0, 150, 50, 'him', 1443609689, 0, '2015-09-30 10:41:00', NULL, 'TestingUAT', 0),
(1964, 'R-16110943-1964', 3, -1, 9, '614', '0', '0', 0, 0, 0, 10000, 0, 'TestingUAT', 1447667347, 0, '2015-11-16 09:49:00', NULL, 'TestingUAT', 0),
(1965, 'R-16110953-1965', 1304, -1, 9, '614', '0', '0', 0, 0, 0, 15000, 0, 'TestingUAT', 1447667753, 0, '2015-11-16 09:55:00', NULL, 'TestingUAT', 0),
(1966, 'R-27101527-1966', 1, 0, 4, '90', '0', '0', 600, 20, 3.3333333333333335, 580, 0, 'admin', 1477582228, 0, '2016-10-27 15:30:00', NULL, 'admin', 0),
(1967, 'R-10111122-1967', 1, 3, -1, '0', '0', '0', 100, 10, 10, 90, 0, 'admin', 1478773670, 1, '2016-11-10 11:27:00', NULL, 'admin', 0),
(1968, 'R-10111127-1968', 1, 3, -1, '0', '0', '0', 100, 10, 10, 90, 0, 'admin', 1478773683, 1, '2016-11-10 11:28:00', NULL, 'admin', 0),
(1969, 'R-10111129-1969', 1, 3, -1, '0', '0', '0', 100, 10, 10, 90, 0, 'admin', 1478773774, 1, '2016-11-10 11:29:00', NULL, 'admin', 0),
(1970, 'R-10111134-1970', 1312, 5, -1, '0', '0', '0', 100, 20, 20, 80, 0, 'admin', 1478774109, 1, '2016-11-10 11:35:00', NULL, 'admin', 0),
(1971, 'R-17110825-1971', 1313, 3, -1, '0', '0', '0', 100, 10, 10, 90, 10, 'dfvb', 1479367544, 1, '2016-11-17 08:25:00', NULL, 'TestingUAT', 0),
(1972, 'R-17110830-1972', 1313, 3, -1, '0', '0', '0', 100, 10, 10, 90, 10, 'dfvb', 1479367854, 1, '2016-11-17 08:30:00', NULL, 'TestingUAT', 0),
(1973, 'R-17110833-1973', 1313, 4, -1, '0', '0', '0', 100, 0, 0, 100, 0, '', 1479368058, 0, '2016-11-17 08:34:00', NULL, 'TestingUAT', 0),
(1974, 'R-17110834-1974', 1313, 4, 10, '577', '0', '0', 5500, 0, 0, 80, 5420, '', 1479368136, 0, '2016-11-17 08:35:00', NULL, 'TestingUAT', 0),
(1975, 'R-17110840-1975', 1313, 4, 10, '0', '0', '0', 0, 0, 0, 80, 5420, '', 1479373283, 0, '2016-11-17 10:01:00', NULL, 'TestingUAT', 0),
(1976, 'R-17111028-1976', 2, 4, -1, '0', '0', '0', 100, 0, 0, 100, 0, 'admin', 1479374916, 0, '2016-11-17 10:28:00', NULL, 'admin', 0),
(1977, 'R-17111030-1977', 1, 3, -1, '0', '0', '0', 100, 0, 0, 100, 0, '', 1479375049, 0, '2016-11-17 10:30:00', NULL, 'TestingUAT', 0),
(1978, 'R-21110901-1978', 3, 3, -1, '0', '0', '0', 100, 0, 0, 10, 90, 'admin', 1479715344, 0, '2016-11-21 09:02:00', NULL, 'admin', 0),
(1979, 'R-11020845-1979', 1, -1, -1, '0', '0', '0', 100, 0, 0, 100, 100, 'TestingUAT', 1486799276, 0, '2017-02-11 08:47:00', NULL, 'TestingUAT', 0),
(1980, 'R-11021131-1980', 1, 3, -1, '0', '0', '0', 100, 0, 0, 100, 0, 'TestingUAT', 1486809175, 0, '2017-02-11 11:32:00', NULL, 'TestingUAT', 0),
(1981, 'R-13020724-1981', NULL, 5, -1, '0', '0', '0', 100, 0, 0, 100, 0, 'TestingUAT', 1486967201, 0, '2017-02-13 07:26:00', NULL, 'TestingUAT', 0),
(1982, 'R-13020724-1981', 1323, 5, -1, '0', '0', '0', 100, 0, 0, 100, 0, 'TestingUAT', 1486967319, 0, '2017-02-13 07:28:00', NULL, 'TestingUAT', 0),
(1983, 'R-13020731-1983', 1324, 6, -1, '0', '0', '0', 200, 0, 0, 200, 0, '', 1486967943, 0, '2017-02-13 07:39:00', NULL, 'TestingUAT', 0),
(1984, 'R-13020750-1984', 1330, 5, -1, '0', '0', '0', 100, 10, 10, 90, 0, 'TestingUAT', 1486968733, 1, '2017-02-13 07:52:00', NULL, 'TestingUAT', 0),
(1985, 'R-13020808-1985', 23, 6, -1, '0', '0', '0', 200, 0, 0, 0, 0, '', 1486969757, 0, '2017-02-13 08:09:00', NULL, 'TestingUAT', 0),
(1986, 'R-13020852-1986', 23, -1, -1, '0', '0', '0', 0, 0, 0, 0, 0, '', 1486972384, 0, '2017-02-13 08:53:00', NULL, 'TestingUAT', 0),
(1987, 'R-13020905-1987', 23, -1, -1, '0', '0', '0', 0, 0, 0, 0, 0, '', 1486973162, 0, '2017-02-13 09:06:00', NULL, 'TestingUAT', 0),
(1988, 'R-13020907-1988', 23, -1, -1, '0', '0', '0', 0, 0, 0, 0, 0, '', 1486973264, 0, '2017-02-13 09:07:00', NULL, 'TestingUAT', 0),
(1989, 'R-13020908-1989', 1316, 3, -1, '0', '0', '0', 100, 0, 0, 100, 0, '', 1486973326, 0, '2017-02-13 09:08:00', NULL, 'TestingUAT', 0),
(1990, 'R-13021238-1990', 1331, 3, -1, '0', '0', '0', 100, 0, 0, 0, 0, '', 1486985955, 0, '2017-02-13 12:39:00', NULL, 'TestingUAT', 0),
(1991, 'R-13021249-1991', 23, -1, -1, '0', '0', '0', 0, 0, 0, 0, 0, '', 1486986617, 0, '2017-02-13 12:50:00', NULL, 'TestingUAT', 0),
(1992, 'R-13021252-1992', 1332, -1, -1, '0', '0', '0', 0, 0, 0, 0, 0, '', 1486986802, 0, '2017-02-13 12:53:00', NULL, 'TestingUAT', 0),
(1993, 'R-13021254-1993', 23, -1, -1, '0', '0', '0', 0, 0, 0, 0, 0, '', 1486986900, 0, '2017-02-13 12:55:00', NULL, 'TestingUAT', 0),
(1994, 'R-13021256-1994', 23, -1, -1, '0', '0', '0', 0, 0, 0, 0, 0, '', 1486986971, 0, '2017-02-13 12:56:00', NULL, 'TestingUAT', 0),
(1995, 'R-14020756-1995', 23, -1, -1, '0', '0', '0', 0, 0, 0, 0, 0, '', 1487055627, 0, '2017-02-14 08:00:00', NULL, 'TestingUAT', 0),
(1996, 'R-14020803-1996', 23, 3, -1, '0', '0', '0', 100, 0, 0, 100, 0, '', 1487056208, 0, '2017-02-14 08:10:00', NULL, 'TestingUAT', 0),
(1997, 'R-14020814-1997', 23, 5, -1, '0', '0', '0', 100, 0, 0, 100, 0, '', 1487056487, 0, '2017-02-14 08:14:00', NULL, 'TestingUAT', 0),
(1998, 'R-14020815-1998', 23, 4, -1, '0', '0', '0', 100, 0, 0, 100, 0, '', 1487056584, 0, '2017-02-14 08:16:00', NULL, 'TestingUAT', 0),
(1999, 'R-14020831-1999', 1316, 5, -1, '0', '0', '0', 100, 0, 0, 100, 0, '', 1487057656, 0, '2017-02-14 08:34:00', NULL, 'TestingUAT', 0),
(2000, 'R-14020840-2000', 1333, 4, -1, '0', '0', '0', 100, 0, 0, 100, 0, '', 1487058100, 0, '2017-02-14 08:41:00', NULL, 'TestingUAT', 0),
(2001, 'R-14020849-2001', 23, -1, 1, '58', '0', '0', 130, 0, 0, 130, 0, '', 1487058868, 0, '2017-02-14 08:54:00', NULL, 'TestingUAT', 0),
(2002, 'R-14020900-2002', 23, -1, 1, '46', '0', '0', 300, 0, 0, 200, 100, 'TestingUAT', 1487059925, 0, '2017-02-14 09:12:00', NULL, 'TestingUAT', 0),
(2003, 'R-14021027-2003', 23, -1, 1, '46', '0', '0', 300, 0, 0, 300, 0, '', 1487064463, 0, '2017-02-14 10:27:00', NULL, 'TestingUAT', 0),
(2004, 'R-14021028-2004', 1316, -1, 1, '45', '0', '0', 150, 0, 0, 150, 0, '', 1487064535, 0, '2017-02-14 10:28:00', NULL, 'TestingUAT', 0),
(2005, 'R-14021038-2005', 23, -1, 1, '655', '0', '0', 150, 0, 0, 150, 0, '', 1487065164, 0, '2017-02-14 10:39:00', NULL, 'TestingUAT', 0),
(2006, 'R-14021040-2006', 23, -1, 1, '46', '0', '0', 300, 0, 0, 300, 0, '', 1487065287, 0, '2017-02-14 10:41:00', NULL, 'TestingUAT', 0),
(2007, 'R-14021042-2007', 23, -1, 1, '46', '0', '0', 300, 0, 0, 300, 0, 'TestingUAT', 1487065394, 0, '2017-02-14 10:43:00', NULL, 'TestingUAT', 0),
(2008, 'R-14021049-2008', 23, -1, 4, '86', '0', '0', 300, 0, 0, 300, 0, '', 1487065807, 0, '2017-02-14 10:50:00', NULL, 'TestingUAT', 0),
(2009, 'R-14021052-2009', 23, -1, 1, '2', '0', '0', 100, 0, 0, 100, 0, '', 1487066008, 0, '2017-02-14 10:53:00', NULL, 'TestingUAT', 0),
(2010, 'R-14021054-2010', 23, -1, 6, '14', '0', '0', 100, 0, 0, 100, 0, 'TestingUAT', 1487066136, 0, '2017-02-14 10:55:00', NULL, 'TestingUAT', 0),
(2011, 'R-14021102-2011', 23, -1, 4, '90', '0', '0', 0, 0, 0, 300, 0, '', 1487066586, 0, '2017-02-14 11:03:00', NULL, 'TestingUAT', 0),
(2012, 'R-14021103-2012', 23, -1, 1, '47', '0', '0', 700, 0, 0, 700, 0, 'TestingUAT', 1487066638, 0, '2017-02-14 11:03:00', NULL, 'TestingUAT', 0),
(2013, 'R-14021104-2013', 23, -1, 1, '48', '0', '0', 800, 0, 0, 800, 0, '', 1487066915, 0, '2017-02-14 11:08:00', NULL, 'TestingUAT', 0),
(2014, 'R-14021111-2014', 23, -1, 11, '663', '0', '0', 1200, 0, 0, 1200, 0, '', 1487067129, 0, '2017-02-14 11:12:00', NULL, 'TestingUAT', 0),
(2015, 'R-14021113-2015', 23, -1, 1, '49', '0', '0', 300, 0, 0, 300, 0, '', 1487067245, 0, '2017-02-14 11:14:00', NULL, 'TestingUAT', 0),
(2016, 'R-14021115-2016', 25, -1, 11, '666', '0', '0', 750, 0, 0, 750, 0, '', 1487067382, 0, '2017-02-14 11:16:00', NULL, 'TestingUAT', 0),
(2017, 'R-14021117-2017', 23, -1, 4, '94', '0', '0', 3400, 0, 0, 3400, 0, '', 1487067493, 0, '2017-02-14 11:18:00', NULL, 'TestingUAT', 0),
(2018, 'R-14021119-2018', 23, -1, 1, '51', '0', '0', 550, 0, 0, 550, 0, '', 1487067602, 0, '2017-02-14 11:20:00', NULL, 'TestingUAT', 0),
(2019, 'R-14021120-2019', 23, -1, 6, '25', '0', '0', 100, 0, 0, 100, 0, '', 1487067680, 0, '2017-02-14 11:21:00', NULL, 'TestingUAT', 0),
(2020, 'R-14021125-2020', 23, -1, 6, '16', '0', '0', 700, 0, 0, 700, 0, '', 1487067965, 0, '2017-02-14 11:26:00', NULL, 'TestingUAT', 0),
(2021, 'R-14021137-2021', 23, -1, 9, '527', '0', '0', 650, 0, 0, 650, 0, '', 1487068671, 0, '2017-02-14 11:37:00', NULL, 'TestingUAT', 0),
(2022, 'R-14021144-2022', 23, -1, 9, '531', '0', '0', 300, 0, 0, 300, 0, '', 1487069124, 0, '2017-02-14 11:45:00', NULL, 'TestingUAT', 0),
(2023, 'R-14021203-2023', 23, -1, 1, '53', '0', '0', 150, 0, 0, 150, 0, '', 1487070247, 0, '2017-02-14 12:04:00', NULL, 'TestingUAT', 0),
(2024, 'R-14021207-2024', 23, -1, 9, '520', '0', '0', 5000, 10, 10, 5000, 0, '', 1487071824, 0, '2017-02-14 12:30:00', NULL, 'TestingUAT', 0),
(2025, 'R-14021233-2025', 23, -1, 1, '500', '0', '0', 0, 0, 0, 300, 0, '', 1487072088, 0, '2017-02-14 12:34:00', NULL, 'TestingUAT', 0),
(2026, 'R-14021235-2026', 23, -1, 6, '637', '0', '0', 300, 0, 0, 300, 0, '', 1487072182, 0, '2017-02-14 12:36:00', NULL, 'TestingUAT', 0),
(2027, 'R-14021245-2027', 23, -1, 1, '49', '0', '0', 100, 0, 0, 100, 0, '', 1487072741, 0, '2017-02-14 12:45:00', NULL, 'TestingUAT', 0),
(2028, 'R-20021222-2028', 23, 3, -1, '0', '0', '0', 100, 0, 0, 100, 0, 'admin', 1487589769, 0, '2017-02-20 12:22:00', NULL, 'admin', 0),
(2029, 'R-20021229-2029', 23, 3, -1, '0', '0', '0', 100, 0, 0, 100, 0, 'admin', 1487590297, 0, '2017-02-20 12:31:00', NULL, 'admin', 0),
(2030, 'R-21020818-2030', 1334, 4, -1, '0', '0', '0', 100, 10, 10, 90, 0, 'TestingUAT', 1487661596, 1, '2017-02-21 08:19:00', NULL, 'TestingUAT', 0),
(2031, 'R-21020820-2031', 23, -1, 1, '2', '0', '0', 100, 0, 0, 100, 0, 'TestingUAT', 1487661661, 0, '2017-02-21 08:21:00', NULL, 'TestingUAT', 0),
(2032, 'R-24021157-2032', 1316, -1, 1, '46', '0', '0', 300, 0, 0, 300, 0, 'TestingUAT', 1487933891, 0, '2017-02-24 11:58:00', NULL, 'TestingUAT', 0),
(2033, 'R-27020709-2033', 1335, 4, -1, '0', '0', '0', 100, 0, 0, 100, 0, 'TestingUAT', 1488175891, 0, '2017-02-27 07:11:00', NULL, 'TestingUAT', 0),
(2034, 'R-27021102-2034', 23, 2, -1, '0', '0', '0', 100, 0, 0, 100, 0, '', 1488189793, 0, '2017-02-27 11:03:00', NULL, 'TestingUAT', 0),
(2035, 'R-27021131-2035', 23, 3, -1, '0', '0', '0', 100, 0, 0, 100, 0, 'TestingUAT', 1488191678, 0, '2017-02-27 11:34:00', NULL, 'TestingUAT', 0),
(2036, 'R-27021135-2036', 23, -1, 1, '55', '0', '0', 750, 0, 0, 750, 0, 'TestingUAT', 1488191764, 0, '2017-02-27 11:36:00', NULL, 'TestingUAT', 0),
(2037, 'R-27021138-2037', 23, -1, 1, '509', '0', '0', 1870, 0, 0, 1870, 0, 'TestingUAT', 1488191980, 0, '2017-02-27 11:39:00', NULL, 'TestingUAT', 0),
(2038, 'R-28020541-2038', 23, 3, -1, '0', '0', '0', 100, 0, 0, 100, 0, 'TestingUAT', 1488257557, 0, '2017-02-28 05:52:00', NULL, 'TestingUAT', 0),
(2039, 'R-28020552-2039', 23, 3, -1, '0', '0', '0', 100, 0, 0, 100, 0, 'TestingUAT', 1488257987, 0, '2017-02-28 05:59:00', NULL, 'TestingUAT', 0),
(2040, 'R-28020639-2040', 23, 4, -1, '0', '0', '0', 100, 0, 0, 100, 0, 'TestingUAT', 1488260387, 0, '2017-02-28 06:39:00', NULL, 'TestingUAT', 0),
(2041, 'R-28020702-2041', 23, 4, -1, '0', '0', '0', 100, 0, 0, 100, 0, 'TestingUAT', 1488261746, 0, '2017-02-28 07:02:00', NULL, 'TestingUAT', 0),
(2042, 'R-28020715-2042', 23, 3, -1, '0', '0', '0', 100, 0, 0, 100, 0, 'TestingUAT', 1488262548, 0, '2017-02-28 07:15:00', NULL, 'TestingUAT', 0),
(2043, 'R-28020745-2043', 1316, 3, -1, '0', '0', '0', 100, 10, 10, 90, 0, 'TestingUAT', 1488264366, 1, '2017-02-28 07:46:00', NULL, 'TestingUAT', 0),
(2044, 'R-28020800-2044', 23, -1, 1, '48', '0', '0', 300, 0, 0, 300, 0, 'TestingUAT', 1488265252, 0, '2017-02-28 08:00:00', NULL, 'TestingUAT', 0),
(2045, 'R-28020839-2045', 23, -1, 1, '49', '0', '0', 550, 0, 0, 550, 0, 'TestingUAT', 1488267645, 0, '2017-02-28 08:40:00', NULL, 'TestingUAT', 0),
(2046, 'R-28020847-2046', 23, -1, 1, '48', '0', '0', 550, 0, 0, 550, 0, 'TestingUAT', 1488268055, 0, '2017-02-28 08:47:00', NULL, 'TestingUAT', 0),
(2047, 'R-28020847-2047', 23, -1, 1, '0', '0', '0', 0, 100, 18.181818181818183, 450, 0, 'TestingUAT', 1488268113, 1, '2017-02-28 08:48:00', NULL, 'TestingUAT', 0),
(2048, 'R-28020849-2048', 23, 3, -1, '0', '0', '0', 100, 10, 10, 90, 0, 'TestingUAT', 1488268205, 1, '2017-02-28 08:50:00', NULL, 'TestingUAT', 0),
(2049, 'R-28020910-2049', 23, 3, -1, '0', '0', '0', 100, 10, 10, 90, 0, 'TestingUAT', 1488269475, 1, '2017-02-28 09:11:00', NULL, 'TestingUAT', 0),
(2050, 'R-28020912-2050', 23, 3, -1, '0', '0', '0', 100, 10, 10, 90, 0, 'TestingUAT', 1488269559, 1, '2017-02-28 09:12:00', NULL, 'TestingUAT', 0),
(2051, 'R-28021006-2051', 1316, 4, -1, '0', '0', '0', 100, 10, 10, 90, 0, 'TestingUAT', 1488272831, 1, '2017-02-28 10:07:00', NULL, 'TestingUAT', 0),
(2052, 'R-28021008-2052', 23, -1, 9, '530', '0', '0', 7000, 700, 10, 6300, 0, 'TestingUAT', 1488272963, 1, '2017-02-28 10:09:00', NULL, 'TestingUAT', 0),
(2053, 'R-28021010-2053', 23, -1, 4, '87', '0', '0', 400, 10, 2.5, 100, 290, 'TestingUAT', 1488273060, 0, '2017-02-28 10:11:00', NULL, 'TestingUAT', 0),
(2054, 'R-28021011-2054', 25, 5, -1, '0', '0', '0', 100, 10, 10, 90, 0, '', 1488273104, 1, '2017-02-28 10:11:00', NULL, 'TestingUAT', 0),
(2055, 'R-28021011-2055', 23, -1, 1, '53', '0', '0', 750, 10.000000000000002, 1.3333333333333335, 740, 0, '', 1488273147, 0, '2017-02-28 10:12:00', NULL, 'TestingUAT', 0),
(2056, 'R-14030815-2056', 23, -1, 1, '45', '0', '0', 450, 0, 0, 450, 0, 'TestingUAT', 1489475793, 0, '2017-03-14 08:16:00', NULL, 'TestingUAT', 0),
(2057, 'R-14030820-2057', 23, -1, 1, '47', '0', '0', 350, 0, 0, 350, 0, 'TestingUAT', 1489476032, 0, '2017-03-14 08:20:00', NULL, 'TestingUAT', 0),
(2058, 'R-14030849-2058', 23, -1, 1, '47', '0', '0', 350, 0, 0, 350, 0, 'TestingUAT', 1489477776, 0, '2017-03-14 08:49:00', NULL, 'TestingUAT', 0),
(2059, 'R-14031044-2059', 23, -1, 1, '655', '0', '0', 150, 0, 0, 150, 0, 'TestingUAT', 1489484718, 0, '2017-03-14 10:45:00', NULL, 'TestingUAT', 0),
(2060, 'R-14031054-2060', 23, -1, 9, '520', '0', '0', 5000, 0, 0, 5000, 0, 'TestingUAT', 1489485265, 0, '2017-03-14 10:54:00', NULL, 'TestingUAT', 0),
(2061, 'R-17040748-2061', 1353, 5, -1, '0', '0', '0', 100, 0, 0, 100, 0, 'TestingUAT', 1492408315, 0, '2017-04-17 07:51:00', NULL, 'TestingUAT', 0),
(2062, 'R-17040748-2061', 1353, 5, -1, '0', '0', '0', 100, 0, 0, 100, 0, 'TestingUAT', 1492408316, 0, '2017-04-17 07:51:00', NULL, 'TestingUAT', 0),
(2063, 'R-17040755-2063', 1355, 5, -1, '0', '0', '0', 100, 0, 0, 100, 0, '', 1492408667, 0, '2017-04-17 07:57:00', NULL, 'TestingUAT', 0),
(2064, '', 1364, -1, -1, '0', '0', '0', 0, 0, 0, 100, 0, '', 1207173889, 0, '2008-04-03 00:04:00', NULL, 'TestingUAT', 0),
(2065, 'R-03040007-2065', 1356, 2, -1, '0', '0', '0', 100, 0, 0, 100, 0, 'salman', 1207174086, 0, '2008-04-03 00:08:00', NULL, 'TestingUAT', 0),
(2066, '', 1357, 2, -1, '0', '0', '0', 0, 0, 0, 100, 0, 'salman', 1207174167, 0, '2008-04-03 00:09:00', NULL, 'TestingUAT', 0),
(2067, '', 1357, 2, -1, '0', '0', '0', 0, 0, 0, 100, 0, 'salman', 1207174167, 0, '2008-04-03 00:09:00', NULL, 'TestingUAT', 0),
(2068, '', 1356, 30, -1, '0', '0', '0', 0, 0, 0, 100, 0, 'salman', 1207174224, 0, '2008-04-03 00:10:00', NULL, 'TestingUAT', 0),
(2069, '', 1356, 30, -1, '0', '0', '0', 0, 0, 0, 100, 0, 'salman', 1207174224, 0, '2008-04-03 00:10:00', NULL, 'TestingUAT', 0),
(2070, '', 1356, 2, -1, '0', '0', '0', 0, 0, 0, 100, 0, 'salman', 1207175120, 0, '2008-04-03 00:25:00', NULL, 'TestingUAT', 0),
(2071, '', 1356, 2, -1, '0', '0', '0', 0, 0, 0, 100, 0, 'TestingUAT', 1207175348, 0, '2008-04-03 00:29:00', NULL, 'TestingUAT', 0),
(2072, '', 1358, 2, -1, '0', '0', '0', 0, 0, 0, 100, 0, '', 1207175651, 0, '2008-04-03 00:34:00', NULL, 'TestingUAT', 0),
(2073, 'R-03040055-2073', 1356, 3, -1, '0', '0', '0', 100, 0, 0, 100, 0, 'salman', 1207176991, 0, '2008-04-03 00:56:00', NULL, 'TestingUAT', 0),
(2074, '', 1358, 3, -1, '0', '0', '0', 0, 0, 0, 100, 0, 'salman', 1207177040, 0, '2008-04-03 00:57:00', NULL, 'TestingUAT', 0),
(2075, '', 1358, 3, -1, '0', '0', '0', 0, 0, 0, 100, 0, 'salman', 1207177040, 0, '2008-04-03 00:57:00', NULL, 'TestingUAT', 0),
(2076, '', 1364, 3, -1, '0', '0', '0', 0, 0, 0, 100, 0, 'salman', 1207177129, 0, '2008-04-03 00:58:00', NULL, 'TestingUAT', 0),
(2077, '', 1358, 5, -1, '0', '0', '0', 0, 0, 0, 100, 0, 'salman', 1207177413, 0, '2008-04-03 01:03:00', NULL, 'TestingUAT', 0),
(2078, 'R-03040236-2078', 1356, 5, -1, '0', '0', '0', 100, 0, 0, 100, 0, 'salman', 1207183054, 0, '2008-04-03 02:37:00', NULL, 'TestingUAT', 0),
(2079, 'R-03040236-2078', 1356, 5, -1, '0', '0', '0', 100, 0, 0, 100, 0, 'salman', 1207183054, 0, '2008-04-03 02:37:00', NULL, 'TestingUAT', 0),
(2080, '', 1356, 5, -1, '0', '0', '0', 0, 0, 0, 100, 0, 'sa', 1207183451, 0, '2008-04-03 02:44:00', NULL, 'TestingUAT', 0),
(2081, '', 27, 3, -1, '0', '0', '0', 0, 0, 0, 100, 0, 'TestingUAT', 1207183549, 0, '2008-04-03 02:45:00', NULL, 'TestingUAT', 0),
(2082, '', 27, 3, -1, '0', '0', '0', 0, 0, 0, 100, 0, 'TestingUAT', 1207183550, 0, '2008-04-03 02:45:00', NULL, 'TestingUAT', 0),
(2083, '', 1364, 3, -1, '0', '0', '0', 0, 110, 80, 100, 0, 'TestingUAT', 1492597026, 1, '2017-04-19 12:17:00', NULL, 'TestingUAT', 0),
(2084, '', 1368, 3, -1, '0', '0', '0', 0, 0, 0, 0, 0, '', 1492597746, 0, '2017-04-19 12:29:00', NULL, 'TestingUAT', 0),
(2085, '', 1357, 25, -1, '0', '0', '0', 0, 0, 0, 100, 0, '', 1492598289, 0, '2017-04-19 12:38:00', NULL, 'TestingUAT', 0),
(2086, 'R-02042113-2086', 1356, 3, -1, '0', '0', '0', 100, 0, 0, 100, 0, 'TestingUAT', 1207163665, 0, '2008-04-02 21:14:00', NULL, 'TestingUAT', 0),
(2087, 'R-02042113-2086', 1356, 3, -1, '0', '0', '0', 100, 0, 0, 100, 0, 'TestingUAT', 1207163666, 0, '2008-04-02 21:14:00', NULL, 'TestingUAT', 0),
(2088, '', 1358, 3, -1, '0', '0', '0', 0, 100, 0, 100, 0, '', 1207163959, 0, '2008-04-02 21:19:00', NULL, 'TestingUAT', 0),
(2089, '', 1359, 3, -1, '0', '0', '0', 0, 100, 0, 100, 0, '', 1492663809, 0, '2017-04-20 06:50:00', NULL, 'TestingUAT', 0),
(2090, '', 1359, 3, -1, '0', '0', '0', 0, 100, 0, 100, 0, '', 1492663810, 0, '2017-04-20 06:50:00', NULL, 'TestingUAT', 0),
(2091, '', 1356, 3, -1, '0', '0', '0', 0, 100, 0, 100, 0, '', 1492664977, 0, '2017-04-20 07:09:00', NULL, 'TestingUAT', 0),
(2092, '', 1364, 3, -1, '0', '0', '0', 0, 100, 0, 0, 100, '', 1492665216, 0, '2017-04-20 07:13:00', NULL, 'TestingUAT', 0),
(2093, '', 1364, 3, -1, '0', '0', '0', 0, 100, 0, 0, 100, '', 1492665216, 0, '2017-04-20 07:13:00', NULL, 'TestingUAT', 0),
(2094, '', 1357, 3, -1, '0', '0', '0', 0, 0, 0, 100, 0, '', 1492666519, 0, '2017-04-20 07:35:00', NULL, 'TestingUAT', 0),
(2095, '', 1360, 29, -1, '0', '0', '0', 0, 0, 0, 100, 0, '', 1492667597, 0, '2017-04-20 07:53:00', NULL, 'TestingUAT', 0),
(2096, '', 1360, 30, -1, '0', '0', '0', 0, 0, 0, 100, 0, '', 1492667907, 0, '2017-04-20 07:58:00', NULL, 'TestingUAT', 0),
(2097, '', 1360, 30, -1, '0', '0', '0', 0, 0, 0, 100, 0, '', 1492667907, 0, '2017-04-20 07:58:00', NULL, 'TestingUAT', 0),
(2098, 'R-20040717-2094', 1356, 2, -1, '0', '0', '0', 100, 0, 0, 100, 0, 'TestingUAT', 1492669666, 0, '2017-04-20 08:27:00', NULL, 'TestingUAT', 0),
(2099, 'R-20040840-2099', 1356, 4, -1, '0', '0', '0', 100, 0, 0, 100, 0, 'TestingUAT', 1492670490, 0, '2017-04-20 08:41:00', NULL, 'TestingUAT', 0),
(2100, 'R-20040840-2099', 1356, 4, -1, '0', '0', '0', 100, 0, 0, 100, 0, 'TestingUAT', 1492670490, 0, '2017-04-20 08:41:00', NULL, 'TestingUAT', 0),
(2101, '', 1356, 3, -1, '0', '0', '0', 0, 0, 0, 100, 0, '', 1492670688, 0, '2017-04-20 08:44:00', NULL, 'TestingUAT', 0),
(2102, '', 1356, 3, -1, '0', '0', '0', 0, 0, 0, 100, 0, '', 1492670688, 0, '2017-04-20 08:44:00', NULL, 'TestingUAT', 0),
(2103, '', 1356, 4, -1, '0', '0', '0', 0, 0, 0, 100, 0, '', 1492670898, 0, '2017-04-20 08:48:00', NULL, 'TestingUAT', 0),
(2104, 'R-20040849-2104', 1356, 3, -1, '0', '0', '0', 100, 0, 0, 100, 0, 'TestingUAT', 1492671084, 0, '2017-04-20 08:51:00', NULL, 'TestingUAT', 0),
(2105, '', 1356, 3, -1, '0', '0', '0', 0, 0, 0, 0, 1, '', 1492672412, 0, '2017-04-20 09:13:00', NULL, 'TestingUAT', 0),
(2106, '0', 0, 0, 0, '0', '0', '0', 0, 0, 0, 0, 0, '0', 1492673361, 0, '2017-04-20 09:29:00', NULL, '0', 0),
(2107, 'R-20040930-2107', 1356, 2, -1, '0', '0', '0', 100, 0, 0, 100, 0, 'TestingUAT', 1492673434, 0, '2017-04-20 09:30:00', NULL, 'TestingUAT', 0),
(2108, 'R-20040952-2108', 1356, 3, -1, '0', '0', '0', 100, 0, 0, 100, 0, 'TestingUAT', 1492674761, 0, '2017-04-20 09:52:00', NULL, 'TestingUAT', 0),
(2109, '', 1359, 4, -1, '0', '0', '0', 0, 0, 0, 100, 0, '', 1492674831, 0, '2017-04-20 09:53:00', NULL, 'TestingUAT', 0),
(2110, 'R-20041156-2110', 1356, 4, -1, '0', '0', '0', 0, 0, 0, 100, 100, '', 1492682247, 0, '2017-04-20 11:57:00', NULL, 'TestingUAT', 0),
(2111, 'R-20041213-2111', 1371, 3, -1, '0', '0', '0', 0, 0, 0, 100, 0, '', 1492683271, 0, '2017-04-20 12:14:00', NULL, 'TestingUAT', 0),
(2112, 'R-20041231-2112', 1356, 3, -1, '0', '0', '0', 100, 0, 0, 100, 0, 'TestingUAT', 1492684290, 0, '2017-04-20 12:31:00', NULL, 'TestingUAT', 0),
(2113, 'R-20041231-2113', 1372, 3, -1, '0', '0', '0', 100, 0, 0, 100, 0, 'TestingUAT', 1492684365, 0, '2017-04-20 12:32:00', NULL, 'TestingUAT', 0),
(2114, 'R-20041232-2114', 1356, 4, -1, '0', '0', '0', 100, 0, 0, 100, 0, 'TestingUAT', 1492684409, 0, '2017-04-20 12:33:00', NULL, 'TestingUAT', 0),
(2115, 'R-20041233-2115', 1373, 3, -1, '0', '0', '0', 100, 0, 0, 90, 10, 'TestingUAT', 1492684510, 0, '2017-04-20 12:35:00', NULL, 'TestingUAT', 0),
(2116, 'R-20041233-2115', 1373, 3, -1, '0', '0', '0', 100, 0, 0, 90, 10, 'TestingUAT', 1492684510, 0, '2017-04-20 12:35:00', NULL, 'TestingUAT', 0),
(2117, 'R-20041228-2112', 1356, 3, -1, '0', '0', '0', 100, 0, 0, 100, 0, 'TestingUAT', 1492684551, 0, '2017-04-20 12:35:00', NULL, 'TestingUAT', 0),
(2118, 'R-20041236-2118', 1356, 3, -1, '0', '0', '0', 100, 0, 0, 100, 0, 'TestingUAT', 1492684646, 0, '2017-04-20 12:37:00', NULL, 'TestingUAT', 0),
(2119, 'R-20041304-2119', 1356, 3, -1, '0', '0', '0', 100, 0, 0, 100, 0, 'TestingUAT', 1492686304, 0, '2017-04-20 13:05:00', NULL, 'TestingUAT', 0),
(2120, 'R-20041304-2119', 1356, 3, -1, '0', '0', '0', 100, 0, 0, 100, 0, 'TestingUAT', 1492686304, 0, '2017-04-20 13:05:00', NULL, 'TestingUAT', 0),
(2121, 'R-20041305-2121', 1356, 3, -1, '0', '0', '0', 100, 0, 0, 100, 0, 'TestingUAT', 1492686355, 0, '2017-04-20 13:05:00', NULL, 'TestingUAT', 0),
(2122, 'R-02051238-2122', 1356, 6, -1, '0', '0', '0', 200, 0, 0, 200, 0, 'TestingUAT', 1493721548, 0, '2017-05-02 12:39:00', NULL, 'TestingUAT', 0),
(2123, 'R-02051238-2122', 1356, 6, -1, '0', '0', '0', 200, 0, 0, 200, 0, 'TestingUAT', 1493721548, 0, '2017-05-02 12:39:00', NULL, 'TestingUAT', 0),
(2124, 'R-03050820-2124', 1356, 2, -1, '0', '0', '0', 100, 0, 0, 100, 0, 'TestingUAT', 1493792490, 0, '2017-05-03 08:21:00', NULL, 'TestingUAT', 0),
(2125, 'R-03050820-2124', 1356, 2, -1, '0', '0', '0', 100, 0, 0, 100, 0, 'TestingUAT', 1493792490, 0, '2017-05-03 08:21:00', NULL, 'TestingUAT', 0),
(2126, 'R-03050832-2126', 1356, 3, -1, '0', '0', '0', 100, 0, 0, 100, 0, 'TestingUAT', 1493793180, 0, '2017-05-03 08:33:00', NULL, 'TestingUAT', 0),
(2127, 'R-03050848-2127', 1357, 3, -1, '0', '0', '0', 100, 0, 0, 100, 0, 'TestingUAT', 1493794144, 0, '2017-05-03 08:49:00', NULL, 'TestingUAT', 0),
(2128, 'R-04050709-2128', 1459, 3, -1, '0', '0', '0', 100, 0, 0, 100, 0, '', 1493874655, 0, '2017-05-04 07:10:00', NULL, 'TestingUAT', 0),
(2129, 'R-04050828-2129', 54, 3, -1, '0', '0', '0', 100, 0, 0, 100, 0, '', 1493879355, 0, '2017-05-04 08:29:00', NULL, 'TestingUAT', 0),
(2130, 'R-04050833-2130', 1356, 3, -1, '0', '0', '0', 100, 0, 0, 100, 0, '', 1493879659, 0, '2017-05-04 08:34:00', NULL, 'TestingUAT', 0),
(2131, 'R-04050833-2130', 1356, 3, -1, '0', '0', '0', 100, 0, 0, 100, 0, '', 1493879659, 0, '2017-05-04 08:34:00', NULL, 'TestingUAT', 0),
(2132, 'R-04050833-2130', 1356, 3, -1, '0', '0', '0', 100, 0, 0, 100, 0, '', 1493879660, 0, '2017-05-04 08:34:00', NULL, 'TestingUAT', 0),
(2133, 'R-04050928-2133', 1357, 4, -1, '0', '0', '0', 100, 0, 0, 100, 0, '', 1493882972, 0, '2017-05-04 09:29:00', NULL, 'TestingUAT', 0),
(2134, 'R-04050934-2134', 1304, 3, -1, '0', '0', '0', 100, 0, 0, 100, 0, '', 1493883320, 0, '2017-05-04 09:35:00', NULL, 'TestingUAT', 0);

-- --------------------------------------------------------

--
-- Table structure for table `invoice_service_mapping`
--

CREATE TABLE `invoice_service_mapping` (
  `id` int(10) UNSIGNED NOT NULL,
  `invoice_no` varchar(20) DEFAULT NULL,
  `service_id` int(11) DEFAULT NULL,
  `service_amount` int(11) DEFAULT NULL,
  `is_reported` int(11) NOT NULL DEFAULT '0' COMMENT 'if 1 then report generated'
) ENGINE=MyISAM DEFAULT CHARSET=latin1;

--
-- Dumping data for table `invoice_service_mapping`
--

INSERT INTO `invoice_service_mapping` (`id`, `invoice_no`, `service_id`, `service_amount`, `is_reported`) VALUES
(15, 'R-28020839-2045', 2, 100, 1),
(2, 'R-27021138-2037', 47, 350, 1),
(34, 'R-14030815-2056', 46, 300, 1),
(35, 'R-14030815-2056', 45, 150, 1),
(38, 'R-14030849-2058', 0, 0, 0),
(37, 'R-14030820-2057', 47, 350, 1),
(39, 'R-14030849-2058', 47, 350, 1),
(40, 'R-14031044-2059', 0, 0, 0),
(41, 'R-14031044-2059', 655, 150, 1),
(42, 'R-14031054-2060', 0, 0, 0),
(43, 'R-14031054-2060', 520, 5000, 0);

-- --------------------------------------------------------

--
-- Table structure for table `laboratorist`
--

CREATE TABLE `laboratorist` (
  `laboratorist_id` int(11) NOT NULL,
  `name` longtext CHARACTER SET utf8 COLLATE utf8_unicode_ci NOT NULL,
  `email` longtext CHARACTER SET utf8 COLLATE utf8_unicode_ci NOT NULL,
  `password` longtext CHARACTER SET utf8 COLLATE utf8_unicode_ci NOT NULL,
  `address` longtext CHARACTER SET utf8 COLLATE utf8_unicode_ci NOT NULL,
  `phone` longtext CHARACTER SET utf8 COLLATE utf8_unicode_ci NOT NULL
) ENGINE=MyISAM DEFAULT CHARSET=latin1;

--
-- Dumping data for table `laboratorist`
--

INSERT INTO `laboratorist` (`laboratorist_id`, `name`, `email`, `password`, `address`, `phone`) VALUES
(2, 'Imran Mcdonald', 'imran@gmail.com', 'laboratorist', '363 Major St Cobourg K9A 4C8', '(08) 9384 6512');

-- --------------------------------------------------------

--
-- Table structure for table `language`
--

CREATE TABLE `language` (
  `phrase_id` int(11) NOT NULL,
  `phrase` longtext COLLATE utf8_unicode_ci NOT NULL,
  `english` longtext COLLATE utf8_unicode_ci NOT NULL,
  `bengali` longtext COLLATE utf8_unicode_ci NOT NULL,
  `spanish` longtext COLLATE utf8_unicode_ci NOT NULL,
  `arabic` longtext COLLATE utf8_unicode_ci NOT NULL,
  `dutch` longtext COLLATE utf8_unicode_ci NOT NULL,
  `russian` longtext COLLATE utf8_unicode_ci NOT NULL,
  `chinese` longtext COLLATE utf8_unicode_ci NOT NULL,
  `turkish` longtext COLLATE utf8_unicode_ci NOT NULL,
  `portuguese` longtext COLLATE utf8_unicode_ci NOT NULL,
  `hungarian` longtext COLLATE utf8_unicode_ci NOT NULL,
  `french` longtext COLLATE utf8_unicode_ci NOT NULL,
  `greek` longtext COLLATE utf8_unicode_ci NOT NULL,
  `german` longtext COLLATE utf8_unicode_ci NOT NULL,
  `italian` longtext COLLATE utf8_unicode_ci NOT NULL,
  `thai` longtext COLLATE utf8_unicode_ci NOT NULL,
  `urdu` longtext COLLATE utf8_unicode_ci NOT NULL,
  `hindi` longtext COLLATE utf8_unicode_ci NOT NULL,
  `latin` longtext COLLATE utf8_unicode_ci NOT NULL,
  `indonesian` longtext COLLATE utf8_unicode_ci NOT NULL,
  `japanese` longtext COLLATE utf8_unicode_ci NOT NULL,
  `korean` longtext COLLATE utf8_unicode_ci NOT NULL
) ENGINE=MyISAM DEFAULT CHARSET=utf8 COLLATE=utf8_unicode_ci;

--
-- Dumping data for table `language`
--

INSERT INTO `language` (`phrase_id`, `phrase`, `english`, `bengali`, `spanish`, `arabic`, `dutch`, `russian`, `chinese`, `turkish`, `portuguese`, `hungarian`, `french`, `greek`, `german`, `italian`, `thai`, `urdu`, `hindi`, `latin`, `indonesian`, `japanese`, `korean`) VALUES
(1, 'admin_dashboard', 'admin dashboard', ' ', 'panel de administracin', '   ', 'admin dashboard', ' ', '', 'ynetici paneli', 'painel de administrao', 'admin mszerfal', 'interface d''administration', ' admin ', 'Admin-Dashboard', 'cruscotto Admin', '', '  ', ' ', 'admin Dashboard', 'dashboard admin', '', '  '),
(2, 'login', 'login', ' ', 'login', '', 'inloggen', '', '', 'giri', 'login', 'bejelentkezs', 'S''identifier', '', 'anmelden', 'login', '', ' ', '', 'login', 'login', '', ''),
(3, 'email', 'email', '', 'email', ' ', 'e-mail', 'E-mail', '', 'e-posta', 'e-mail', 'email', 'email', 'e-mail', 'E-Mail-', 'e-mail', '', ' ', '', 'Email', 'email', '', ''),
(4, 'password', 'password', '', 'contrasea', ' ', 'wachtwoord', '', '', 'parola', 'senha', 'jelsz', 'mot de passe', ' ', 'Kennwort', 'parola d''ordine', '', ' ', '', 'Signum', 'kata sandi', '', ''),
(5, 'forgot_password?', 'forgot password?', '  ?', 'Olvid su contrasea?', '   ', 'wachtwoord vergeten?', ' ?', '', 'ifremi unuttum?', 'Esqueceu a senha?', 'elfelejtett jelsz?', 'Mot de passe oubli?', '   ;', 'Passwort vergessen?', 'Hai dimenticato la password?', '?', '    ', '   ?', 'nibh', 'lupa password?', '', '  ?'),
(6, 'account_type', 'account type', ' ', 'Tipo de cuenta', ' ', 'accounttype', ' ', '', 'hesap tr', 'tipo de conta', 'fik tpust', 'type de compte', ' ', 'Kontotyp', 'Tipo di conto', '', '  ', ' ', 'propter speciem', 'Jenis akun', '', ' '),
(7, 'admin', 'admin', '', 'administracin', '', 'admin', '', '', 'ynetim', 'administrador', 'admin', 'administrateur', ' admin', 'Admin', 'Admin', '', '', '', 'admin', 'admin', '', ''),
(8, 'doctor', 'doctor', '', 'doctor', ',en', 'dokter', ',en', ',en', 'doktor', 'mdico', 'orvos', 'mdecin', '', 'Arzt', 'medico', '', '', '', 'Medicus', 'dokter', '', ''),
(9, 'patient', 'patient', '', 'paciente', ',en', 'patint', ',en', ',en', 'hasta', 'paciente', 'beteg', 'patients', '', 'Patienten', 'paziente', '', '', '', 'Patientes', 'pasien', '', ''),
(10, 'pharmacist', 'pharmacist', '', 'farmacutico', ',en', 'apotheker', '', ',en', 'eczac', 'farmacutico', 'gygyszersz', 'pharmacien', '', 'Apotheker', 'farmacista', '', '', ' ', 'pharmacist', 'apoteker,en', '', ',en'),
(11, 'laboratorist', 'laboratorist,eo', '', 'laboratorista', 'laboratorist', 'laboratorist', 'laboratorist', 'laboratorist', 'laboratorist', 'laboratorista', 'laboratorist', 'laboratorist', 'laboratorist', 'laboratorist', 'laboratorist,eo', 'laboratorist', 'laboratorist', 'laboratorist', 'laboratorist', 'laboratorist,eo', 'laboratorist', 'laboratorist'),
(12, 'accountant', 'accountant', '', 'contador', ',en', 'boekhouder', '', ',en', 'muhasebeci', 'contador', 'knyvel', 'comptable', '', 'Buchhalter', 'ragioniere', '', '', '', 'Ratiocinatore', 'akuntan', '', ' '),
(13, 'monitor_hospital', 'monitor hospital', ' ', 'hospital monitor', ' ,en', 'beeldscherm ziekenhuis', ' ', ',en', 'monitr hastane', 'Monitor hospitalar', 'monitor krhzban', 'hpital moniteur', '  ', 'Monitor Krankenhaus', 'ospedale monitor', '', ' ', ' ', 'notes hospitalis', 'memantau rumah sakit', '', ' ,en'),
(14, 'nurse', 'nurse', '', 'enfermera', ',en', 'verpleegster', '', ',en', 'hemire', 'enfermeira', 'nvr', 'infirmire', '', 'Krankenschwester', 'infermiere', '', '', '', 'nutricem', 'perawat', '', ''),
(15, 'department', 'department', '', 'departamento', ',en', 'afdeling', '', ',en', 'blm', 'departamento', 'osztly', 'dpartement', '', 'Abteilung', 'Dipartimento', '', '', '', 'Department', 'departemen', '', ''),
(16, 'dashboard', 'dashboard', '', 'salpicadero', '  ,en', 'dashboard', ' ', ',en', 'gsterge paneli', 'painel de instrumentos', 'mszerfal', 'tableau de bord', '', 'Armaturenbrett', 'cruscotto', '', ' ', '', 'Dashboard', 'dasbor', '', ',en'),
(17, 'settings', 'settings', '', 'ajustes', ',en', 'instellingen', '', ',en', 'ayarlar', 'definies', 'belltsok', 'rglages', '', 'Einstellungen', 'impostazioni', '', '', '', 'obitus', 'Pengaturan', '', ',en'),
(18, 'profile', 'profile', '', 'perfil', ' ,en', 'profiel', '', ',en', 'profil', 'perfil', 'profil', 'profil', '', 'Profil', 'Profilo', '', '', '', 'profile', 'profil,en', '', ''),
(19, 'settings_updated', 'settings updated', ' ', 'configuracin actualizado', ' ', 'instellingen bijgewerkt', ' ', '', 'ayarlarnn gncellenmesi', 'definies atualizadas', 'belltsok frisstse', 'les paramtres mis  jour', ' ', 'Einstellungen aktualisiert', 'impostazioni aggiornate', '', '   ', ' ', 'occasus updated', 'pengaturan diperbarui', '', ' '),
(20, 'logout', 'logout', ' ', 'logout', '', 'uitloggen', '  ', '', 'k', 'sair', 'logout', 'dconnexion', '', 'Abmeldung', 'il logout', '', '  ', '', 'logout', 'logout', '', ' '),
(21, 'logged_out', 'logged out', ' ', 'desconectado', ' ', 'uitgelogd', '  ', '', 'oturumu', 'desconectado', 'kijelentkezett', 'dconnect', '', 'abgemeldet', 'disconnesso', '', ' ', ' ', 'de logged', 'log out', '', ' '),
(22, 'reset_password', 'reset password', '  ', 'restablecer la contrasea', '   ', 'reset wachtwoord', ' ', '', 'parola sfrlama', 'redefinir a senha', 'Jelsz trlse', 'rinitialiser le mot de passe', '   ', 'Kennwort zurcksetzen', 'reimpostare la password', '', '   ', ' ', 'reset Signum', 'reset password', '', ' '),
(23, 'reset', 'reset', ' ', 'reajustar', ' ', 'reset', '', '', 'ayarlamak', 'restabelecer', 'vissza', 'rinitialiser', '', 'Zurcksetzen', 'reimpostare', '', ' ', ' ', 'reset', 'ulang', '', ''),
(24, 'account', 'account', '', 'cuenta', '', 'rekening', '', '', 'hesap', 'conta', 'szmla', 'considration', '', 'Rechnung', 'acconto', '', '', '', 'propter', 'rekening', '', ''),
(25, 'select_language', 'select language', '  ', 'seleccionar el idioma', ' ,en', 'Selecteer taal,en', ' ,en', ',en', 'dili sein', 'selecionar o idioma', 'Vlasszon nyelvet', 'slectionner la langue', '  ', 'Sprache whlen', 'selezionare la lingua', '', '  ', '  ', 'Linguam elige', 'pilih bahasa', '', ' ,en'),
(26, 'panel', 'panel', '', 'panel', '', 'paneel', '', '', 'panel', 'painel', 'bizottsg', 'panneau', '', 'Panel', 'pannello', '', '', '', 'panel', 'panel', '', ''),
(27, 'view_appointment', 'view appointment', ' ', 'ver la cita', ' ', 'bekijken afspraak', ' ', '', 'randevu grmek', 'ver nomeao', 'Tallkoz megtekintse', 'voir rendez-vous', '  ', 'Termin ansehen', 'visualizzare appuntamento', '', '  ', ' ', 'considerabit constitutio', 'lihat penunjukan', '', ''),
(28, 'view_payment', 'view payment', ' ', 'ver pago', ' ', 'bekijk betaling', ' ', '', 'deme grmek', 'ver o pagamento', 'megtekintse fizets', 'voir paiement', ' ', 'sehen Zahlung', 'visualizzare pagamento', '', '  ', ' ', 'considerabit solutione', 'lihat pembayaran', '', ' '),
(29, 'view_bed_status', 'view bed status', '  ', 'ver el estado de la cama', '  ', 'bekijk de status bed', 'View Bed ', '', 'yatak durumunu grntlemek', 'visualizar o status de cama', 'View Bed llapot', 'afficher l''tat du lit', '   ', 'View Bed Status', 'visualizzare lo stato del letto', '', '     ', '  ', 'considerabit status cubile', 'melihat status tidur', '', '  '),
(30, 'view_blood_bank', 'view blood bank', '  ', 'ver el banco de sangre', '  ', 'bekijk bloedbank', '  ', '', 'kan bankas grmek', 'ver banco de sangue', 'megtekintshez vr bank', 'voir la banque de sang', '  ', 'sehen Blutbank', 'visualizzare banca del sangue', '', '   ', '  ', 'considerabit sanguinem ripae', 'lihat bank darah', '', ' '),
(31, 'view_medicine', 'view medicine', ' ', 'ver la medicina', '  ', 'bekijk geneeskunde', ' ', '', 'tp grmek', 'ver medicina', 'megtekintshez gygyszer', 'voir la mdecine', '  ', 'ansehen Medizin', 'visualizzare medicina', '', '   ', ' ', 'considerabit medicamentum', 'lihat obat', '', ' '),
(32, 'view_operation', 'view operation', ' ', 'ver la operacin', ' ', 'bekijk operatie', ' ', '', 'alma grmek', 'visualizar operao', 'megtekinteni mkds', 'voir opration', '  ', 'anzuzeigen Betrieb', 'visualizzare il funzionamento', '', '  ', ' ', 'considerabit operatione', 'melihat operasi', '', ' '),
(33, 'view_birth_report', 'view birth report', ' ', 'ver el informe de nacimiento', '  ', 'bekijk geboorte rapport', '  ', '', 'Doum raporunu grntlemek', 'ver relatrio de nascimento', 'megtekintshez szletsi jelents', 'voir rapport de naissance', '   ', 'sehen Geburtsdatum Bericht', 'visualizzare il report di nascita', '', '    ', '  ', 'considerabit nativitatis auditui', 'melihat laporan kelahiran', '', '  '),
(34, 'view_death_report', 'view death report', ' ', 'ver el informe de la muerte', '  ', 'bekijk dood rapport', '  ', '', 'lm raporunu grntlemek', 'ver relatrio morte', 'a hallt jelents', 'voir rapport de la mort', '    ', 'sehen Tod Bericht', 'visualizzare il report di morte', '', '    ', '  ', 'considerabit mortis nuntium', 'melihat laporan kematian', '', '  '),
(35, 'manage_email_template', 'manage email template', '  ', 'gestin de plantilla de correo electrnico', '   ', 'beheren e-mail template', '   ', '', 'e-posta ablonu ynetmek', 'gerenciar modelo de e-mail', 'kezelni e-mail sablon', 'grer modle de courriel', '  email', 'Verwalten von E-Vorlage', 'gestione modello e-mail', '', '   ', '   ', 'Morbi luctus curo', 'mengelola email template', '', '    '),
(36, 'manage_noticeboard', 'manage noticeboard', ' ', 'gestionar tabln de anuncios', ' ', 'beheren prikbord', '  ', '', 'panosuna ynetmek', 'gerenciar avisos', 'kezelni zenfaln', 'grer panneau d''', ' ', 'verwalten noticeboard', 'gestire bacheca', ' noticeboard', 'noticeboard  ', ' ', 'noticeboard curo', 'mengelola pengumuman', '', '  more '),
(37, 'system_settings', 'system settings', ' ', 'configuracin del sistema', ' ', 'systeeminstellingen', ' ', '', 'sistem ayarlarn', 'configuraes do sistema', 'rendszerbelltsokat', 'les paramtres du systme', '  ', 'Systemeinstellungen', 'impostazioni di sistema', '', '  ', ' ', 'ratio occasus', 'pengaturan sistem', '', ' '),
(38, 'manage_language', 'manage language', ' ', 'gestionar idioma', ' ', 'beheren taal', ' ', '', 'dil ynetmek', 'gerenciar linguagem', 'kezelni nyelv', 'grer langue', ' ', 'verwalten Sprache', 'gestire lingua', '', '  ', '  ', 'Linguam curo', 'mengelola bahasa', '', ' '),
(39, 'backup_restore', 'backup restore', ' ', 'Restaurar copia de seguridad', '  ', 'backup terugzetten', '  ', '', 'geri yedekleme', 'Restaurao de Backup', 'Backup Restore', 'Backup Restore', '  ', 'Backup wiederherstellen', 'Backup Restore', '', '  ', ' ', 'tergum quod restituo', 'backup restore', '', ' '),
(40, 'appointment', 'appointment', '', 'nombramiento', '', 'afspraak', '', '', 'randevu', 'nomeao', 'kinevezs', 'rendez-vous', '', 'Ernennung', 'appuntamento', '', '', '', 'Nominatio', 'penunjukan', '', ''),
(41, 'payment', 'payment', '', 'pago', '', 'betaling', '', '', 'deme', 'pagamento', 'fizets', 'paiement', '', 'Bezahlung', 'pagamento', '', '', '', 'solucionis', 'pembayaran', '', ''),
(42, 'blood_bank', 'blood bank', ' ', 'banco de sangre', ' ', 'bloedbank', ' ', '', 'kan bankas', 'banco de sangue', 'vrbank', 'la banque de sang', ' ', 'Blutbank', 'banca del sangue', '', ' ', ' ', 'sanguinem ripam', 'bank darah', '', ' '),
(43, 'medicine', 'medicine', '', 'medicina', '', 'geneeskunde', '', '', 'tp', 'medicina', 'orvostudomny', 'mdecine', '', 'Medizin', 'medicina', '', '', '', 'medicine', 'obat', '', ''),
(44, 'operation_report', 'operation report', ' ', 'confirmacin de la operacin', ' ', 'bediening rapport', '  ', '', 'alma raporu', 'relatrio operao', 'mkdsrl szl jelents', 'rapport d''opration', ' ', 'OP-Bericht', 'rapporto sul funzionamento', '', '  ', ' ', 'operatio auditui', 'Laporan operasi', '', ' '),
(45, 'birth_report', 'birth report', ' ', 'informe nacimiento', ' ', 'geboorte rapport', ' ', '', 'doum raporu', 'relatrio de nascimento', 'szletsi jelents', 'rapport  la naissance', ' ', 'Geburt Bericht', 'relazione di nascita', '', '  ', ' ', 'fama nativitate', 'Laporan lahir', '', ' '),
(46, 'death_report', 'death report', ' ', 'informe de la muerte', ' ', 'dood rapport', ' ', '', 'lm raporu', 'relatrio morte', 'hall jelents', 'Rapport de mort', '  ', 'Tod Bericht', 'rapporto di morte', '', ' ', ' ', 'fama mortis', 'Laporan kematian', '', ' '),
(47, 'bed_allotment', 'bed allotment', ' ', 'asignacin de cama', ' ', 'bed toewijzing', ' ', '', 'yatak tahsis', 'cama loteamento', 'gy eloszts', 'attribution de lit', ' ', 'Bett Zuteilung', 'letto riparto', '', ' ', ' ', 'stratum sorti', 'tidur penjatahan', '', ' '),
(48, 'noticeboard', 'noticeboard', '', 'noticeboard', '', 'prikbord', ' ', '', 'panosuna', 'NOTICEBOARD', 'zenfaln', 'Panneau d''affichage', '', 'Schwarzes Brett', 'bacheca', 'noticeboard', 'noticeboard', 'Noticeboard', 'noticeboard', 'pengumuman', '', '  more'),
(49, 'language', 'language', '', 'idioma', '', 'taal', '', '', 'dil', 'linguagem', 'nyelv', 'langue', '', 'Sprache', 'lingua', '', '', '', 'Linguam', 'bahasa', '', ''),
(50, 'backup', 'backup', '', 'copia de seguridad', ' ', 'backup', ' ', '', 'yedekleme', 'fazer backup', 'ht', 'sauvegarder', ' ', 'Backup', 'eseguire il backup', '', ' ', '', 'tergum', 'backup', '', ''),
(51, 'calendar_schedule', 'calendar schedule', ' ', 'horario de calendario', ' ', 'kalender schema', ' ', '', 'takvim program', 'calendrio da programao', 'naptri temezs', 'calendrier calendrier', ' ', 'Kalender Zeitplan', 'calendario calendario', '', ' ', ' ', 'Calendarium cedula', 'jadwal kalender', '', ' '),
(52, 'manage_department', 'manage department', ' ', 'gestionar departamento', ' ', 'beheren afdeling', ' ', '', 'blm ynetmek', 'gerenciar departamento', 'kezelni osztly', 'grer dpartement', '  ', 'Verwaltung Abteilung', 'gestire reparto', '', '  ', '  ', 'department curo', 'mengelola departemen', '', ' '),
(53, 'department_list', 'department list', ' ', 'Lista departamento', ' ', 'afdeling lijst', ' ', '', 'blm listesi', 'Lista de departamento', 'osztly lista', 'Liste dpartement', ' ', 'Abteilung Liste', 'Lista reparto', '', '  ', '  ', 'department album', 'Daftar departemen', '', ' '),
(54, 'add_department', 'add department', '  ', 'aadir departamento', ' ', 'add afdeling', ' ', '', 'blm ekleyin', 'adicionar departamento', 'add osztly', 'ajouter dpartement', '  ', 'Abteilung hinzufgen', 'aggiungere reparto', '', ' ', ' ', 'addere dolor', 'menambah organisasi', '', ' '),
(55, 'department_name', 'department name', ' ', 'nombre del departamento', ' ', 'afdelingsnaam', ' ', '', 'blm ad', 'nome do departamento', 'rszleg nevt', 'nom du dpartement', ' ', 'Name der Abteilung', 'nome del reparto', '', '  ', '  ', 'nomen department', 'nama departemen', '', ' '),
(56, 'description', 'description', '', 'descripcin', '', 'beschrijving', '', '', 'tanmlama', 'descrio', 'lers', 'Description', '', 'Beschreibung', 'descrizione', '', '', '', 'description', 'deskripsi', '', ''),
(57, 'options', 'options', '', 'Opciones', '', 'opties', '', '', 'seenekleri', 'opes', 'lehetsgek', 'les options', '', 'Optionen', 'opzioni', '', '', '', 'options', 'Pilihan', '', ''),
(58, 'edit', 'edit', ' ', 'editar', '', 'uitgeven', '', '', 'dzenleme', 'editar', 'szerkeszt', 'diter', '', 'bearbeiten', 'modificare', '', ' ', '', 'emendo', 'mengedit', '', ''),
(59, 'delete', 'delete', ' ', 'borrar', '', 'verwijderen', '', '', 'silmek', 'excluir', 'trl', 'supprimer', '', 'lschen', 'cancella', '', '  ', '', 'delete', 'menghapus', '', ''),
(60, 'department_description', 'department description', ' ', 'Descripcin del departamento', ' ', 'afdeling beschrijving', ' ', '', 'Blm aklamas', 'descrio departamento', 'osztly lers', 'Description dpartement', ' ', 'Abteilung Beschreibung', 'Descrizione del reparto', '', ' ', ' ', 'hac descriptione', 'deskripsi departemen', '', ' '),
(61, 'manage_doctor', 'manage doctor', ' ', 'gestionar mdico', ' ', 'beheren arts', ' ', '', 'doktor ynetmek', 'gerenciar mdico', 'kezelst orvos', 'grer mdecin', '  ', 'verwalten Arzt', 'gestire medico', '', '  ', '  ', 'Medicus curo', 'mengelola dokter', '', ' '),
(62, 'doctor_list', 'doctor list', ' ', 'Lista mdico', ' ', 'arts lijst', ' ', '', 'doktor listesi', 'lista mdico', 'orvos lista', 'liste de racle', ' ', 'Arzt-Liste', 'elenco medico', '', ' ', ' ', 'Medicus album', 'Daftar dokter', '', ' '),
(63, 'add_doctor', 'add doctor', '  ', 'aadir mdico', ' ', 'voegen arts', ' ', '', 'doktor ekleyin', 'adicionar mdico', 'hozz orvos', 'ajouter mdecin', '  ', 'Arzt hinzufgen', 'aggiungere medico', '', ' ', ' ', 'adde medicum', 'menambah tenaga dokter', '', ' '),
(64, 'doctor_name', 'doctor name', ' ', 'Nombre del mdico', ' ', 'Naam arts', ' ', '', 'doktor ad', 'Nome do mdico', 'orvos nv', 'Nom du mdecin', ' ', 'Arzt Namen', 'Nome del medico', '', '  ', '  ', 'medicus nomen', 'Nama dokter', '', ' '),
(65, 'name', 'name', '', 'nombre', '', 'naam', '', '', 'ad', 'nome', 'nv', 'Nom', '', 'Name', 'nome', '', '', '', 'nminis', 'nama', '', ''),
(66, 'address', 'address', '', 'direccin', '', 'adres', '', '', 'adres', 'endereo', 'cm', 'Adresse', '', 'Anschrift', 'indirizzo', '', '', '', 'inscriptio', 'alamat', '', ''),
(67, 'phone', 'phone', '', 'telfono', '', 'telefoon', '', '', 'telefon', 'telefone', 'telefon', 'tlphone', '', 'telefonieren', 'telefono', '', '', '', 'phone', 'telepon', '', ''),
(68, 'manage_patient', 'manage patient', ' ', 'gestionar paciente', ' ', 'beheren patint', ' ', '', 'hastann tedavisini dzenleyin', 'gerenciar paciente', 'kezelni beteg', 'grer les patients', '  ', 'Patienten verwalten', 'gestione del paziente', '', '  ', ' ', 'patiens aget', 'mengelola pasien', '', ' ');
INSERT INTO `language` (`phrase_id`, `phrase`, `english`, `bengali`, `spanish`, `arabic`, `dutch`, `russian`, `chinese`, `turkish`, `portuguese`, `hungarian`, `french`, `greek`, `german`, `italian`, `thai`, `urdu`, `hindi`, `latin`, `indonesian`, `japanese`, `korean`) VALUES
(69, 'patient_list', 'patient list', ' ', 'lista de pacientes', ' ', 'patint lijst', ' ', '', 'Hasta listesi', 'lista de pacientes', 'beteglistt', 'liste des patients', ' ', 'Patientenliste', 'elenco dei pazienti', '', '  ', ' ', 'Patientes album', 'daftar pasien', '', ' '),
(70, 'add_patient', 'add patient', '  ', 'aadir paciente', ' ', 'voegen patint', ' ', '', 'Hasta ekleyin', 'adicionar paciente', 'hozz beteg', 'ajouter patients', ' ', 'Patienten hinzufgen', 'aggiungere paziente', '', ' ', ' ', 'adde patientes', 'menambahkan pasien', '', ' '),
(71, 'patient_name', 'patient name', ' ', 'Nombre del paciente', ' ', 'naam van de patint', ' ', '', 'hasta ad', 'nome do paciente', 'pciens neve', 'le nom du patient', '   ', 'Patientennamen', 'nome del paziente', '', '  ', '  ', 'Patientes nomine', 'Nama pasien', '', ' '),
(72, 'age', 'age', '', 'edad', '', 'leeftijd', '', '', 'ya', 'idade', 'letkor', 'ge', '', 'Alter', 'et', '', '', '', 'saeculi', 'usia', '', ''),
(73, 'sex', 'sex', '', 'sexo', '', 'seks', '', '', 'seks', 'sexo', 'szex', 'sexe', '', 'Sex', 'sesso', '', ' ', '', 'sexum', 'seks', '', ''),
(74, 'blood_group', 'blood group', ' ', 'grupo sanguneo', ' ', 'bloedgroep', ' ', '', 'kan grubu', 'grupo sanguneo', 'vrcsoport', 'groupe sanguin', ' ', 'Blutgruppe', 'gruppo sanguigno', '', '  ', ' ', 'sanguine coetus', 'golongan darah', '', ''),
(75, 'birth_date', 'birth date', ' ', 'fecha de nacimiento', ' ', 'geboortedatum', ' ', '', 'doum tarihi', 'data de nascimento', 'szletsi dtum', 'date de naissance', ' ', 'Geburtsdatum', 'Data di nascita', '', '  ', ' ', 'date nativitatis', 'tanggal lahir', '', ''),
(76, 'male', 'male', '', 'macho', '', 'mannelijk', '', '', 'erkek', 'masculino', 'frfi', 'masculin', '', 'mnnlich', 'maschio', '', '', '', 'masculus', 'laki-laki', '', ''),
(77, 'female', 'female', '', 'femenino', '', 'vrouw', '', '', 'kadn', 'feminino', 'ni', 'fminin', '', 'weiblich', 'femminile', '', '', '', 'feminam', 'perempuan', '', ''),
(78, 'manage_nurse', 'manage nurse', ' ', 'gestionar la enfermera', ' ', 'beheren verpleegkundige', ' ', '', 'hemire ynetmek', 'gerenciar enfermeira', 'kezelni nvr', 'grer infirmire', ' ', 'verwalten Krankenschwester', 'gestire infermiera', '', '  ', '  ', 'nutrix curo', 'mengelola perawat', '', ' '),
(79, 'nurse_list', 'nurse list', ' ', 'Lista de enfermera', ' ', 'verpleegkundige lijst', ' ', '', 'hemire liste', 'lista enfermeira', 'nvr lista', 'infirmire liste', ' ', 'Krankenschwester Liste', 'Lista infermiera', '', '  ', ' ', 'nutrix album', 'daftar perawat', '', ' '),
(80, 'add_nurse', 'add nurse', '  ', 'aadir enfermera', ' ', 'voegen verpleegkundige', ' ', '', 'hemire ekleyin', 'adicionar enfermeira', 'hozz nvr', 'ajouter infirmire', ' ', 'Krankenschwester hinzufgen', 'aggiungere infermiera', '', ' ', ' ', 'adde nutricem', 'tambahkan perawat', '', ' '),
(81, 'nurse_name', 'nurse name', ' ', 'nombre de la enfermera', ' ', 'naam verpleegkundige', ' ', '', 'hemire ad', 'Nome enfermeira', 'nvr nv', 'nom de l''infirmire', ' ', 'Krankenschwester Namen', 'Nome infermiera', '', '  ', '  ', 'nomine nutricis', 'Nama perawat', '', ' '),
(82, 'manage_pharmacist', 'manage pharmacist', ' ', 'gestionar farmacutico', ' ', 'beheren apotheker', ' ', '', 'eczac ynetmek', 'gerenciar farmacutico', 'kezelni gygyszersz', 'grer pharmacien', ' ', 'verwalten Apotheker', 'gestire farmacista', '', '  ', '  ', 'pharmacist curo', 'mengelola apoteker', '', ' '),
(83, 'pharmacist_list', 'pharmacist list', ' ', 'Lista farmacutico', ' ', 'apotheker lijst', ' ', '', 'eczac liste', 'lista farmacutico', 'gygyszersz lista', 'liste de pharmacien', ' ', 'Apotheker Liste', 'Lista farmacista', '', ' ', ' ', 'pharmacist album', 'Daftar apoteker', '', ' '),
(84, 'add_pharmacist', 'add pharmacist', '  ', 'aadir farmacutico', ' ', 'voegen apotheker', ' ', '', 'eczac ekleyin', 'adicionar farmacutico', 'hozz gygyszerszt', 'ajouter pharmacien', '  ', 'Apotheker hinzufgen', 'aggiungere il farmacista', '', ' ', ' ', 'adde pharmacopola', 'menambahkan apoteker', '', ' '),
(85, 'pharmacist_name', 'pharmacist name', ' ', 'Nombre farmacutico', ' ', 'naam apotheker', ' ', '', 'eczac ad', 'Nome farmacutico', 'gygyszersz nv', 'Nom du pharmacien', '   ', 'Apotheker Namen', 'Nome del farmacista', '', '  ', '  ', 'pharmacist nomine', 'Nama apoteker', '', ' '),
(86, 'manage_laboratorist', 'manage laboratorist,eo', ' ', 'gestionar laboratorista', ' laboratorist', 'beheren laboratorist', ' laboratorist', 'laboratorist', 'laboratorist ynetmek', 'gerenciar laboratorista', 'kezelni laboratorist', 'grer laboratorist', ' laboratorist', 'verwalten laboratorist', 'gestire laboratorist', ' laboratorist', 'laboratorist  ', 'laboratorist ', 'laboratorist curo', 'mengelola laboratorist', 'laboratorist', 'laboratorist '),
(87, 'laboratorist_list', 'laboratorist list,eo', ' ', 'Lista laboratorista', ' laboratorist', 'laboratorist lijst', 'laboratorist ', 'laboratorist', 'laboratorist liste', 'lista laboratorista', 'laboratorist lista', 'Liste d''laboratorist', ' laboratorist', 'laboratorist Liste', 'Lista laboratorist', ' laboratorist', 'laboratorist ', 'laboratorist ', 'laboratorist album', 'Daftar laboratorist', 'laboratorist', 'laboratorist '),
(88, 'add_laboratorist', 'add laboratorist,eo', '  ', 'aadir laboratorista', ' laboratorist', 'voegen laboratorist', ' laboratorist', 'laboratorist', 'laboratorist ekleyin', 'adicionar laboratorista', 'hozz laboratorist', 'ajouter laboratorist', ' laboratorist', 'laboratorist hinzufgen', 'aggiungere laboratorist', ' laboratorist', 'laboratorist ', 'laboratorist ', 'adde laboratorist', 'tambahkan laboratorist', 'laboratorist', 'laboratorist '),
(89, 'laboratorist_name', 'laboratorist name,sl', ' ', 'Nombre laboratorista', ' laboratorist', 'naam laboratorist', 'laboratorist ', 'laboratorist', 'laboratorist ad', 'nome laboratorista', 'laboratorist nv', 'nom de laboratorist', ' laboratorist', 'laboratorist Namen', 'Nome laboratorist', ' laboratorist', 'laboratorist ', 'laboratorist ', 'nomen laboratorist', 'Nama laboratorist', 'laboratorist', 'laboratorist '),
(90, 'manage_accountant', 'manage accountant', ' ', 'gestin contable', ' ', 'beheren accountant', ' ', '', 'muhasebeci ynetmek', 'gerenciar contador', 'kezelni knyvel', 'grer comptable', ' ', 'Buchhalter verwalten', 'gestione contabile', '', '  ', ' ', 'Ratiocinatore curo', 'mengelola akuntan', '', ' '),
(91, 'accountant_list', 'accountant list', ' ', 'Lista de contador', ' ', 'accountant lijst', ' ', '', 'muhasebeci liste', 'Lista de contador', 'knyvel lista', 'Liste comptable', ' ', 'Buchhalter Liste', 'Lista ragioniere', '', ' ', ' ', 'Ratiocinatore album', 'Daftar akuntan', '', ' '),
(92, 'add_accountant', 'add accountant', '  ', 'aadir contador', ' ', 'voegen accountant', ' ', '', 'muhasebeci ekleyin', 'adicionar contador', 'hozz knyvel', 'ajouter comptable', ' ', 'Buchhalter hinzufgen', 'aggiungere ragioniere', '', ' ', ' ', 'adde Ratiocinatore', 'tambahkan akuntan', '', ' '),
(93, 'accountant_name', 'accountant name', ' ', 'Nombre del contador', ' ', 'naam accountant', ' ', '', 'muhasebeci ad', 'Nome do contador', 'knyvel nv', 'Nom de l''expert-comptable', ' ', 'Buchhalter Namen', 'Nome ragioniere', '', '  ', ' ', 'nomen Ratiocinatore', 'Nama akuntan', '', ' '),
(94, 'phrase_list', 'phrase list', ' ', 'lista de frases', ' ', 'woordgroepenlijst', ' ', '', 'ifade liste', 'lista de frases', 'kifejezs lista', 'liste de phrase', ' ', 'Phrase Liste', 'elenco frase', '', ' ', ' ', 'phrase album', 'Daftar frase', '', ' '),
(95, 'add_phrase', 'add phrase', '  ', 'aadir una frase', ' ', 'add zin', ' ', '', 'ifade ekleme', 'adicionar frase', 'add kifejezs', 'ajouter phrase', ' ', 'Phrase hinzufgen', 'aggiungere la frase', '', '  ', ' ', 'addere phrase', 'menambahkan frase', '', ' '),
(96, 'add_language', 'add language', ' ', 'aadir el idioma', ' ', 'add taal', ' ', '', 'dil eklemek', 'adicionar linguagem', 'nyelv hozzadsa', 'ajouter langue', ' ', 'Sprache hinzufgen', 'aggiungere la lingua', '', '  ', ' ', 'Linguam addere', 'menambah bahasa', '', ' '),
(97, 'phrase', 'phrase', '', 'frase', '', 'frase', '', '', 'ifade', 'frase', 'kifejezs', 'phrase', '', 'Begriff', 'Frase', '', '', '', 'phrase', 'frasa', '', ''),
(98, 'delete_language', 'delete language', '  ', 'eliminar el idioma', ' ', 'taal verwijderen', ' ', '', 'dil silmek', 'excluir linguagem', 'trlse nyelv', 'supprimer langue', ' ', 'lschen Sprache', 'eliminare lingua', '', '    ', '  ', 'Linguam delete', 'menghapus bahasa', '', ' '),
(99, 'update_phrase', 'update phrase', ' ', 'actualizar frase', ' ', 'updaten zin', ' ', '', 'ifade gncelleme', 'atualizar frase', 'frissts kifejezs', 'mettre  jour phrase', ' ', 'aktualisieren Phrase', 'aggiornare frase', '', '  ', ' ', 'phrase update', 'memperbarui frase', '', ' '),
(100, 'time', 'time', '', 'tiempo', '', 'tijd', '', '', 'zaman', 'tempo', 'id', 'heure', '', 'Zeit', 'volta', '', '', '', 'tempus', 'waktu', '', ''),
(101, 'amount', 'amount', '', 'cantidad', '', 'bedrag', '', '', 'miktar', 'quantidade', 'mennyisg', 'montant', '', 'Betrag', 'importo', '', '', '', 'moles', 'jumlah', '', ''),
(102, 'payment_type', 'payment type', ' ', 'forma de pago', ' ', 'soort betaling', ' ', '', 'deme tr', 'tipo de pagamento', 'fizetsi mdot', 'Type de paiement', ' ', 'Art der Bezahlung', 'Tipo di pagamento', '', '  ', '  ', 'type solutione', 'jenis pembayaran', '', ' '),
(103, 'transaction_id', 'transaction id', ' ', 'identificacin de la transaccin', ' ', 'transaction id', 'ID ', 'ID', 'ilem kimlii', 'ID da transao', 'tranzakci id', 'Identifiant de transaction', 'id ', 'Transaktions-ID', 'id transazione', ' ID', '  ', ' -  ', 'id negotii', 'id transaksi', 'ID', ' ID'),
(104, 'invoice_id', 'invoice id', ' ', 'Identificacin factura', ' ', 'factuur id', '- ID', '', 'fatura id', 'id fatura', 'szmla id', 'Identifiant facture', ' id', 'Rechnung id', 'id fattura', 'id ', '  ', ' ', 'ID cautionem', 'id faktur', 'ID', ' '),
(105, 'method', 'method', '', 'mtodo', '', 'methode', '', '', 'yntem', 'mtodo', 'mdszer', 'mthode', '', 'Verfahren', 'Metodo', '', '', '', 'methodo', 'metode', '', ''),
(106, 'bed_list', 'bed list', ' ', 'Lista de cama', ' ', 'bed lijst', ' ', '', 'yatak liste', 'Lista de cama', 'gy lista', 'liste de lit', ' ', 'Bett Liste', 'Lista letto', '', '  ', ' ', 'stratum album', 'Daftar tidur', '', ' '),
(107, 'bed_id', 'bed id', ' ', 'Identificacin cama', ' ', 'bed id', ' ID', 'ID', 'yatak id', 'id cama', 'gy id', 'Identifiant du lit', 'id ', 'Bett-ID', 'id letto', 'ID ', '  ', ' ', 'ID lectulo', 'tidur id', '', ' ID'),
(108, 'bed_type', 'bed type', ' ', 'tipo de cama', ' ', 'Type bed', ' ', '', 'yatak tipi', 'tipo de cama', 'szoba tpus', 'Type de lit', ' ', 'Bett-Typ', 'Tipo di letto', '', '  ', ' ', 'stratum typus', 'jenis tempat tidur', '', ' '),
(109, 'allotment_time', 'allotment time', ' ', 'asignacin del tiempo', ' ', 'allotment tijd', ' ', '', 'tahsis sresi', 'tempo loteamento', 'eloszts id', 'temps d''attribution', '  ', 'Zuteilung Zeit', 'tempo di riparto', '', '  ', '  ', 'sortitio tempore', 'waktu penjatahan', '', ' '),
(110, 'discharge_time', 'discharge time', ' ', 'tiempo de descarga', ' ', 'ontlaadtijd', ' ', '', 'boalma sresi', 'tempo de descarga', 'kistsi id', 'temps de dcharge', ' ', 'Entladezeit', 'tempo di scarica', '', '     ', '  ', 'tempus fluit', 'waktu pengosongan', '', ' '),
(111, 'bed_number', 'bed number', ' ', 'nmero de la cama', ' ', 'bed nummer', ' ', '', 'yatak says', 'nmero cama', 'gyszm', 'Numro du lit', ' ', 'Bettnummer', 'numero letto', '', ' ', ' ', 'torum numero', 'nomor tidur', '', ' '),
(112, 'type', 'type', '', 'tipo', '', 'type', '', '', 'tip', 'tipo', 'tpus', 'catgorie', '', 'Art', 'Tipo di', '', '', '', 'type', 'jenis', '', ''),
(113, 'blood_donor_list', 'blood donor list', '  ', 'lista de donantes de sangre', '  ', 'bloeddonor lijst', '  ', '', 'kan ba yapanlar listesinde', 'lista de doadores de sangue', 'vrad lista', 'liste des donneurs de sang', '   ', 'Blutspender Liste', 'Lista dei donatori di sangue', '', '     ', '  ', 'sanguinem donator album', 'Daftar donor darah', '', '  '),
(114, 'last_donation_date', 'last donation date', '  ', 'ltima fecha de la donacin', '  ', 'laatste donatie datum', '  ', '', 'son ba tarih', 'data da ltima doao', 'utols adomny dtum', 'date du dernier don', '  ', 'letzten Spende Datum', 'ultima data di donazione', '', '  ', '  ', 'novissimo tempore donationis', 'Tanggal sumbangan lalu', '', '  '),
(115, 'status', 'status', '', 'estado', '', 'toestand', '', '', 'durum', 'estado', 'llapot', 'statut', '', 'Status', 'stato', '', '', '', 'Status', 'status', '', ''),
(116, 'category', 'category', '', 'categora', '', 'categorie', '', '', 'kategori', 'categoria', 'kategria', 'catgorie', '', 'Kategorie', 'categoria', '', '', '', 'praedicamenti', 'kategori', '', ''),
(117, 'price', 'price', '', 'precio', '', 'prijs', '', '', 'fiyat', 'preo', 'r', 'prix', '', 'Preis', 'prezzo', '', '', '', 'pretium', 'harga', '', ''),
(118, 'manufacturing_company', 'manufacturing company', ' ', 'empresa de fabricacin', ' ', 'productiebedrijf', ' ', '', 'retim irketi', 'empresa de fabricao', 'gyrt cg', 'entreprise de fabrication', ' ', 'Produktionsunternehmen', 'societ di produzione', ' ', ' ', ' ', 'vestibulum consortia', 'perusahaan manufaktur', '', ' '),
(119, 'view_operation_report', 'view operation report', ' ', 'ver la confirmacin de la operacin', '  ', 'bekijk bediening rapport', '   ', '', 'alma raporunu grntlemek', 'exibir o relatrio de operao', 'megtekintshez mkdsrl szl jelents', 'voir rapport d''opration', '  ', 'OP-Bericht ansehen', 'visualizzare il report di funzionamento', '', '    ', '   ', 'considerabit operatio auditui', 'melihat laporan operasi', '', '  '),
(120, 'view_report', 'view report', '', 'ver el informe', ' ', 'rapport bekijken', ' ', '', 'Raporu grntlemek', 'ver relatrio', 'jelents megtekintse', 'voir rapport', '  ', 'Bericht ansehen', 'visualizzare il report', '', '  ', ' ', 'considerabit auditui', 'melihat laporan', '', ' '),
(121, 'date', 'date', '', 'fecha', '', 'datum', '', '', 'tarih', 'data', 'dtum', 'Date', '', 'Datum', 'Data', '', '', '', 'date', 'tanggal', '', ''),
(122, 'noticeboard_list', 'noticeboard list', ' ', 'Lista tabln de anuncios', ' ', 'prikbord lijst', '  ', '', 'panosuna liste', 'lista de avisos', 'zenfaln lista', 'liste de tableau d''affichage', ' ', 'Brett Liste', 'Lista bacheca', ' noticeboard', 'noticeboard ', ' ', 'noticeboard album', 'daftar pengumuman', '', '  more '),
(123, 'add_noticeboard', 'add noticeboard', '  ', 'aadir tabln de anuncios', ' ', 'voegen prikbord', '  ', '', 'panosuna ekleyin', 'adicionar avisos', 'hozz zenfaln', 'ajouter tableau d''affichage', ' ', 'hinzufgen noticeboard', 'aggiungere bacheca', ' noticeboard', 'noticeboard ', ' ', 'adde noticeboard', 'tambahkan pengumuman', '', '  more '),
(124, 'title', 'title', '', 'ttulo', '', 'titel', '', '', 'balk', 'ttulo', 'cm', 'titre', '', 'Titel', 'titolo', '', '', '', 'title', 'judul', '', ''),
(125, 'notice', 'notice', '', 'notar', '', 'opmerken', '', '', 'dikkat', 'notar', 'szrevesz', 'remarquer', '', 'Bekanntmachung', 'preavviso', '', '', '', 'Observa', 'memperhatikan', '', ''),
(126, 'system_name', 'system name', ' ', 'Nombre del sistema', ' ', 'Name System', ' ', '', 'sistemi ad', 'nome do sistema', 'rendszer neve', 'nom de systme', '  ', 'System Name', 'nome del sistema', '', '  ', ' ', 'nomen ratio', 'nama sistem', '', ' '),
(127, 'save', 'save', ' ', 'guardar', '', 'sparen', '', '', 'kurtarmak', 'salvar', 'kivve', 'sauver', '', 'speichern', 'salva', '', '  ', '', 'Salvum', 'menyimpan', '', ''),
(128, 'system_email', 'system email', ' ', 'sistema de correo electrnico', '  ', 'systeem e-mail', '  ', '', 'sistemi e-posta', 'sistema de e-mail', 'rendszer email', 'email de systme', '  ', 'E-Mail-System', 'e-mail del sistema', '', '   ', ' ', 'email ratio', 'email sistem', '', '  '),
(129, 'system_title', 'system title', ' ', 'Ttulo sistema', ' ', 'systeem titel', ' ', '', 'Sistem balk', 'ttulo sistema', 'rendszer cm', 'titre du systme', '  ', 'System Titel', 'del titolo di sistema', '', ' ', ' ', 'ratio title', 'judul sistem', '', ' '),
(130, 'paypal_email', 'paypal email', 'PayPal  ', 'email paypal', '   ', 'paypal e-mail', 'PayPal e-mail', 'PayPal', 'paypal e-posta', 'email paypal', 'paypal email', 'email paypal', 'paypal email', 'paypal E-Mail', 'email paypal', ' PayPal', '   ', ' ', 'Paypal email', 'email paypal', '', ' '),
(131, 'currency', 'currency', '', 'moneda', '', 'valuta', '', '', 'para', 'moeda', 'valuta', 'monnaie', '', 'Whrung', 'valuta', '', '', '', 'monet', 'mata uang', '', ''),
(132, 'restore', 'restore', ' ', 'restaurar', '', 'herstellen', '', '', 'geri', 'restaurar', 'visszaad', 'rtablir', '', 'wiederherstellen', 'ripristinare', '', '', '', 'restituo', 'memulihkan', '', ''),
(133, 'report', 'report', '', 'reportar', '', 'rapporteren', '', '', 'rapor', 'denunciar', 'jelents', 'signaler', '', 'berichten', 'segnalare', '', '', '', 'referrent', 'melaporkan', '', ''),
(134, 'all', 'all', '', 'todo', '', 'alle', '', '', 'tm', 'tudo', 'minden', 'tous', '', 'alle', 'tutti', '', '', '', 'omnes', 'semua', '', ''),
(135, 'upload_&_restore_from_backup', 'upload & restore from backup', ' &   ', 'cargar y restaurar la copia de seguridad', '    ', 'uploaden en terugzetten van een backup', '     ', '', 'yklemek ve yedekten geri ykleme', 'enviar e restaurar a partir de backup', 'feltlteni s visszalltani backup', 'tlcharger et de restauration de la sauvegarde', '    backup', 'Upload und Wiederherstellung von Backups', 'caricare e ripristinare dal backup', '', '      ', '    ', '&amp; restituo ex tergum upload', 'meng-upload &amp; restore dari backup', '', '   '),
(136, 'manage_profile', 'manage profile', ' ', 'gestionar el perfil', '  ', 'beheren profiel', ' ', '', 'profilinizi', 'gerenciar o perfil', 'Profil kezelse', 'Grer le profil', '  ', 'Profil verwalten', 'gestire il profilo', '', '  ', '  ', 'aget profile', 'mengelola profil', '', ' ( ) ');
INSERT INTO `language` (`phrase_id`, `phrase`, `english`, `bengali`, `spanish`, `arabic`, `dutch`, `russian`, `chinese`, `turkish`, `portuguese`, `hungarian`, `french`, `greek`, `german`, `italian`, `thai`, `urdu`, `hindi`, `latin`, `indonesian`, `japanese`, `korean`) VALUES
(137, 'update_profile', 'update profile', ' ', 'actualizar el perfil', '  ', 'updaten profiel', ' ', '', 'Profil gncelleme', 'atualizar o perfil', 'Profil frisstse', 'mettre  jour le profil', '  ', 'Profil aktualisieren', 'aggiornare il profilo', '', '   ', '  ', 'update profile', 'memperbarui profil', '', ' '),
(138, 'change_password', 'change password', '  ', 'cambiar la contrasea', '  ', 'wachtwoord wijzigen', ' ', '', 'ifresini deitirmek', 'alterar a senha', 'jelsz megvltoztatsa', 'changer le mot de passe', '   ', 'Kennwort ndern', 'modificare la password', '', '   ', ' ', 'mutare password', 'mengubah password', '', ' '),
(139, 'new_password', 'new password', ' ', 'nueva contrasea', '  ', 'nieuw wachtwoord', ' ', '', 'Yeni ifre', 'nova senha', 'j jelsz', 'nouveau mot de passe', ' ', 'Neues Passwort', 'nuova password', '', '  ', ' ', 'Novum password', 'sandi baru', '', ' '),
(140, 'confirm_new_password', 'confirm new password', '   ', 'confirmar nueva contrasea', '   ', 'Bevestig nieuw wachtwoord', '  ', '', 'yeni parolay onaylayn', 'confirmar nova senha', 'erstse meg az j jelszt', 'confirmer le nouveau mot de passe', '   ', 'Besttigen eines neuen Kennwortes', 'confermare la nuova password', '', '    ', '   ', 'Confirmabit novum Signum', 'konfirmasi password baru', '', '  '),
(141, 'update_password', 'update password', ' ', 'actualizacin de la contrasea', '  ', 'Update wachtwoord', ' ', '', 'gncelletirme ifre', 'atualizao de senha', 'frisstsi jelsz', 'mise  jour le mot de passe', '   ', 'Update vergessen', 'aggiornamento della password', '', '   ', ' ', 'update Signum', 'Update sandi', '', ' '),
(142, 'option', 'option', '', 'opcin', '', 'optie', '', '', 'seenek', 'opo', 'opci', 'choix', '', 'Wahl', 'opzione', '', '', '', 'optionem', 'opsi', '', ''),
(143, 'edit_phrase', 'edit phrase', ' ', 'editar frase', ' ', 'bewerk zin', ' ', '', 'ifade dzenlemek', 'editar frase', 'szerkeszts kifejezs', 'diter phrase', ' ', 'bearbeiten Phrase', 'modificare frase', '', '  ', '  ', 'recensere phrase', 'mengedit frase', '', ' '),
(144, 'edit_noticeboard', 'edit noticeboard', ' ', 'editar tabln de anuncios', ' ', 'bewerk prikbord', '  ', '', 'panosuna dzenleme', 'editar avisos', 'szerkeszts hirdettbla', 'diter panneau d''', ' ', 'bearbeiten noticeboard', 'modificare bacheca', ' noticeboard', 'noticeboard  ', ' ', 'recensere noticeboard', 'mengedit pengumuman', '', '  more '),
(145, 'doctor_dashboard', 'doctor dashboard', ' ', 'mdico salpicadero', '   ', 'arts dashboard', '  ', '', 'doktor paneli', 'mdico dashboard', 'orvos mszerfal', 'mdecin tableau de bord', '  ', 'Arzt Armaturenbrett', 'medico cruscotto', '', '  ', ' ', 'Medicus Dashboard', 'Dokter dashboard', '', '  '),
(146, 'manage_appointment', 'manage appointment', ' ', 'gestionar cita', ' ', 'beheren afspraak', ' ', '', 'randevu ynetmek', 'gerenciar nomeao', 'kezelni tallkoz', 'grer les rendez-vous', ' ', 'Termin verwalten', 'gestire appuntamento', '', '  ', '  ', 'gere institutionis', 'mengelola janji', '', ' '),
(147, 'manage_prescription', 'manage prescription', ' ', 'gestin de la prescripcin', '  ', 'beheren recept', ' ', '', 'reete ynetmek', 'gerenciar prescrio', 'kezelni recept', 'grer prescription', ' ', 'verwalten Rezept', 'gestire prescrizione', '', '  ', '  ', 'praescriptio curo', 'mengelola resep', '', ' '),
(148, 'manage_report', 'manage report', ' ', 'gestionar informe', ' ', 'rapport beheren', ' ', '', 'rapor ynetmek', 'gerenciar relatrio', 'kezelni jelents', 'grer rapport', '  ', 'verwalten Bericht', 'gestione rapporto', '', '  ', '  ', 'fama curo', 'mengelola laporan', '', ' '),
(149, 'prescription', 'prescription', '', 'prescripcin', ' ', 'recept', '', '', 'reete', 'prescrio', 'recept', 'ordonnance', '', 'Verschreibung', 'prescrizione', '', '', '', 'praescriptio', 'resep', '', ''),
(150, 'edit_patient', 'edit patient', ' ', 'editar paciente', ' ', 'bewerk patint', ' ', '', 'Hasta dzenleme', 'editar paciente', 'szerkeszts beteg', 'diter des patients', ' ', 'Bearbeitung von Patientendaten', 'modificare paziente', '', '   ', '  ', 'recensere patientes', 'mengedit pasien', '', ' '),
(151, 'appointment_list', 'appointment list', ' ', 'lista de citas', ' ', 'afsprakenlijst', ' ', '', 'randevu listesi', 'lista de compromissos', 'kinevezs lista', 'liste des rendez-vous', ' ', 'Terminliste', 'Lista appuntamento', '', '  ', ' ', 'Nominatio album', 'Daftar janji', '', ' '),
(152, 'add_appointment', 'add appointment', '  ', 'aadir cita', ' ', 'voegen afspraak', ' ', '', 'randevu eklemek', 'adicionar nomeao', 'hozz tallkoz', 'ajouter rendez-vous', '  ', 'neuen Termin', 'aggiungere appuntamento', '', ' ', ' ', 'adde constitutio', 'menambahkan penunjukan', '', ' '),
(153, 'edit_appointment', 'edit appointment', ' ', 'editar nombramiento', ' ', 'bewerk afspraak', ' ', '', 'randevu dzenleme', 'editar nomeao', 'szerkeszts tallkoz', 'modifier les rendez-vous', ' ', 'Termin bearbeiten', 'modificare appuntamento', '', '   ', ' ', 'recensere constitutio', 'mengedit janji', '', ' '),
(154, 'prescription_list', 'prescription list', ' ', 'Lista de prescripcin', '  ', 'recept lijst', ' ', '', 'reete listesi', 'Lista de prescrio', 'recept lista', 'liste prescription', ' ', 'Rezept Liste', 'Lista prescrizione', '', '  ', '  ', 'praescriptio album', 'Daftar resep', '', ' '),
(155, 'add_prescription', 'add prescription', '  ', 'aadir receta', '  ', 'add recept', ' ', '', 'reete ekleyin', 'adicionar prescrio', 'hozz recept', 'ajouter prescription', ' ', 'Rezept hinzufgen', 'aggiungere prescrizione', '', ' ', ' ', 'adde praescriptione', 'menambahkan resep', '', ' '),
(156, 'case_history', 'case history', '  ', 'historia clnica', ' ', 'anamnese', ' ', '', 'gemi', 'histria do caso', 'krtrtnet', 'anamnse', '  ', 'Anamnese', 'case history', '', '  ', '', 'ita history', 'hal ihwal', '', ''),
(157, 'add_description', 'add description', '  ', 'aadir una descripcin', ' ', 'add omschrijving', ' ', '', 'Aklama eklemek', 'adicionar uma descrio', 'Lers hozzadsa', 'ajouter une description', '  ', 'Beschreibung hinzufgen', 'aggiungere descrizione', '', ' ', ' ', 'adde descriptionem', 'menambahkan deskripsi', '', ' '),
(158, 'medication', 'medication', '', 'medicacin', '', 'geneesmiddel', '', '', 'ila', 'medicao', 'gygyszer', 'mdication', '', 'Behandlung', 'medicazione', '', '', '', 'medication', 'obat', '', ' '),
(159, 'medication_from_pharmacist', 'medication from pharmacist', '   ', 'medicamento del farmacutico', '  ', 'medicatie van apotheker', '  ', '', 'eczacdan ila', 'medicao de farmacutico', 'gygyszert gygyszersz', 'mdicaments de pharmacien', '   ', 'Medikamente von Apotheker', 'farmaci da farmacista', '', '  ', '  ', 'medication a pharmacopola', 'obat dari apoteker', '', '  '),
(160, 'edit_prescription', 'edit prescription', ' ', 'editar prescripcin', '  ', 'bewerk recept', ' ', '', 'reete dzenlemek', 'editar prescrio', 'szerkeszts recept', 'modifier prescription', ' ', 'bearbeiten Rezept', 'modificare prescrizione', '', '   ', ' ', 'recensere praescriptione', 'mengedit resep', '', ' '),
(161, 'diagnosis_report', 'diagnosis report', '  ', 'informe de diagnstico', ' ', 'diagnose rapport', ' ', '', 'tan raporu', 'relatrio de diagnstico', 'diagnzis jelents', 'rapport de diagnostic', ' ', 'Diagnose Bericht', 'rapporto di diagnosi', '', '  ', ' ', 'fama diagnosis', 'Laporan diagnosis', '', ' '),
(162, 'report_type', 'report type', ' ', 'informar de tipo', ' ', 'Type melden', ' ', '', 'trl rapor', 'denunciar o tipo', 'Jelents tpusa', 'Type de rapport', ' ', 'berichten Art', 'Tipo di rapporto', '', '  ', ' ', 'type referrent', 'melaporkan jenis', '', ''),
(163, 'document_type', 'document type', ' ', 'tipo de documento', ' ', 'documenttype', ' ', '', 'belge tr', 'tipo de documento', 'dokumentum tpusa', 'type de document', ' ', 'Belegart', 'tipo di documento', '', '  ', ' ', 'genus scripti', 'Jenis dokumen', '', ' '),
(164, 'download', 'download', '', 'descargar', '', 'downloaden', '', '', 'indir', 'baixar', 'letlts', 'tlcharger', '', 'downloaden', 'caricare', '', '  ', '', 'download', 'mendownload', '', ''),
(165, 'manage_bed_allotment', 'manage bed allotment', '  ', 'gestionar adjudicacin cama', '  ', 'beheren bed toewijzing', '  ', '', 'yatak tahsis ynetmek', 'gerenciar cama loteamento', 'kezelni gy eloszts', 'grer l''attribution de lit', '  ', 'verwalten Bett Zuteilung', 'gestire letto riparto', '', '   ', '   ', 'partem stratum curo', 'mengelola tidur penjatahan', '', '  '),
(166, 'bed_allotment_list', 'bed allotment list', '  ', 'lista de adjudicacin cama', '  ', 'bed toewijzing lijst', '  ', '', 'yatak tahsis liste', 'lista loteamento cama', 'gy eloszts lista', 'liste d''attribution de lit', '  ', 'Bett Zuteilung Liste', 'Lista riparto letto', '', '   ', '  ', 'partem stratum album', 'daftar tempat tidur penjatahan', '', '  '),
(167, 'add_bed_allotment', 'add bed allotment', '   ', 'aadir adjudicacin cama', '  ', 'add bed toewijzing', '  ', '', 'yatak tahsis ekleyin', 'adicionar cama loteamento', 'hozz gy eloszts', 'ajouter attribution de lit', '  ', 'hinzufgen Bett Zuteilung', 'aggiungere letto riparto', '', '  ', '  ', 'adde lectum sorti', 'tambahkan tidur penjatahan', '', '  '),
(168, 'allotment_date_time', 'allotment date time', '  ', 'Fecha y hora de adjudicacin', '  ', 'toewijzing datum tijd', '  ', '', 'tahsis tarih saat', 'atribuio de data e hora', 'eloszts dtum idpont', 'lotissement date heure', '   ', 'Zuteilung Datum Zeit', 'riparto data ora', '', '  ', '   ', 'sortitio date tempore', 'penjatahan waktu tanggal', '', '  '),
(169, 'discharge_date_time', 'discharge date time', '  ', 'Fecha y hora de descarga', '  ', 'ontslagdatum tijd', '  ', '', 'dearj tarih saat', 'descarga de data e hora', 'kislsi dtum idpont', 'temps de dcharge de la date', '   ', 'Entlastung Datum Zeit', 'tempo di scarico data', '', '     ', '  ', 'date tempore missionem', 'discharge waktu tanggal', '', '   '),
(170, 'operation', 'operation', '', 'operacin', '', 'operatie', '', '', 'operasyon', 'operao', 'mkds', 'opration', '', 'Betrieb', 'operazione', '', '', '', 'Operatio', 'operasi', '', ''),
(171, 'birth', 'birth', '', 'nacimiento', '', 'geboorte', '', '', 'doum', 'nascimento', 'szls', 'naissance', '', 'Geburt', 'nascita', '', '', '', 'Nativitas', 'kelahiran', '', ''),
(172, 'death', 'death', '', 'muerte', '', 'dood', '', '', 'lm', 'morte', 'hall', 'dcs', '', 'Sterben', 'scomparsa', '', '', '', 'mortem', 'kematian', '', ''),
(173, 'other', 'other', '', 'otro', '', 'ander', '', '', 'dier', 'outro', 'ms', 'autre', '', 'andere', 'altro', ' ', '', '', 'aliud', 'lain', '', ''),
(174, 'add_report', 'add report', ' ', 'agregar informe', ' ', 'verslag toe te voegen', ' ', '', 'rapor ekleyin', 'adicionar relatrio', 'hozz jelents', 'Ajouter un rapport', '  ', 'Bericht hinzufgen', 'aggiungere rapporto', '', '  ', ' ', 'adde auditui', 'menambahkan laporan', '', ' '),
(175, 'patient_dashboard', 'patient dashboard', ' ', 'tablero paciente', '   ', 'patint dashboard', '  ', '', 'Hasta tablosu', 'dashboard paciente', 'beteg mszerfal', 'tableau de bord patients', ' ', 'Patienten Armaturenbrett', 'cruscotto paziente', '', '  ', ' ', 'Patientes Dashboard', 'dashboard pasien', '', '  '),
(176, 'view_prescription', 'view prescription', ' ', 'ver receta', '  ', 'bekijk recept', ' ', '', 'tanmn grntlemek', 'ver prescrio', 'megtekintshez recept', 'voir prescription', ' ', 'Rezept ansehen', 'visualizzare prescrizione', '', '  ', ' ', 'considerabit praescriptione', 'lihat resep', '', ''),
(177, 'view_doctor', 'view doctor', ' ', 'ver mdico', ' ', 'bekijk arts', ' ', '', 'doktor grmek', 'vista mdico', 'megtekintshez orvos', 'voir un mdecin', '  ', 'Arzt sehen', 'vista medico', '', '   ', ' ', 'considerabit medicum', 'lihat dokter', '', ''),
(178, 'admit_history', 'admit history', '    ', 'admitir la historia', ' ', 'toegeven geschiedenis', ' ', '', 'tarihi itiraf', 'admitir histria', 'elismerem trtnelem', 'admettre histoire', ' ', 'zugeben Geschichte', 'ammettere storia', '', '  ', ' ', 'fatentur historiam', 'mengakui sejarah', '', ' '),
(179, 'operation_history', 'operation history', ' ', 'historial de operaciones', ' ', 'bedieningsgeschiedenis', ' ', '', 'operasyon yks', 'histrico de operao', 'mkds trtnelem', 'historique de fonctionnement', ' ', 'Betrieb Geschichte', 'storia operazione', '', '  ', ' ', 'operatio history', 'sejarah operasi', '', ' '),
(180, 'view_invoice', 'view invoice', ' ', 'ver la factura', ' ', 'bekijk factuur', ' ', '', 'fatura grmek', 'ver fatura', 'megtekintshez szmla', 'voir facture', '  ', 'anzuzeigen Rechnung', 'visualizzare fattura', '', '  ', ' ', 'considerabit cautionem', 'lihat faktur', '', ''),
(181, 'payment_history', 'payment history', '  ', 'historial de pago', ' ', 'betaling geschiedenis', ' ', '', 'deme tarihi', 'histrico de pagamento', 'Fizetsi elzmnyek', 'l''historique des paiements', ' ', 'Zahlungsverhalten', 'storia di pagamento', '', '  ', ' ', 'solucionis history', 'riwayat pembayaran', '', ' '),
(182, 'view_admit_history', 'view admit history', '  ', 'ver admitir historia', '  ', 'bekijk toegeven geschiedenis', '  ', '', 'tarih kabul grmek', 'ver admitir histria', 'megtekintshez elismerem trtnelem', 'voir admettre histoire', '  ', 'sehen zugeben Geschichte', 'visualizzare ammettere storia', '', '   ', '  ', 'considerabit historiae fatentur', 'lihat mengakui sejarah', '', ' '),
(183, 'view_operation_history', 'view operation history', '  ', 'ver el historial de operacin', '  ', 'bekijk bedieningsgeschiedenis', '  ', '', 'ilem gemiini grntleyebilirsiniz', 'visualizar o histrico de operao', 'megtekinteni mkds trtnelem', 'voir l''historique des oprations', '   ', 'Betrieb anzuzeigen Geschichte', 'visualizzare la cronologia delle operazioni', '', '   ', '    ', 'considerabit operationis historiam,', 'melihat riwayat operasi', '', '  '),
(184, 'invoice_list', 'invoice list', ' ', 'lista de facturas', ' ', 'factuurlijst', '- ', '', 'fatura listesi', 'lista fatura', 'szmla lista', 'liste des factures', ' ', 'Rechnung Liste', 'Lista fattura', '', '  ', ' ', 'cautionem album', 'daftar faktur', '', ' '),
(185, 'creation_timestamp', 'creation timestamp', ' ', 'fecha y hora de creacin', '  ', 'creatie timestamp', ' ', '', 'oluturma zaman damgas', 'timestamp criao', 'ltrehozsa timestamp', 'horodatage de cration', 'timestamp ', 'Schaffung Zeitstempel', 'creazione timestamp', '', ' ', ' ', 'timestamp creatio', 'penciptaan timestamp', '', '  '),
(186, 'nurse_dashboard', 'nurse dashboard', ' ', 'dashboard enfermera', '   ', 'verpleegkundige dashboard', '  ', '', 'hemire paneli', 'dashboard enfermeira', 'pol mszerfal', 'infirmire tableau de bord', ' ', 'Krankenschwester Armaturenbrett', 'cruscotto infermiera', '', '  ', ' ', 'nutrix Dashboard', 'dashboard perawat', '', '  '),
(187, 'bed_ward', 'bed ward', ' ', 'sala de cama', ' ', 'bed ward', ' ', '', 'yatak kou', 'cama de enfermaria', 'gy osztlyon', 'salle de lit', 'Ward ', 'Bettenhaus', 'Ward letto', '', ' ', ' ', 'stratum pupillo', 'tidur bangsal', '', ' '),
(188, 'manage_bed', 'manage bed', ' ', 'gestin de la cama', ' ', 'beheren bed', ' ', '', 'yatak ynetmek', 'gerenciar cama', 'kezelni gy', 'grer lit', ' ', 'verwalten Bett', 'gestire letto', '', '  ', '  ', 'stratum curo', 'mengelola tidur', '', ' '),
(189, 'manage_blood_bank', 'manage blood bank', '  ', 'gestin de bancos de sangre', '  ', 'beheren bloedbank', '  ', '', 'kan bankas ynetmek', 'gerenciar banco de sangue', 'kezelni vr bank', 'grer la banque de sang', '  ', 'verwalten Blutbank', 'gestire banca del sangue', '', '   ', '   ', 'curo sanguine ripam Iordanis', 'mengelola bank darah', '', '  ');
INSERT INTO `language` (`phrase_id`, `phrase`, `english`, `bengali`, `spanish`, `arabic`, `dutch`, `russian`, `chinese`, `turkish`, `portuguese`, `hungarian`, `french`, `greek`, `german`, `italian`, `thai`, `urdu`, `hindi`, `latin`, `indonesian`, `japanese`, `korean`) VALUES
(190, 'manage_blood_donor', 'manage blood donor', '  ', 'gestin de donantes de sangre', '  ', 'beheren bloeddonor', '  ', '', 'kan donr ynetmek', 'gerenciar doador de sangue', 'kezelni vrad', 'grer les donneurs de sang', ' ', 'verwalten Blutspender', 'gestire donatore di sangue', '', '   ', '  ', 'curo sanguine donator', 'mengelola donor darah', '', '  '),
(191, 'add_bed', 'add bed', '  ', 'aadir cama', ' ', 'add bed', ' ', '', 'yatak', 'adicionar cama', 'hozz gy', 'ajouter un lit', ' ', 'hinzufgen Bett', 'aggiungere letto', '', '   ', ' ', 'adde cubile', 'tambahkan tidur', '', ' '),
(192, 'ward', 'ward', '', 'sala', '', 'afdeling', '', '', 'kou', 'enfermaria', 'krterem', 'Ward', '', 'Ward', 'Ward', '', '', '', 'pupillus', 'bangsal', '', ''),
(193, 'cabin', 'cabin', '', 'cabina', '', 'cabine', '', '', 'kabin', 'cabine', 'kabin', 'cabine', '', 'Kabine', 'cabina', '', '', '', 'Cameram', 'kabin', '', ''),
(194, 'icu', 'icu', 'ICU', 'icu', '  ', 'icu', 'ICU', 'ICU', 'icu', 'UTI', 'ICU', 'ICU', '', 'ICU', 'icu', '', '', '', 'ICU', 'icu', 'ICU', 'ICU'),
(195, 'edit_bed', 'edit bed', ' ', 'editar cama', ' ', 'bewerk bed', ' ', '', 'yatak dzenleme', 'editar cama', 'szerkeszts gy', 'modifier lit', ' ', 'bearbeiten Bett', 'modificare letto', '', '   ', ' ', 'Duis lectus', 'mengedit tidur', '', ' '),
(196, 'edit_bed_allotment', 'edit bed allotment', '  ', 'editar adjudicacin cama', '  ', 'bewerk bed toewijzing', '  ', '', 'yatak tahsis dzenleme', 'editar cama loteamento', 'szerkeszts gy eloszts', 'modifier l''attribution de lit', '  ', 'bearbeiten Bett Zuteilung', 'modificare letto riparto', '', '    ', '  ', 'Duis lectus sorti', 'mengedit tidur penjatahan', '', '  '),
(197, 'blood_bank_list', 'blood bank list', '  ', 'lista de bancos de sangre', '  ', 'bloedbank lijst', '  ', '', 'kan bankas listesi', 'Lista de banco de sangue', 'vr bank lista', 'liste de banques de sang', '  ', 'Blutbank Liste', 'elenco banca del sangue', '', '   ', '   ', 'sanguinem ripam album', 'Daftar bank darah', '', '  '),
(198, 'edit_blood_bank', 'edit blood bank', '  ', 'editar banco de sangre', '  ', 'bewerk bloedbank', '  ', '', 'kan bankas dzenleme', 'editar banco de sangue', 'szerkeszts vr bank', 'modifier banque de sang', '  ', 'bearbeiten Blutbank', 'modificare banca del sangue', '', '    ', '   ', 'sanguinem ripam creare', 'mengedit bank darah', '', '  '),
(199, 'add_blood_donor', 'add blood donor', '   ', 'aadir donante de sangre', '  ', 'voegen bloeddonor', '  ', '', 'kan donr ekleyin', 'adicionar doador de sangue', 'hozz vrad', 'ajouter donneurs de sang', ' ', 'hinzufgen Blutspender', 'aggiungere donatore di sangue', '', '  ', '  ', 'Addunt sanguinem donator', 'tambahkan donor darah', '', '  '),
(200, 'edit_blood_donor', 'edit blood donor', '  ', 'editar donante de sangre', '  ', 'bewerk bloeddonor', '  ', '', 'kan donr dzenleme', 'editar doador de sangue', 'szerkeszts vrad', 'modifier les donneurs de sang', ' ', 'bearbeiten Blutspender', 'modificare donatore di sangue', '', '   ', '  ', 'recensere sanguinem donator', 'mengedit donor darah', '', '  '),
(201, 'pharmacist_dashboard', 'pharmacist dashboard', ' ', 'tablero farmacutico', '   ', 'apotheker dashboard', '  ', '', 'eczac paneli', 'dashboard farmacutico', 'gygyszersz mszerfal', 'tableau de bord du pharmacien', '  ', 'Apotheker Armaturenbrett', 'cruscotto farmacista', '', '  ', ' ', 'pharmacist Dashboard', 'dashboard apoteker', '', '  '),
(202, 'medicine_category', 'medicine category', ' ', 'Categora Medicina', ' ', 'geneeskunde categorie', ' ', '', 'tp kategori', 'medicina categoria', 'gygyszer kategria', 'mdecine catgorie', ' ', 'Medizin Kategorie', 'categoria medicina', '', ' ', ' ', 'medicine praedicamentum', 'kategori obat', '', ' '),
(203, 'manage_medicine', 'manage medicine', ' ', 'administrar medicamentos', ' ', 'beheren geneeskunde', ' ', '', 'tp ynetmek', 'gerenciar medicina', 'kezelsre gygyszert', 'grer mdecine', ' ', 'verwalten Medizin', 'gestire medicina', '', '  ', '  ', 'medicine curo', 'mengelola obat', '', ' '),
(204, 'provide_medication', 'provide medication', ' ', 'proporcionar la medicacin', ' ', 'bieden medicatie', ' ', '', 'ila salamak', 'fornecer medicamentos', 'biztost gygyszert', 'fournir des mdicaments', ' ', 'bieten Medikamente', 'fornire farmaci', '', ' ', ' ', 'medicamento parentur', 'menyediakan pengobatan', '', ' '),
(205, 'manage_medicine_category', 'manage medicine category', '  ', 'gestionar Categora Medicina', '  ', 'beheren categorie geneeskunde', '  ', '', 'tp kategori ynetmek', 'gerenciar categoria medicina', 'kezelni gygyszer kategria', 'grer catgorie de mdicaments', '  ', 'verwalten Medizin Kategorie', 'gestire categoria medicina', '', '   ', '   ', 'aget medicina praedicamentum', 'mengelola kategori obat', '', '  '),
(206, 'medicine_category_list', 'medicine category list', '  ', 'lista de categoras de la medicina', '  ', 'geneeskunde lijst met categorien', '  ', '', 'tp kategori listesi', 'lista de categorias de medicina', 'gygyszer kategrialista', 'liste des catgories mdecine', '  ', 'Medizin Kategorie Liste', 'medicina lista delle categorie', '', '  ', '   ', 'medicine genus album', 'Obat daftar kategori', '', '  '),
(207, 'add_medicine_category', 'add medicine category', '   ', 'aadir Categora Medicina', '  ', 'add categorie geneeskunde', '  ', '', 'tp kategori eklemek', 'Adicione uma categoria medicina', 'hozz gygyszer kategria', 'ajouter la catgorie de la mdecine', '  ', 'Kategorie hinzufgen Medizin', 'aggiungere categoria medicina', '', '  ', '  ', 'adde medicina praedicamentum', 'menambahkan kategori obat', '', '  '),
(208, 'medicine_category_name', 'medicine category name', '  ', 'medicina nombre de la categora', '  ', 'geneeskunde categorie naam', '  ', '', 'tp kategori ad', 'medicina nome da categoria', 'orvostudomny kategria nevt', 'mdecine nom de la catgorie', '  ', 'Medizin Kategorie Name', 'medicina di nome categoria', '', '   ', '   ', 'medicine nomine praedicamentum', 'Obat nama kategori', '', '  '),
(209, 'medicine_category_description', 'medicine category description', '  ', 'medicina descripcin de la categora', '  ', 'geneeskunde categorie omschrijving', '  ', '', 'tp kategori aklamas', 'medicina descrio da categoria', 'gygyszer kategria lers', 'mdecine description de catgorie', '   ', 'Medizin Beschreibung der Kategorie', 'medicina descrizione categoria', '', '  ', '  ', 'medicine genus praedicamenti', 'kategori obat deskripsi', '', '  '),
(210, 'medicine_list', 'medicine list', ' ', 'lista de medicamentos', ' ', 'geneeskunde lijst', ' ', '', 'ila listesi', 'lista de medicamentos', 'gygyszer lista', 'mdecine liste', ' ', 'Medizin Liste', 'medicina elenco', '', '  ', ' ', 'medicine album', 'Daftar Obat', '', ' '),
(211, 'add_medicine', 'add medicine', '  ', 'aadir la medicina', ' ', 'voegen geneeskunde', ' ', '', 'tp ekleyin', 'adicionar medicina', 'hozz gygyszer', 'ajouter mdecine', '  ', 'hinzufgen Medizin', 'aggiungere medicina', '', ' ', ' ', 'adde medicamentum', 'tambahkan obat', '', ' '),
(212, 'medicine_name', 'medicine name', ' ', 'Nombre del medicamento', ' ', 'Naam van de geneeskunde', ' ', '', 'tp ad', 'nome do medicamento', 'orvostudomny nv', 'nom du mdicament', ' ', 'Medizin Namen', 'Nome del medicinale', '', '  ', '  ', 'medicine nomine', 'Nama obat', '', ' '),
(213, 'medicine_catogory', 'medicine catogory', ' ', 'medicina catogory', ' catogory', 'geneeskunde catogory', ' catogory', 'catogory', 'tp Kategorideki', 'medicina catogory', 'gygyszer catogory', 'mdecine catogory', ' catogory', 'Medizin catogory', 'medicina catogory', 'catogory ', ' catogory', ' catogory', 'medicine catogory', 'Obat catogory', 'catogory', ' catogory'),
(214, 'edit_medicine_category', 'edit medicine category', '  ', 'edit Categora Medicina', '  ', 'bewerk geneeskunde categorie', '  ', '', 'dzenleme tp kategori', 'edio medicina categoria', 'szerkeszts orvostudomny kategria', 'edit mdecine catgorie', 'edit  ', 'edit Medizin Kategorie', 'medicina Modifica categoria', '', '  ', '  ', 'edit medicina praedicamentum', 'sunting obat kategori', '', '  '),
(215, 'edit_medicine', 'edit medicine', ' ', 'edit medicina', ' ', 'geneeskunde bewerken', ' ', '', 'dzenleme tp', 'edio medicina', 'szerkeszts orvostudomny', 'mdecine dition', 'edit ', 'edit Medizin', 'Modifica medicina', '', ' ', ' ', 'edit medicamentum', 'sunting Obat', '', ' '),
(216, 'laboratorist_dashboard', 'laboratorist dashboard,eo', ' ', 'laboratorista salpicadero', 'laboratorist   ', 'laboratorist dashboard', 'laboratorist  ', 'laboratorist', 'laboratorist paneli', 'laboratorista dashboard', 'laboratorist mszerfal', 'laboratorist tableau de bord', 'laboratorist ', 'laboratorist Armaturenbrett', 'laboratorist cruscotto', ' laboratorist', 'laboratorist  ', 'laboratorist ', 'laboratorist Dashboard', 'laboratorist dashboard', 'laboratorist', 'laboratorist  '),
(217, 'add_diagnosis_report', 'add diagnosis report', '    ', 'agregar informe diagnstico', '  ', 'voegen diagnose rapport', '  ', '', 'tan raporu ekleyin', 'adicionar relatrio de diagnstico', 'hozz diagnzis jelents', 'Ajouter un rapport de diagnostic', '   ', 'hinzufgen Diagnose Bericht', 'aggiungere rapporto diagnostico', '', '    ', '  ', 'adde fama diagnosis', 'menambahkan laporan diagnosis', '', '  '),
(218, 'report_status', 'report status', ' ', 'estado del informe', ' ', 'verslag-status', '  ', '', 'rapor durumu', 'status do relatrio', 'jelents llapott', 'tat du rapport', '  ', 'Status der Meldung', 'Status Report', '', '  ', ' ', 'fama status', 'Status laporan', '', ' '),
(219, 'add_diagnostic_report', 'add diagnostic report', '   ', 'agregar informe de diagnstico', '  ', 'voegen diagnostisch rapport', '  ', '', 'tanlama raporu ekleyin', 'adicionar relatrio de diagnstico', 'hozz diagnosztikai jelents', 'Ajouter un rapport de diagnostic', '  ', 'hinzufgen Diagnosebericht', 'aggiungere report diagnostico', '', '   ', '  ', 'adde fama Diagnostic', 'menambahkan laporan diagnostik', '', '  '),
(220, 'image', 'image', '', 'imagen', '', 'afbeelding', '', '', 'grnt', 'imagem', 'kp', 'Image', 'image', 'Bild', 'immagine', '', '', '', 'simulacrum', 'gambar', '', ''),
(221, 'doc', 'doc', 'Doc', 'doctor', '', 'dokter', '', 'DOC', 'doktor', 'doutor', 'doktor', 'doc', 'doc', 'doc', 'doc', '', '', '', 'doc', 'dokter', 'DOC', ''),
(222, 'pdf', 'pdf', '', 'pdf', 'PDF', 'pdf', 'PDF', 'PDF', 'pdf', 'pdf', 'pdf', 'pdf', 'pdf', 'pdf', 'pdf', ' PDF', '  ', '', 'pdf', 'pdf', 'PDF', 'PDF'),
(223, 'excel', 'excel', '', 'sobresalir', '', 'uitmunten', '', '', 'sivrilmek', 'sobressair', 'excel', 'excel', 'excel', 'excel', 'excel', '', '', '', 'presse', 'unggul', '', ''),
(224, 'upload_document', 'upload document', ' ', 'Cargar documento', ' ', 'uploaden van documenten', ' ', '', 'belge yklemek', 'upload de documento', 'feltlts dokumentum', 'tlcharger le document', '  ', 'Dokument hochladen', 'Carica documento', '', '   ', ' ', 'upload document', 'meng-upload dokumen', '', ' '),
(225, 'accountant_dashboard', 'accountant dashboard', ' ', 'tablero contador', '   ', 'accountant dashboard', '  ', '', 'muhasebeci paneli', 'dashboard contador', 'knyvel mszerfal', 'tableau de bord comptable', ' ', 'Buchhalter Armaturenbrett', 'cruscotto contabile', '', '  ', ' ', 'Ratiocinatore Dashboard', 'dashboard akuntan', '', '  '),
(226, 'invoice / take_payment', 'invoice / take payment', ' /  ', 'factura / recibir el pago', ' /  ', 'factuur / rekening betalen', ' /  ', '/', 'fatura / deme almak', 'factura / ter o pagamento', 'szmla / veszi fizets', 'facture / prendre le paiement', ' /  ', 'Rechnung / Zahlung nehmen', 'fattura / prendere il pagamento', ' / ', ' /  ', ' /  ', 'cautionem / accipe mercedes', 'faktur / mengambil pembayaran', '/', ' / '),
(227, 'manage_invoice', 'manage invoice', ' ', 'gestionar factura', ' ', 'beheren factuur', ' ', '', 'fatura ynetmek', 'gerenciar fatura', 'kezelni szmla', 'grer facture', ' ', 'Verwaltung Rechnung', 'gestione fattura', '', '  ', '  ', 'aget cautionem', 'mengelola faktur', '', ' '),
(228, 'add_invoice', 'add invoice', '  ', 'aadir factura', ' ', 'voegen factuur', ' -', '', 'fatura ekleyin', 'adicionar fatura', 'hozz szmla', 'ajouter facture', ' ', 'Rechnung hinzufgen', 'aggiungere fattura', '', '   ', ' ', 'add cautionem', 'tambahkan faktur', '', ' '),
(229, 'unpaid', 'unpaid', '', 'no pagado', ' ', 'onbetaald', '', '', 'denmemi', 'no remunerado', 'kifizetetlen', 'non rmunr', '', 'unbezahlte', 'non pagato', '', ' ', '', 'est constitutus,', 'belum dibayar', '', ''),
(230, 'take_cash_payment', 'take cash payment', '  ', 'tomar el pago en efectivo', '  ', 'neem contante betaling', '  ', '', 'nakit deme almak', 'tomar pagamento em dinheiro', 'hogy kszpnzes fizets', 'prendre le paiement en espces', '  ', 'nehmen Barzahlung', 'prendere il pagamento in contanti', '', '  ', '  ', 'accipere nummis solutio', 'mengambil pembayaran tunai', '', ' '),
(231, 'paid', 'paid', '', 'pagado', '', 'betaald', '', '', 'cretli', 'pago', 'fizetett', 'pay', '', 'bezahlt', 'pagato', '', ' ', '', 'solutis', 'dibayar', '', ''),
(232, 'edit_invoice', 'edit invoice', ' ', 'editar factura', ' ', 'bewerk factuur', ' ', '', 'fatura dzenlemek', 'editar fatura', 'szerkeszts szmla', 'diter facture', ' ', 'Rechnung bearbeiten', 'modificare fattura', '', '   ', ' ', 'recensere cautionem', 'mengedit faktur', '', ' '),
(233, 'edit_nurse', '', ' ', '', ' ', 'bewerk verpleegkundige', ' ', '', 'hemire dzenleme', 'editar enfermeira', 'szerkeszts nvr', 'modifier infirmire', ' ', 'bearbeiten Krankenschwester', 'modificare infermiera', '', '  ', '  ', 'recensere nutricem', 'mengedit perawat', '', ' ');

-- --------------------------------------------------------

--
-- Table structure for table `log`
--

CREATE TABLE `log` (
  `log_id` int(11) NOT NULL,
  `type` longtext CHARACTER SET utf8 COLLATE utf8_unicode_ci NOT NULL,
  `timestamp` int(11) NOT NULL,
  `user_type` int(11) NOT NULL,
  `user_id` int(11) NOT NULL,
  `description` longtext CHARACTER SET utf8 COLLATE utf8_unicode_ci NOT NULL,
  `ip` longtext CHARACTER SET utf8 COLLATE utf8_unicode_ci NOT NULL,
  `location` longtext CHARACTER SET utf8 COLLATE utf8_unicode_ci NOT NULL
) ENGINE=MyISAM DEFAULT CHARSET=latin1;

-- --------------------------------------------------------

--
-- Table structure for table `manage_shift_closed`
--

CREATE TABLE `manage_shift_closed` (
  `Sh_id` int(11) NOT NULL,
  `Cash_Recieved` float NOT NULL,
  `Total_bill` float NOT NULL,
  `Total_cash` double NOT NULL,
  `Available_Cash` float NOT NULL,
  `reason` text NOT NULL,
  `admin_id` int(11) NOT NULL,
  `name` text NOT NULL,
  `Closing_Date` varchar(200) NOT NULL
) ENGINE=InnoDB DEFAULT CHARSET=latin1;

--
-- Dumping data for table `manage_shift_closed`
--

INSERT INTO `manage_shift_closed` (`Sh_id`, `Cash_Recieved`, `Total_bill`, `Total_cash`, `Available_Cash`, `reason`, `admin_id`, `name`, `Closing_Date`) VALUES
(79, 500, 15000, 10000, 10000, '500 given to tabish bhai', 1, 'admin', '0000-00-00'),
(87, 500, 10, 10000, 10000, '500 given to tabish bhai', 8, 'TestingUAT', '2016/12/15'),
(104, 10, 10, 1000, 1010, 'no reason', 1, 'admin', '2016/12/15'),
(116, 10, 10, 15000, 15000, '10 rupess is taken asad', 8, 'TestingUAT', '2016/12/15'),
(117, 5000, 10000, 150000, 155000, 'xyz', 8, 'TestingUAT', '2017/04/24'),
(118, 5000, 10000, 20000, 25000, 'abc', 1, 'admin', '2017/04/24');

-- --------------------------------------------------------

--
-- Table structure for table `medicine`
--

CREATE TABLE `medicine` (
  `medicine_id` int(11) NOT NULL,
  `name` longtext COLLATE utf8_unicode_ci NOT NULL,
  `medicine_category_id` int(11) NOT NULL,
  `description` longtext COLLATE utf8_unicode_ci NOT NULL,
  `price` longtext COLLATE utf8_unicode_ci NOT NULL,
  `manufacturing_company` longtext COLLATE utf8_unicode_ci NOT NULL,
  `status` longtext COLLATE utf8_unicode_ci NOT NULL
) ENGINE=MyISAM DEFAULT CHARSET=utf8 COLLATE=utf8_unicode_ci;

-- --------------------------------------------------------

--
-- Table structure for table `medicine_category`
--

CREATE TABLE `medicine_category` (
  `medicine_category_id` int(11) NOT NULL,
  `name` longtext COLLATE utf8_unicode_ci NOT NULL,
  `description` longtext COLLATE utf8_unicode_ci NOT NULL
) ENGINE=MyISAM DEFAULT CHARSET=utf8 COLLATE=utf8_unicode_ci;

-- --------------------------------------------------------

--
-- Table structure for table `message`
--

CREATE TABLE `message` (
  `message_id` int(11) NOT NULL,
  `message` longtext COLLATE utf8_unicode_ci NOT NULL,
  `user_from_type` longtext COLLATE utf8_unicode_ci NOT NULL,
  `user_from_id` int(11) NOT NULL,
  `user_to_type` longtext COLLATE utf8_unicode_ci NOT NULL,
  `user_type_id` int(11) NOT NULL,
  `timestamp` longtext COLLATE utf8_unicode_ci NOT NULL
) ENGINE=MyISAM DEFAULT CHARSET=utf8 COLLATE=utf8_unicode_ci;

-- --------------------------------------------------------

--
-- Table structure for table `my_advance_appointment`
--

CREATE TABLE `my_advance_appointment` (
  `invoice_id` int(11) NOT NULL,
  `invoice_number` varchar(15) COLLATE utf8_unicode_ci DEFAULT NULL,
  `patient_id` int(11) DEFAULT NULL,
  `doctor_id` int(11) DEFAULT NULL,
  `diagnostictype_id` int(11) DEFAULT NULL COMMENT 'category name',
  `selected_services` varchar(50) COLLATE utf8_unicode_ci DEFAULT NULL COMMENT 'service name',
  `refferedby` varchar(50) COLLATE utf8_unicode_ci DEFAULT NULL,
  `med_card_no` varchar(50) COLLATE utf8_unicode_ci DEFAULT NULL,
  `totalamount` double DEFAULT NULL,
  `discountamount` double DEFAULT NULL,
  `discount` double DEFAULT NULL,
  `recievedamount` double DEFAULT NULL,
  `dueamount` double DEFAULT NULL,
  `careof` varchar(40) COLLATE utf8_unicode_ci DEFAULT NULL,
  `creation_timestamp` int(11) DEFAULT NULL,
  `need_approval` int(2) DEFAULT '0',
  `date_of_appointment` date NOT NULL,
  `creation_time` datetime DEFAULT NULL,
  `status` int(2) DEFAULT NULL,
  `createdby` varchar(30) COLLATE utf8_unicode_ci DEFAULT NULL,
  `approved` int(11) DEFAULT '0'
) ENGINE=MyISAM DEFAULT CHARSET=utf8 COLLATE=utf8_unicode_ci;

--
-- Dumping data for table `my_advance_appointment`
--

INSERT INTO `my_advance_appointment` (`invoice_id`, `invoice_number`, `patient_id`, `doctor_id`, `diagnostictype_id`, `selected_services`, `refferedby`, `med_card_no`, `totalamount`, `discountamount`, `discount`, `recievedamount`, `dueamount`, `careof`, `creation_timestamp`, `need_approval`, `date_of_appointment`, `creation_time`, `status`, `createdby`, `approved`) VALUES
(4, 'R-08051130-2135', 1462, 5, -1, '0', '0', '0', 100, 0, 0, 100, 0, '', 1494236244, 0, '2017-05-03', '2017-05-08 11:37:00', NULL, 'TestingUAT', 0),
(5, 'R-08051130-2135', 1462, 5, -1, '0', '0', '0', 100, 0, 0, 100, 0, '', 1494236244, 0, '2017-05-09', '2017-05-08 11:37:00', NULL, 'TestingUAT', 0),
(3, 'R-08050844-2135', 1317, 26, -1, '0', '0', '0', 500, 0, 0, 500, 0, 'TestingUAT', 1494225934, 0, '2017-05-01', '2017-05-08 08:45:00', NULL, 'TestingUAT', 0),
(6, 'R-08051130-2135', 1462, 5, -1, '0', '0', '0', 100, 0, 0, 100, 0, '', 1494236244, 0, '2017-05-07', '2017-05-08 11:37:00', NULL, 'TestingUAT', 0),
(7, 'R-08051203-2135', 1356, 3, -1, '0', '0', '0', 100, 0, 0, 100, 0, 'salman', 1494238106, 0, '2017-05-23', '2017-05-08 12:08:00', NULL, 'TestingUAT', 0),
(8, 'R-08051208-2135', 1465, 5, -1, '0', '0', '0', 100, 0, 0, 100, 0, 'TestingUAT', 1494238257, 0, '2017-05-22', '2017-05-08 12:10:00', NULL, 'TestingUAT', 0),
(9, 'R-08051311-2135', 1360, 4, -1, '0', '0', '0', 100, 0, 0, 100, 0, 'TestingUAT', 1494241993, 0, '2017-05-29', '2017-05-08 13:13:00', NULL, 'TestingUAT', 0),
(10, 'R-08051311-2135', 1360, 4, -1, '0', '0', '0', 100, 0, 0, 100, 0, 'TestingUAT', 1494241993, 0, '2017-05-21', '2017-05-08 13:13:00', NULL, 'TestingUAT', 0),
(15, 'R-19051304-2135', 1356, 7, -1, '0', '0', '0', 300, 0, 0, 300, 0, 'TestingUAT', 1495191930, 0, '2017-05-29', '2017-05-19 13:05:00', NULL, 'TestingUAT', 0),
(13, 'R-19051253-2135', 1356, 4, -1, '0', '0', '0', 100, 3, 3, 97, 0, 'TestingUAT', 1495191266, 0, '2017-05-19', '2017-05-19 12:54:00', NULL, 'TestingUAT', 0),
(14, 'R-19051254-2135', 1356, 6, -1, '0', '0', '0', 200, 0, 0, 200, 0, 'TestingUAT', 1495191439, 0, '2017-05-15', '2017-05-19 12:57:00', NULL, 'TestingUAT', 0);

-- --------------------------------------------------------

--
-- Table structure for table `noticeboard`
--

CREATE TABLE `noticeboard` (
  `notice_id` int(11) NOT NULL,
  `notice_title` longtext COLLATE utf8_unicode_ci NOT NULL,
  `notice` longtext COLLATE utf8_unicode_ci NOT NULL,
  `create_timestamp` int(11) NOT NULL
) ENGINE=MyISAM DEFAULT CHARSET=utf8 COLLATE=utf8_unicode_ci;

--
-- Dumping data for table `noticeboard`
--

INSERT INTO `noticeboard` (`notice_id`, `notice_title`, `notice`, `create_timestamp`) VALUES
(1, 'Eye CheckUp', 'Diagnosis', 1396303200),
(2, 'Meeting With Chinese Health Department', 'Meeting With Chinese Health Department', 1396476000),
(3, 'American Health Delegation', 'American Health Delegation', 1395874800),
(4, 'Dental Checkup', 'Free Dental Checkup', 1395615600),
(5, 'Opening ICU', 'Opening Children Ward', 1411585200),
(6, '10 Anniversory ', 'Hospital 10th Anniversory', 1395702000);

-- --------------------------------------------------------

--
-- Table structure for table `nurse`
--

CREATE TABLE `nurse` (
  `nurse_id` int(11) NOT NULL,
  `name` longtext CHARACTER SET utf8 COLLATE utf8_unicode_ci NOT NULL,
  `email` longtext CHARACTER SET utf8 COLLATE utf8_unicode_ci NOT NULL,
  `password` longtext CHARACTER SET utf8 COLLATE utf8_unicode_ci NOT NULL,
  `address` longtext CHARACTER SET utf8 COLLATE utf8_unicode_ci NOT NULL,
  `phone` longtext CHARACTER SET utf8 COLLATE utf8_unicode_ci NOT NULL
) ENGINE=MyISAM DEFAULT CHARSET=latin1;

--
-- Dumping data for table `nurse`
--

INSERT INTO `nurse` (`nurse_id`, `name`, `email`, `password`, `address`, `phone`) VALUES
(2, 'Anjum Saqib', 'nurse@lifeline.com', 'nurse', 'P.EC.H.S karachi', '021-36945412'),
(3, 'Sana Asim', 'sana@lifeline.com.com', 'nurse', 'North Karachi Block C', '021-36274412'),
(4, 'Sumaira Naz', 'sumaira@gmail.com', 'nurse', '6 Woodville St, Balwyn North VIC 3104', '(03) 9857 5813'),
(5, 'Sarafeen Aaric', 'sarafeen@gmail.com', 'nurse', '34 Lurnea Crs, Valentine NSW 2280', '(02) 4946 9828'),
(6, 'Wilson Green', 'wilson@gmail.com', 'nurse', '46 Bridgewater Way, Truganina VIC 3029', '(03) 8360 9427'),
(7, 'Jemimah Wilson', 'jemimah@gmail.com', 'nurse', '12 North St, Cottesloe WA 6011', '(08) 9384 2829');

-- --------------------------------------------------------

--
-- Table structure for table `ot`
--

CREATE TABLE `ot` (
  `ot_id` int(11) NOT NULL,
  `doctor_id` varchar(100) DEFAULT NULL,
  `patient_id` int(11) DEFAULT NULL,
  `anesthesia_name` varchar(100) DEFAULT NULL,
  `1_open_time` varchar(100) DEFAULT NULL,
  `1_close_time` varchar(100) DEFAULT NULL,
  `hours` varchar(100) DEFAULT NULL,
  `case_date` datetime DEFAULT NULL,
  `no_cases` int(11) DEFAULT NULL,
  `surgery_id` int(11) DEFAULT NULL,
  `category_id` int(11) DEFAULT NULL,
  `type_id` int(11) DEFAULT NULL,
  `booking_date` datetime DEFAULT NULL,
  `description` text,
  `booked_id` int(11) DEFAULT NULL,
  `ot1_id` int(11) DEFAULT NULL
) ENGINE=MyISAM DEFAULT CHARSET=utf8;

--
-- Dumping data for table `ot`
--

INSERT INTO `ot` (`ot_id`, `doctor_id`, `patient_id`, `anesthesia_name`, `1_open_time`, `1_close_time`, `hours`, `case_date`, `no_cases`, `surgery_id`, `category_id`, `type_id`, `booking_date`, `description`, `booked_id`, `ot1_id`) VALUES
(1, ' 11 ', 78, 'Dr KELASH', '21:00', '22:00', '1', '2014-09-29 00:00:00', 0, 1, 3, 20, '2014-09-29 00:00:00', '', 1, 2),
(2, ' 2 ', 1294, 'Test', '09:00', '11:00', '2', '2014-12-18 00:00:00', 0, 1, 12, 2, '2014-12-18 00:00:00', '', 1, 1),
(3, ' 28 ', 1295, 'Daud', '22:00', '00:00', 'NaN', '2014-12-27 00:00:00', 0, 3, 2, 2, '2014-12-29 00:00:00', '', 3, 1),
(4, ' 2 ', 1, 'hghgyufgytfg', '01:00', '03:00', '2', '2015-02-19 00:00:00', 0, 1, 3, 2, '2015-02-11 00:00:00', '', 3, 1),
(5, ' 6 ', 1303, 'name', '03:30', '11:30', '8', '2015-10-01 00:00:00', 0, 0, 0, 0, '1970-01-01 00:00:00', '', 1, 1),
(6, ' 30 ', 1308, 'fahad', '12:00', '00:30', '', '2016-08-18 00:00:00', 0, 1, 9, 3, '2016-08-17 00:00:00', '', 1, 1);

-- --------------------------------------------------------

--
-- Table structure for table `ot_details`
--

CREATE TABLE `ot_details` (
  `id` int(4) UNSIGNED NOT NULL,
  `ot_date` datetime DEFAULT NULL,
  `book_time` varchar(10) DEFAULT NULL,
  `end_time` varchar(10) DEFAULT NULL,
  `ot_master_id` int(4) DEFAULT NULL
) ENGINE=MyISAM DEFAULT CHARSET=utf8;

--
-- Dumping data for table `ot_details`
--

INSERT INTO `ot_details` (`id`, `ot_date`, `book_time`, `end_time`, `ot_master_id`) VALUES
(1, '2014-09-29 00:00:00', '21:00', '21:30', 1),
(2, '2014-09-29 00:00:00', '21:30', '22:00', 1),
(3, '2014-12-18 00:00:00', '09:00', '09:30', 2),
(4, '2014-12-18 00:00:00', '09:30', '10:00', 2),
(5, '2014-12-18 00:00:00', '10:00', '10:30', 2),
(6, '2014-12-18 00:00:00', '10:30', '11:00', 2),
(7, '2015-02-19 00:00:00', '01:00', '01:30', 4),
(8, '2015-02-19 00:00:00', '01:30', '02:00', 4),
(9, '2015-02-19 00:00:00', '02:00', '02:30', 4),
(10, '2015-02-19 00:00:00', '02:30', '03:00', 4),
(11, '2015-10-01 00:00:00', '03:30', '04:00', 5),
(12, '2015-10-01 00:00:00', '04:00', '04:30', 5),
(13, '2015-10-01 00:00:00', '04:30', '05:00', 5),
(14, '2015-10-01 00:00:00', '05:00', '05:30', 5),
(15, '2015-10-01 00:00:00', '05:30', '06:00', 5),
(16, '2015-10-01 00:00:00', '06:00', '06:30', 5),
(17, '2015-10-01 00:00:00', '06:30', '07:00', 5),
(18, '2015-10-01 00:00:00', '07:00', '07:30', 5),
(19, '2015-10-01 00:00:00', '07:30', '08:00', 5),
(20, '2015-10-01 00:00:00', '08:00', '08:30', 5),
(21, '2015-10-01 00:00:00', '08:30', '09:00', 5),
(22, '2015-10-01 00:00:00', '09:00', '09:30', 5),
(23, '2015-10-01 00:00:00', '09:30', '10:00', 5),
(24, '2015-10-01 00:00:00', '10:00', '10:30', 5),
(25, '2015-10-01 00:00:00', '10:30', '11:00', 5),
(26, '2015-10-01 00:00:00', '11:00', '11:30', 5);

-- --------------------------------------------------------

--
-- Table structure for table `parcytology_work`
--

CREATE TABLE `parcytology_work` (
  `id` int(11) NOT NULL,
  `patient_name` varchar(255) NOT NULL,
  `age` varchar(255) NOT NULL,
  `sex` varchar(255) NOT NULL,
  `department_no` varchar(255) NOT NULL,
  `phone` varchar(255) NOT NULL,
  `blood_group` varchar(255) NOT NULL,
  `mobile_no` varchar(255) NOT NULL,
  `doc_name` varchar(255) NOT NULL,
  `laboratrist_name` varchar(255) NOT NULL,
  `report_date` varchar(255) NOT NULL,
  `invoice_no` varchar(255) NOT NULL,
  `service_name` varchar(255) NOT NULL,
  `service_amount` varchar(255) NOT NULL,
  `report_type` varchar(255) NOT NULL,
  `volume` varchar(255) NOT NULL,
  `color` varchar(255) NOT NULL,
  `appearance` varchar(255) NOT NULL,
  `specific_gravity` varchar(255) NOT NULL,
  `ph` varchar(255) NOT NULL,
  `glucose` varchar(255) NOT NULL,
  `albumin` varchar(255) NOT NULL,
  `bile` varchar(255) NOT NULL,
  `urobilinogen` varchar(255) NOT NULL,
  `ketone` varchar(255) NOT NULL,
  `nitrite` varchar(255) NOT NULL,
  `blood` varchar(255) NOT NULL,
  `pus_cell` varchar(255) NOT NULL,
  `red_cell` varchar(255) NOT NULL,
  `epithelial_cell` varchar(255) NOT NULL,
  `bacteria` varchar(255) NOT NULL,
  `yeast_cell` varchar(255) NOT NULL,
  `crystal` varchar(255) NOT NULL,
  `amorphose_urates` varchar(255) NOT NULL,
  `granular_cast` varchar(255) NOT NULL,
  `calcium_oxalate` varchar(255) NOT NULL,
  `laboratorist_name` varchar(255) NOT NULL
) ENGINE=InnoDB DEFAULT CHARSET=latin1;

--
-- Dumping data for table `parcytology_work`
--

INSERT INTO `parcytology_work` (`id`, `patient_name`, `age`, `sex`, `department_no`, `phone`, `blood_group`, `mobile_no`, `doc_name`, `laboratrist_name`, `report_date`, `invoice_no`, `service_name`, `service_amount`, `report_type`, `volume`, `color`, `appearance`, `specific_gravity`, `ph`, `glucose`, `albumin`, `bile`, `urobilinogen`, `ketone`, `nitrite`, `blood`, `pus_cell`, `red_cell`, `epithelial_cell`, `bacteria`, `yeast_cell`, `crystal`, `amorphose_urates`, `granular_cast`, `calcium_oxalate`, `laboratorist_name`) VALUES
(6, 'Muhammad Khalid', '50', 'Male', '', '03442441110', '', '0', 'Dr Khalid MS', 'Imran Mcdonald', '2017-02-28 08:40:00', 'R-28020839-2045', 'Blood Grouping  R/H Factor', '100', 'paracytology', '121', '1212', '121', '212', '1000', '', '2121', '21', '21', '21', '21', '212', '12', '12', '12', '12', '12', '12', '12', '12', '12', ''),
(18, 'Muhammad Khalid', '50', 'Male', '', '03442441110', '', '0', 'Dr Khalid MS', 'Imran Mcdonald', '2017-02-27 11:39:00', 'R-27021138-2037', 'CBC & ESR', '350', 'paracytology', '', '', '', '', '', '', '', '', '', '', '', '', '', '', '', '', '', '', '', '', '', '');

-- --------------------------------------------------------

--
-- Table structure for table `patient`
--

CREATE TABLE `patient` (
  `patient_id` int(11) NOT NULL,
  `patient_reg_no` varchar(255) CHARACTER SET utf8 DEFAULT NULL,
  `patient_type` varchar(20) COLLATE utf8_unicode_ci DEFAULT NULL,
  `room_id` int(11) DEFAULT NULL,
  `doctor_id` int(11) DEFAULT NULL,
  `refferedby` longtext COLLATE utf8_unicode_ci NOT NULL,
  `med_card_no` longtext COLLATE utf8_unicode_ci,
  `salutation` longtext COLLATE utf8_unicode_ci NOT NULL,
  `name` longtext COLLATE utf8_unicode_ci NOT NULL,
  `father_husbandname` longtext COLLATE utf8_unicode_ci NOT NULL,
  `email` longtext COLLATE utf8_unicode_ci NOT NULL,
  `password` longtext COLLATE utf8_unicode_ci NOT NULL,
  `nic_no` varchar(50) COLLATE utf8_unicode_ci NOT NULL,
  `address` longtext COLLATE utf8_unicode_ci NOT NULL,
  `phone` longtext COLLATE utf8_unicode_ci NOT NULL,
  `sex` longtext COLLATE utf8_unicode_ci NOT NULL,
  `birth_date` longtext COLLATE utf8_unicode_ci NOT NULL,
  `age` int(11) NOT NULL,
  `blood_group` longtext COLLATE utf8_unicode_ci NOT NULL,
  `account_opening_timestamp` int(11) NOT NULL,
  `admission_date` datetime DEFAULT NULL,
  `discharge_date` datetime DEFAULT NULL,
  `discharge_type` varchar(50) COLLATE utf8_unicode_ci DEFAULT NULL
) ENGINE=MyISAM DEFAULT CHARSET=utf8 COLLATE=utf8_unicode_ci;

--
-- Dumping data for table `patient`
--

INSERT INTO `patient` (`patient_id`, `patient_reg_no`, `patient_type`, `room_id`, `doctor_id`, `refferedby`, `med_card_no`, `salutation`, `name`, `father_husbandname`, `email`, `password`, `nic_no`, `address`, `phone`, `sex`, `birth_date`, `age`, `blood_group`, `account_opening_timestamp`, `admission_date`, `discharge_date`, `discharge_type`) VALUES
(1336, 'MR-1702-1336', 'OPD', NULL, 4, '0', '0', 'Mr.', 'abdullah ', 'no idea ', '0', '0', '42401-9958903-9 ', 'hjukgk', '12237864537', 'Male', '02/06/2014', 0, 'A-', 1488177300, '2017-02-27 07:35:35', NULL, NULL),
(1334, 'MR-1702-1334', 'OPD', NULL, 4, '0', '0', 'Mr.', 'fee', 'fgjk', '', '', '4545-45564-5', '57456', '4564', 'Male', '07/13/2000', 0, 'B+', 1487661540, '2017-02-21 08:19:56', NULL, NULL),
(1335, 'MR-1702-1335', 'OPD', NULL, 4, '0', '0', 'Mr.', 'mustafa', 'mr', '', '', '42401-2587544-1', 'johr', '031545786756', 'Male', '03/02/2000', 0, 'B+', 1488175860, '2017-02-27 07:11:31', NULL, NULL),
(1333, 'MR-1702-1333', 'OPD', NULL, 4, '0', '0', 'Mr.', '', '', '', '', '--', '', '', 'Male', '', 0, '0', 1487058060, '2017-02-14 08:41:40', NULL, NULL),
(1332, 'MR-1702-1332', 'OPD', NULL, -1, '0', '0', 'Mr.', '', 'fsdff', '', '', '42401-9958903-9', '', '25456745645', 'Male', '07/06/2000', 0, '0', 1486986780, '2017-02-13 12:53:22', NULL, NULL),
(1331, 'MR-1702-1331', 'OPD', NULL, 3, '0', '0', 'Mr.', 'gbvfsd', 'sv', '0', '0', '42401-9958903-9 ', 'adcadsv', 'dvcadsv', 'Male', '03/02/2000', 0, 'AB+', 1486985940, '2017-02-13 12:39:15', NULL, NULL),
(1330, 'MR-1702-1329', 'IPD', NULL, 5, '0', '0', 'Mrs.', 'abdullah', 'aaa', '', '', '42401-9958903-9', 'ghofhjfjfj', 'fgv', 'Male', '07/06/2000', 0, 'B+', 1486968720, '2017-02-13 07:52:12', '2017-05-23 15:54:50', 'lama'),
(1329, 'MR-1702-1329', 'IPD', NULL, 5, '0', '0', 'Mrs.', 'abdullah', 'aaa', '', '', '42401-9958903-9', 'ghofhjfjfj', 'fgv', 'Male', '07/06/2000', 0, 'B+', 1486968660, '2017-02-13 07:51:55', '2017-05-23 15:54:50', 'lama'),
(1328, 'MR-1702-1327', 'IPD', NULL, 6, '0', '0', 'Mrs.', 'dardar', 'ali', '', '', '42401-9958903-9', 'dfcefde', '021987754524', 'Male', '07/12/1990', 0, 'B+', 1486968540, '2017-02-13 07:49:32', '2017-05-23 15:55:12', 'normal'),
(1327, 'MR-1702-1327', 'IPD', NULL, 6, '0', '0', 'Mrs.', 'dardar', 'ali', '', '', '42401-9958903-9', 'dfcefde', '021987754524', 'Male', '07/12/1990', 0, 'B+', 1486968300, '2017-02-13 07:45:28', '2017-05-23 15:55:12', 'normal'),
(1326, 'MR-1702-1324', 'IPD', NULL, 6, '0', '0', 'Mrs.', 'shumaila burni', 'aqil burny', '', '', '42401-9958903-9', 'adfasdf', '15674867456', 'Female', '02/25/2009', 0, 'B+', 1486968120, '2017-02-13 07:42:31', '2017-05-23 15:30:34', 'lama'),
(1325, 'MR-1702-1324', 'IPD', NULL, 6, '0', '0', 'Mrs.', 'shumaila burni', 'aqil burny', '', '', '42401-9958903-9', 'adfasdf', '15674867456', 'Female', '02/25/2009', 0, 'B+', 1486968120, '2017-02-13 07:42:11', '2017-05-23 15:30:34', 'lama'),
(1324, 'MR-1702-1324', 'IPD', NULL, 6, '0', '0', 'Mrs.', 'shumaila burni', 'aqil burny', '', '', '42401-9958903-9', 'adfasdf', '15674867456', 'Female', '02/25/2009', 0, 'B+', 1486967940, '2017-02-13 07:39:03', '2017-05-23 15:30:34', 'lama'),
(1323, 'MR-1702-1321', 'OPD', NULL, 5, '0', '0', 'Mr.', 'waqar ali', 'gul xaid', '', '', '42401-9958903-9', 'nkfgjvnvngc', '45674564354', 'Male', '11/30/2000', 0, 'B-', 1486967280, '2017-02-13 07:28:39', NULL, NULL),
(1322, 'MR-1702-1321', 'OPD', NULL, 5, '0', '0', 'Mr.', 'waqar ali', 'gul xaid', '', '', '42401-9958903-9', 'nkfgjvnvngc', '45674564354', 'Male', '11/30/2000', 0, 'B-', 1486967160, '2017-02-13 07:26:41', NULL, NULL),
(1321, 'MR-1702-1321', 'OPD', NULL, 5, '0', '0', 'Mr.', 'waqar ali', 'gul xaid', '', '', '42401-9958903-9', 'nkfgjvnvngc', '45674564354', 'Male', '11/30/2000', 0, 'B-', 1486967160, '2017-02-13 07:26:15', NULL, NULL),
(1320, 'MR-1702-1320', 'OPD', NULL, 4, '0', '0', 'Mr.', 'waqar ali', 'afsdg', '', '', '42401-9958903-9', 'd', '212', 'Male', '11/23/2000', 0, 'AB+', 1486966440, '2017-02-13 07:14:07', NULL, NULL),
(23, 'MR-1409-0023', 'OPD', NULL, 6, '0', '0', 'Mr.', 'Muhammad Khalid', 'Jalil Ahmed', '0', '0', '--', 'b-10, f.b area', '03442441110', 'Male', '01/01/1964', 50, '0', 1411488840, '2014-09-23 21:14:42', NULL, NULL),
(24, 'MR-1409-0024', 'OPD', NULL, 2, '0', '0', 'Mr.', 'Zainab Noor', 'Muhammad Hanif', '0', '0', '--', 'fb area khi', '02135688759', 'Female', '01/01/2011', 3, '0', 1411489680, '2014-09-23 21:28:09', NULL, NULL),
(25, 'MR-1409-0025', 'OPD', NULL, 6, '0', '0', 'Mrs.', 'Hassan', 'Syed Ali Asad', '0', '0', '--', '431/12, gulberg town', '03132754999', 'Female', '01/01/1967', 47, '0', 1411489920, '2014-09-23 21:32:58', NULL, NULL),
(26, 'MR-1409-0026', 'OPD', NULL, 2, '0', '0', 'Miss.', 'Sohra', 'Ghulam Rasool', '0', '0', '--', 'fb area khi', '03215656458', 'Female', '01/01/1984', 30, '0', 1411490400, '2014-09-23 21:40:33', NULL, NULL),
(27, 'MR-1409-0027', 'OPD', NULL, 2, '0', '0', 'Mr.', 'Azadar', 'Azadar', '0', '0', '--', 'fb area khi', '03459898987', 'Male', '01/01/1959', 55, '0', 1411490700, '2014-09-23 21:45:22', NULL, NULL),
(28, 'MR-1409-0028', 'OPD', NULL, 1, '0', '0', 'Mr.', 'ujala', 'habib', '0', '0', '--', 'fb area khi', '54534534', 'Female', '26/07/1996', 17, '0', 1411535220, '2014-09-24 10:07:52', NULL, NULL),
(29, 'MR-1409-0029', 'OPD', NULL, 3, '0', '0', 'Mr.', 'azam', 'anwar', '0', '0', '--', 'fb area khi', '02134568745', 'Male', '10/09/1968', 45, '0', 1411536720, '2014-09-24 10:32:11', NULL, NULL),
(30, 'MR-1409-0030', 'OPD', NULL, 3, '0', '0', 'Mr.', 'mohammad burhan', 'mohammad shahid', '0', '0', '--', 'fb area khi', '0314631473', 'Male', '12/09/1989', 24, '0', 1411549020, '2014-09-24 13:57:05', NULL, NULL),
(31, 'MR-1409-0031', 'OPD', NULL, 5, '0', '0', 'Mr.', 'Muhammad Nadir', 'Peer Baksh', '0', '0', '--', 'fb area khi', '02135658598', 'Male', '01/01/1994', 20, '0', 1411560360, '2014-09-24 17:06:55', NULL, NULL),
(32, 'MR-1409-0032', 'OPD', NULL, 3, '0', '0', 'Mrs.', 'Farhat', 'Rana Nasir', '0', '0', '--', 'Block-10, f.b area', '03122143576', 'Female', '01/01/1979', 35, '0', 1411566960, '2014-09-24 18:56:05', NULL, NULL),
(33, 'MR-1409-0033', 'OPD', NULL, 3, '0', '0', 'Miss.', 'Hira Moiz', 'Abdul Moiz', '0', '0', '--', 'fb area khi', '02135858597', 'Female', '01/01/1984', 30, '0', 1411567320, '2014-09-24 19:02:42', NULL, NULL),
(34, 'MR-1409-0034', 'OPD', NULL, 3, '0', '0', 'Miss.', 'Shabana Naeem', 'Naeem uddin', '0', '0', '--', 'Block-10, f.b area', '03332283192', 'Female', '01/01/1970', 44, '0', 1411567560, '2014-09-24 19:06:11', NULL, NULL),
(35, 'MR-1409-0035', 'IPD', NULL, 11, '0', '0', 'Mr.', 'khadim', 'bakth roidad', '0', '0', '42301-1100814-9  ', 'H#200,NTR COLONY OLD QUEENS ROAD SADAR,DAKHANA CITY KARACHI', '03422452627', 'Male', '19/07/1995', 18, 'None', 1411623780, '2014-09-25 10:43:33', '2017-05-22 19:16:43', 'normal'),
(36, 'MR-1409-0036', 'OPD', NULL, 3, '0', '0', 'Mr.', 'naseem khan', 'gulzar', '0', '0', '-- ', 'fb area khi', '36362212', 'Male', '10/10/1938', 75, 'B+', 1411636260, '2014-09-25 14:11:24', NULL, NULL),
(37, 'MR-1409-0037', 'OPD', NULL, 3, '0', '0', 'Mr.', 'muneera sohail', 'sohail', '0', '0', '-- ', 'fb area khi', '02135465987', 'Female', '12/08/1990', 23, 'None', 1411638240, '2014-09-25 14:44:18', NULL, NULL),
(38, 'MR-1409-0038', 'OPD', NULL, 6, '0', '0', 'Mr.', 'saqib', 'naeemulhaq', '0', '0', '--', 'fb area khi', '03212018218', 'Male', '29/02/2002', 11, '0', 1411643640, '2014-09-25 16:14:27', NULL, NULL),
(39, 'MR-1409-0039', 'OPD', NULL, 5, '0', '0', 'Miss.', 'Nazia Khan', 'Siraj', '0', '0', '--', 'Bufferzone North Karachi', '03452484076', 'Female', '10/01/1985', 28, '0', 1411665840, '2014-09-25 22:24:30', NULL, NULL),
(40, 'MR-1409-0040', 'OPD', NULL, 1, '0', '0', 'Mrs.', 'sabeen imran', 'imran', '0', '0', '--', 'fb area khi', '03002121944', 'Female', '01/01/1982/', 32, '0', 1411714500, '2014-09-26 11:55:58', NULL, NULL),
(41, 'MR-1409-0041', 'OPD', NULL, 1, '0', '0', 'Mr.', 'MRehan', 'SAYED NOOR UD DIN', '0', '0', '--', 'fb area khi', '03442032066', 'Male', '01/01/1966', 48, '0', 1411716000, '2014-09-26 12:20:06', NULL, NULL),
(42, 'MR-1409-0042', 'OPD', NULL, 3, '0', '0', 'Mrs.', 'humaira', 'waqarullah sheikh', '0', '0', '--', 'fb area khi bl 12', '03452162910', 'Female', '11/07/1973', 40, 'A+', 1411727400, '2014-09-26 15:30:26', NULL, NULL),
(43, 'MR-1409-0043', 'OPD', NULL, 6, '0', '0', 'Mr.', 'Liaquat Ali', 'BARKAT ALI', '0', '0', '--', 'fb area khi BL 12', '0334-2264743', 'Male', '01/01/1958', 56, '0', 1411730040, '2014-09-26 16:14:06', NULL, NULL),
(44, 'MR-1409-0044', 'OPD', NULL, 6, '0', '0', 'Mrs.', 'NUZHAT ARIF', 'ARIF GHURI', '0', '0', '--', 'fb area khi BL 12', '0333-2380732', 'Male', '13/03/1960', 53, 'B+', 1411731600, '2014-09-26 16:40:46', NULL, NULL),
(45, 'MR-1409-0045', 'OPD', NULL, 6, '0', '0', 'Mr.', 'OMAIR', 'M ZUBAIR', '0', '0', '--', 'fb area khi BL 9', '0312-8449253', 'Male', '11/10/1975', 38, 'B+', 1411734780, '2014-09-26 17:33:00', NULL, NULL),
(46, 'MR-1409-0046', 'OPD', NULL, 3, '0', '0', 'Mrs.', 'Malik', 'MALIK NAWAZ', '0', '0', '--', 'fb area khi BL 12 A-314', '36803240', 'Female', '01/01/1944', 70, '0', 1411739460, '2014-09-26 18:51:26', NULL, NULL),
(47, 'MR-1409-0047', 'OPD', NULL, 3, '0', '0', 'Mrs.', 'HAMID ALI KHAN', 'HAMID ALI KHAN', '0', '0', '--', 'North Karachi BL N', '0333-2283177', 'Female', '10/10/1973', 40, '0', 1411739940, '2014-09-26 18:59:38', NULL, NULL),
(48, 'MR-1409-0048', 'OPD', NULL, 6, '0', '0', 'Mr.', 'MAZAHIR', 'QAMAR HASSAN', '0', '0', '--', 'fb area khi B-6 BL 18', '0331-2554986', 'Male', '10/10/1964', 49, 'AB+', 1411741440, '2014-09-26 19:24:02', NULL, NULL),
(49, 'MR-1409-0049', 'OPD', NULL, 6, '0', '0', 'Mr.', 'IRTIZA HUSSAIN', 'M MUSTAFA', '0', '0', '--', 'R-408 BL 17 F B AREA', '0333-2166858', 'Male', '01/01/1968', 46, 'B+', 1411741740, '2014-09-26 19:29:39', NULL, NULL),
(50, 'MR-1409-0050', 'OPD', NULL, -1, '0', '0', 'Mr.', 'zishan hassan', 'mohib ul hassan', '0', '0', '--', 'fb area khi B-6 BL 18', '0321-2702181', 'Male', '10/10/1979', 34, 'O+', 1411747500, '2014-09-26 21:05:04', NULL, NULL),
(51, 'MR-1409-0051', 'OPD', NULL, 4, '0', '0', 'Mr.', 's masood ahmed', 's mehboob ahmed', '0', '0', '--', 'fb area khi bl 13', '03332172250', 'Male', '10/01/1953', 60, '0', 1411748400, '2014-09-26 21:20:51', NULL, NULL),
(52, 'MR-1409-0052', 'OPD', NULL, 4, '0', '0', 'Mr.', 'syed adeel', 'syed hamid', '0', '0', '--', 'b-241 bl 11', '03038367612', 'Male', '30/09/1993', 20, '0', 1411749840, '2014-09-26 21:44:35', NULL, NULL),
(53, 'MR-1409-0053', 'OPD', NULL, 4, '0', '0', 'Mr.', 'A Zaidi', 'Zafar husain', '0', '0', '--', 'b-578 Bl 13', '36361499', 'Male', '10/01/1943', 70, '0', 1411750620, '2014-09-26 21:57:15', NULL, NULL),
(54, 'MR-1409-0054', 'OPD', NULL, 4, '0', '0', 'Mr.', 'syed masood ahmed', 'Syed Mehboob ahmed', '0', '0', '--', 'B-131 Block 13', '03332172250', 'Male', '01/01/1955', 59, '0', 1411751640, '2014-09-26 22:14:47', NULL, NULL),
(55, 'MR-1409-0055', 'OPD', NULL, 1, '0', '0', 'Mrs.', 'Farhat', 'Ikhlaq Ahmed ANsari', '0', '0', '--', 'B-726,Block 13', '03332294975', 'Female', '10/01/1978', 35, '0', 1411792680, '2014-09-27 09:38:48', NULL, NULL),
(56, 'MR-1409-0056', 'OPD', NULL, 1, '0', '0', 'Miss.', 'Saira Sultana', 'Ikhlaq Ahmed ANsari', '0', '0', '-- ', 'B-726,Block 13', '03332172550', 'Female', '10/01/1980', 33, 'None', 1411792860, '2014-09-27 09:41:50', NULL, NULL),
(57, 'MR-1409-0057', 'IPD', NULL, 11, '0', '0', 'Mr.', 'naeem suleman', 'suleman ibrahim', '0', '0', '42101-1392642-9', 'b-62 sector 11-G new karachi', '0322-8526253', 'Male', '10/01/1995', 18, '0', 1411794060, '2014-09-27 10:01:08', '2014-09-27 17:01:11', 'normal'),
(58, 'MR-1409-0058', 'OPD', NULL, -1, '0', '0', 'Mr.', 'syed akhter bariq', 'syed abdul bariq', '0', '0', '--', 'fb area khi bl 13', '0333-3016177', 'Male', '12/06/1948', 65, 'A+', 1411799100, '2014-09-27 11:25:25', NULL, NULL),
(59, 'MR-1409-0059', 'OPD', NULL, -1, '0', '0', 'Mr.', 'sadia imran', 'imran', '0', '0', '--', 'gul berg bl 12', '0315-8802803', 'Female', '12/05/1983', 30, '0', 1411802580, '2014-09-27 12:23:32', NULL, NULL),
(60, 'MR-1409-0060', 'OPD', NULL, -1, '0', '0', 'Mr.', 'sanobar humaiyo', 'humaiyo zaki', '0', '0', '--', 'fb area khi bl 13', '03328783040', 'Female', '12/04/1975', 38, 'AB+', 1411806540, '2014-09-27 13:29:08', NULL, NULL),
(61, 'MR-1409-0061', 'OPD', NULL, -1, '0', '0', 'Mrs.', 'taj', 'malik', '0', '0', '--', 'landi kotal', '02134568745', 'Female', '01/01/1972', 42, '0', 1411825020, '2014-09-27 18:37:24', NULL, NULL),
(62, 'MR-1409-0062', 'OPD', NULL, 2, '0', '0', 'Mr.', 'ashfak bukhari', 'shabir hussain', '0', '0', '--', 'a-501 bl 12 f b area', '36340308', 'Male', '02/01/1943', 71, 'O+', 1411825260, '2014-09-27 18:41:59', NULL, NULL),
(63, 'MR-1409-0063', 'OPD', NULL, 6, '0', '0', 'Mrs.', 'mrs ashfak', 'ashfak', '0', '0', '--', 'fb area khi bl 12', '36340308', 'Female', '15/06/1950', 63, 'O+', 1411825740, '2014-09-27 18:49:12', NULL, NULL),
(64, 'MR-1409-0064', 'OPD', NULL, -1, '0', '0', 'Mr.', 'Saleem Iqbal', 'Fazal Imam', '0', '0', '34343-3455454-3', 'North karachi', '393939339', 'Male', '11/12/2012', 1, '0', 1411830120, '2014-09-27 20:02:59', NULL, NULL),
(65, 'MR-1409-0065', 'OPD', NULL, 6, '0', '0', 'Mr.', 'saqeel ahmed', 's moeed ahmed', '0', '0', '--', 'fb area khi bl 17', '0333-2387810', 'Male', '14/08/1963', 50, 'B+', 1411831320, '2014-09-27 20:22:56', NULL, NULL),
(66, 'MR-1409-0066', 'OPD', NULL, 6, '0', '0', 'Miss.', 'maheen aqeel', 's aqeel', '0', '0', '--', 'fb area khi bl 17', '0333-2219582', 'Female', '03/08/1997', 17, 'O+', 1411831560, '2014-09-27 20:26:56', NULL, NULL),
(67, 'MR-1409-0067', 'OPD', NULL, 6, '0', '0', 'B/O.', 's m nafeh', 's m ', '0', '0', '--', 'fb area khi bl 12', '0301-6456786', 'Male', '02/11/2012', 2, '0', 1411832100, '2014-09-27 20:35:06', NULL, NULL),
(68, 'MR-1409-0068', 'OPD', NULL, 2, '0', '0', 'B/O.', 'haaveen', 'akber ali', '0', '0', '-- ', 'fb area khi bl 13', '0322-2225461', 'Female', '31/05/2007', 6, 'None', 1411832340, '2014-09-27 20:39:55', NULL, NULL),
(69, 'MR-1409-0069', 'OPD', NULL, -1, '0', '0', 'Mrs.', 'Amna Khatoon', 'Sultan Muhammad', '0', '0', '--', 'sec 5-E,45/6 New KArachi', '03222411412', 'Female', '10/01/1953', 60, '0', 1411835040, '2014-09-27 21:24:15', NULL, NULL),
(70, 'MR-1409-0070', 'OPD', NULL, 1, '0', '0', 'Mrs.', 'Shazia Tariq', 'Tariq Khan', '0', '0', '--', 'F.B Area Block 12', '03452403227', 'Female', '10/01/1985', 28, '0', 1411840020, '2014-09-27 22:47:04', NULL, NULL),
(71, 'MR-1409-0071', 'OPD', NULL, 12, '0', '0', 'Mr.', 'Owais', 'Pervaiz', '0', '0', '--', 'F.B Area Block 12', '03333981722', 'Male', '7/01/2013', 1, '0', 1411840800, '2014-09-27 23:00:09', NULL, NULL),
(72, 'MR-1409-0072', 'OPD', NULL, -1, '0', '0', 'Mr.', 'Imran', 'Anees hussain', '0', '0', '--', '', '03142713374', 'Male', '10/01/1995', 18, '0', 1411843320, '2014-09-27 23:42:20', NULL, NULL),
(73, 'MR-1409-0073', 'OPD', NULL, -1, '0', '0', 'Mr.', 'Zeeshan', 'khan', '0', '0', '--', '', '03453138837', 'Male', '10/01/1980', 33, '0', 1411843560, '2014-09-27 23:46:54', NULL, NULL),
(74, 'MR-1409-0074', 'OPD', NULL, -1, '0', '0', 'Mrs.', 'Tasneen', 'Fakhar', '0', '0', '--', 'A-99,block 12 Fb Area', '03212668655', 'Female', '10/01/1960', 53, '0', 1411847460, '2014-09-28 00:51:46', NULL, NULL),
(75, 'MR-1409-0075', 'OPD', NULL, 5, '0', '0', 'Mrs.', 'Ambreen', 'Atif', '0', '0', '--', 'AL-Madina Heights Block 12 fb Area', '03222549676', 'Female', '10/01/1984', 29, '0', 1411864500, '2014-09-28 05:35:58', NULL, NULL),
(76, 'MR-1409-0076', 'OPD', NULL, 1, '0', '0', 'Mrs.', 'mrs aslam', 'aslam', '0', '0', '-- ', 'fb area khi bl 12', '02134568745', 'Female', '09/01/1974', 40, 'None', 1411974420, '2014-09-29 12:07:39', NULL, NULL),
(77, 'MR-1409-0077', 'OPD', NULL, -1, '0', '0', 'Mr.', 'humaira waqar', 'waqar', '0', '0', '--', 'F.B Area Block 12', '03452089416', 'Female', '10/01/1975', 38, '0', 1411977780, '2014-09-29 13:03:51', NULL, NULL),
(78, 'MR-1409-0078', 'IPD', NULL, 11, '0', '0', 'Mr.', 'Mohammed Danial', 'NONE', '0', '0', '42101-8294704-5', 'F-2/860 MHAULA LIQTABAD KARACHI', '0342-2264159', 'Male', '01/01/1980', 34, '0', 1412006280, '2014-09-29 20:58:54', '2014-10-01 21:57:31', 'normal'),
(79, 'MR-1409-0079', 'IPD', NULL, 11, '0', '0', 'Mr.', 'Tariq', 'MFazal', '0', '0', '0000000000000', '2D-4/7 NAZIMABAD # 2', '0321-8972902', 'Male', '01/01/1979', 35, 'None', 1412007540, '2014-09-29 21:19:19', '2014-10-01 21:57:46', 'normal'),
(80, 'MR-1409-0080', 'OPD', NULL, -1, '0', '0', 'Mrs.', 'Shamim Azra', 'Muhammad akil', '0', '0', '--', '', '021-3636109', 'Female', '10/01/1947', 66, '0', 1412014740, '2014-09-29 23:19:27', NULL, NULL),
(81, 'MR-1409-0081', 'OPD', NULL, -1, '0', '0', 'Mrs.', 'Mrs Malik', 'Malik', '0', '0', '--', '', '03009247060', 'Female', '10/01/1943', 70, '0', 1412016360, '2014-09-29 23:46:32', NULL, NULL),
(82, 'MR-1409-0082', 'OPD', NULL, 12, '0', '0', 'Mr.', 'Tahira M ali', 'm ali', '0', '0', '--', 'fb area bl 11', '03002798270', 'Female', '12/08/1953', 60, '0', 1412056260, '2014-09-30 10:51:20', NULL, NULL),
(83, 'MR-1409-0083', 'OPD', NULL, 3, '0', '0', 'Mr.', 'Mujahid Ali', ' Hashim Ali', '0', '0', '--  ', '', '03002898982', 'Male', '10/01/1973', 40, 'None', 1412057820, '2014-09-30 11:17:46', NULL, NULL),
(84, 'MR-1409-0084', 'OPD', NULL, 1, '0', '0', 'Mrs.', 'RABIA', 'Sajid', '0', '0', '--', 'fb area bl 11', '03333830064', 'Female', '12/05/1981', 32, 'O+', 1412058720, '2014-09-30 11:32:39', NULL, NULL),
(85, 'MR-1409-0085', 'OPD', NULL, 3, '0', '0', 'Mr.', 'Shahab Uddin', 'Abdul sami', '0', '0', '--', 'gulshan bl 10', '03322518122', 'Male', '12/04/1935', 78, '0', 1412059200, '2014-09-30 11:40:15', NULL, NULL),
(86, 'MR-1409-0086', 'OPD', NULL, 6, '0', '0', 'Mrs.', 'Suraiya begum', 'Mohammad Anwar', '0', '0', '-- ', 'gulshan bl 10', '03008222500', 'Female', '10/01/1943', 70, 'None', 1412059500, '2014-09-30 11:45:42', NULL, NULL),
(87, 'MR-1409-0087', 'OPD', NULL, 1, '0', '0', 'Miss.', 'Yasra Aslam', 'Aslam', '0', '0', '--', 'fb area bl 11', '03002898982', 'Female', '10/01/1993', 20, '0', 1412059920, '2014-09-30 11:52:57', NULL, NULL),
(88, 'MR-1409-0088', 'OPD', NULL, 3, '0', '0', 'Miss.', 'Arooba Ilyas', 'Ilyas', '0', '0', '--', 'gulshan bl 12', '03002683415', 'Female', '14/08/1993', 20, '0', 1412060640, '2014-09-30 12:04:20', NULL, NULL),
(89, 'MR-1409-0089', 'OPD', NULL, 6, '0', '0', 'Mrs.', 'Shakila', 'Mohammad Tariq', '0', '0', '--', 'gulshan bl 12', '03008222500', 'Female', '15/05/1965', 48, '0', 1412061780, '2014-09-30 12:23:43', NULL, NULL),
(90, 'MR-1409-0090', 'OPD', NULL, 6, '0', '0', 'Mrs.', ' Mrs Asad', 'Asad', '0', '0', '--  ', 'fb area bl 11', '03322518122', 'Female', '12/08/1967', 46, 'None', 1412062080, '2014-09-30 12:28:03', NULL, NULL),
(91, 'MR-1409-0091', 'OPD', NULL, 12, '0', '0', 'Mr.', 'Mohammad Ayaz', 'Mohammad shehzad', '0', '0', '--', 'fb area bl 11', '03002798270', 'Male', '12/05/1991', 22, '0', 1412064060, '2014-09-30 13:01:29', NULL, NULL),
(92, 'MR-1409-0092', 'OPD', NULL, 12, '0', '0', 'Mr.', 'Mohammad SHAFIQ', 'MEHAR DIN', '0', '0', '--', 'fb area bl 11', '0301-2397256', 'Male', '01/01/1969', 45, '0', 1412085780, '2014-09-30 19:03:14', NULL, NULL),
(93, 'MR-1409-0093', 'OPD', NULL, 12, '0', '0', 'Mr.', 'ANUS FAROOQ', 'FAROOQ IZHAR', '0', '0', '--', 'fb area bl 11', '0334-3368837', 'Male', '01/01/2007', 7, '0', 1412085900, '2014-09-30 19:05:07', NULL, NULL),
(94, 'MR-1409-0094', 'OPD', NULL, 6, '0', '0', 'Mr.', 'AZIZ', 'ZAHOOR JAN', '0', '0', '--', 'fb area bl 13', '0333-3701110', 'Male', '01/01/1994', 20, '0', 1412086320, '2014-09-30 19:12:49', NULL, NULL),
(95, 'MR-1409-0095', 'OPD', NULL, 6, '0', '0', 'Mrs.', 'SHABANA HASAN', 'HASAN', '0', '0', '--', 'fb area bl 12', '0314-2218051', 'Male', '20/10/1969', 44, 'A+', 1412086500, '2014-09-30 19:15:06', NULL, NULL),
(96, 'MR-1409-0096', 'OPD', NULL, 6, '0', '0', 'B/O.', 'USMAN ALI', 'ALI', '0', '0', '--', 'fb area bl 11', '0345-2299978', 'Male', '06/05/2011', 3, '0', 1412086800, '2014-09-30 19:20:32', NULL, NULL),
(97, 'MR-1409-0097', 'OPD', NULL, 6, '0', '0', 'Mr.', 'BILAL EJAZ', 'M EJAZ', '0', '0', '--', 'fb area bl 13', '0333-3519863', 'Male', '07/04/1984', 30, '0', 1412087400, '2014-09-30 19:30:21', NULL, NULL),
(98, 'MR-1409-0098', 'OPD', NULL, 12, '0', '0', 'Miss.', 'SAIRA', 'MALIK IRSHAD', '0', '0', '--', 'fb area bl 10', '0300-8166673', 'Female', '01/01/1993', 21, '0', 1412090040, '2014-09-30 20:14:26', NULL, NULL),
(99, 'MR-1409-0099', 'OPD', NULL, 6, '0', '0', 'Mrs.', 'SEEMI ALI', 'ALI', '0', '0', '--', 'fb area bl 13', '03322518122', 'Female', '01/01/1992', 22, '0', 1412090580, '2014-09-30 20:23:12', NULL, NULL),
(100, 'MR-1409-0100', 'OPD', NULL, 6, '0', '0', 'Mrs.', 'RABIA ADNAN', 'ADNAN', '0', '0', '--', 'fb area bl 7', '0334-3596056', 'Female', '01/01/1986', 28, '0', 1412091300, '2014-09-30 20:35:07', NULL, NULL),
(1294, 'MR-1412-0101', 'IPD', NULL, 5, '0', '0', 'Mr.', 'Test Customer', 'Test', '0', '0', '42201-244234-4 ', 'North Nazimabad Block D', '03003315780', 'Male', '07/10/1990', 24, 'None', 1418888640, '2014-12-18 07:44:04', NULL, NULL),
(1295, 'MR-1412-1295', 'IPD', NULL, 28, '0', '0', 'Mrs.', 'khalda ', 'Daud', '0', '0', '--', 'Landhi', '00093920', 'Female', '07/07/1994', 20, 'AB-', 1419407040, '2014-12-24 07:44:38', '2015-09-30 03:31:55', 'normal'),
(1296, 'MR-1502-1296', 'OPD', NULL, 4, '0', '0', 'Mrs.', 'Empty', 'Test Father', '0', '0', '12345-1234567-1', 'Mariot road', '03001234567', 'Female', '10/01/2014', 40, '0', 1423629780, '2015-02-11 04:43:21', NULL, NULL),
(1297, 'MR-1502-1297', 'OPD', NULL, 5, '0', '0', 'Mr.', 'Muhammad', 'Test Father', '0', '0', '12345-1234567-1', 'aaaaaaaaaaaaaaaaaaa', '03001234567', 'Male', '1/1/1990', 0, '0', 1423804260, '2015-02-13 05:11:53', NULL, NULL),
(1298, 'MR-1502-1298', 'OPD', NULL, 1, '0', '0', 'Mr.', 'asdasd', 'asdadad', '0', '0', '--', '', '12312313', 'Female', '09/09/2014', 0, 'B-', 1424150940, '2015-02-17 05:29:15', NULL, NULL),
(1299, 'MR-1502-1299', 'IPD', NULL, 1, '0', '0', 'Mr.', 'qdqwdqw', 'dqwdqwdqwd', '0', '0', '--', '', '12312313', 'Male', '04/22/2013', 1, 'A-', 1424150940, '2015-02-17 05:29:57', NULL, NULL),
(1300, 'MR-1502-1300', 'OPD', NULL, 3, '0', '0', 'Mr.', 'saleem', 'saleem ash', '0', '0', '34562--', 'saleem', '329847298', 'Male', '08/16/2012', 0, 'A-', 1424652720, '2015-02-23 00:52:16', NULL, NULL),
(1301, 'MR-1509-1301', 'OPD', NULL, 4, '0', '0', 'Mr.', 'Imran Ahmed', 'Ahmed Khan', '0', '0', '39393-3939393-2', 'North', '33939393', 'Male', '04/22/2014', 0, 'A+', 1443538740, '2015-09-29 14:59:19', NULL, NULL),
(1302, 'MR-1509-1302', 'OPD', NULL, 29, '0', '0', 'Mr.', 'life style', 'style', '0', '0', '12345-1234567-9', 'ghar', '12344321', 'Male', '10/01/199', 0, '0', 1443539760, '2015-09-29 15:16:15', NULL, NULL),
(1303, 'MR-1509-1303', 'IPD', NULL, 29, '0', '0', 'Mr.', 'Customer Test', 'Test', '0', '0', '12345-987654-7  ', 'ghar', '12344321', 'Male', '20/11/1991', 0, 'A+', 1443609420, '2015-09-30 10:37:14', '2015-10-01 06:12:39', 'normal'),
(1304, 'MR-1511-1304', 'IPD', NULL, 8, '0', '0', 'Mrs.', 'Abdullah', 'Abdullah', '0', '0', '42135-1254838-1', 'kdjsjfdijdifnfnwenfiweiwjd  dw ownfejn', '03459875461', 'Female', '1984', 31, 'B-', 1447667580, '2015-11-16 09:53:11', '2017-05-22 19:12:48', ''),
(1305, 'MR-1604-1305', 'OPD', NULL, 1, '0', '0', 'Mr.', 'Salman Habib', 'Hbaib', '0', '0', '33333-3333333-3', '', '666666666', 'Male', '10/01/2015', 0, 'A+', 1459951620, '2016-04-06 14:07:16', NULL, NULL),
(1306, 'MR-1604-1306', 'OPD', NULL, 1, '0', '0', 'Mr.', 'Arshad Bilal', 'Cheema', '0', '0', '33333-3333333-3', '', '212121212', 'Male', '10/01/2015', 0, 'A+', 1460467260, '2016-04-12 13:21:26', NULL, NULL),
(1307, 'MR-1606-1307', 'OPD', NULL, 1, '0', '0', 'Mr.', 'Imran', 'Sadiq', '0', '0', '--', '', '03445510328', 'Male', '', 0, 'B+', 1465896600, '2016-06-14 09:30:53', NULL, NULL),
(1308, 'MR-1608-1308', 'OPD', NULL, 30, '0', '0', 'Mrs.', 'shanaz', 'azam', '0', '0', '--000054509', 'malir', '999999003', 'Female', '10/5/1990', 25, 'AB+', 1472121300, '2016-08-25 05:52:00', NULL, NULL),
(1311, 'MR-1608-1311', 'OPD', NULL, 30, '0', '0', 'Mr.', 'ali ', 'khan', '0', '0', '--', '', '0999999', 'Male', '4/3/1991', 25, 'A+', 1472133180, '2016-08-25 08:53:37', NULL, NULL),
(1312, 'MR-1611-1312', 'OPD', NULL, 30, '0', '0', 'Mr.', 'asad marfani', 'dont know', '0', '0', '--', '', '03362151343', 'Male', '03/06/2013', 3, 'O-', 1478759700, '2016-11-10 07:35:58', NULL, NULL),
(1313, 'MR-1611-1313', 'OPD', NULL, 3, '0', '0', 'Mrs.', 'tabish bhai', 'fdf', '0', '0', '45645-4589745-1 ', 'ethn', '4897456', 'Male', '10/01/2015', 3, 'O-', 1479366540, '2016-11-17 08:09:53', NULL, NULL),
(1314, 'MR-1611-1314', 'IPD', NULL, 3, '0', '0', 'B/O.', 'incisivesoft', 'fwerfg', '0', '0', '5827-7567-7', 'rtgh', '687', 'Male', '03/15/2011', 0, 'B+', 1479366720, '2016-11-17 08:12:50', '2017-05-22 19:20:57', 'death'),
(1315, 'MR-1611-1315', 'OPD', NULL, 12, '0', '0', 'Mr.', 'm junaid', 'm  khalid', '0', '0', '--', 'gulshan 13-d', '03432618641', 'Male', '10/01/2015', 0, 'A-', 1479797640, '2016-11-22 07:54:41', NULL, NULL),
(1316, 'MR-1702-1316', 'OPD', NULL, 3, '0', '0', 'Mr.', 'x', 'y', '0', '0', '42401-995890-9', 'asbjcgjk', '03249156879', 'Male', '10/01/1995', 0, 'B+', 1486728120, '2017-02-10 13:02:57', NULL, NULL),
(1317, 'MR-1702-1317', 'IPD', NULL, 3, '0', '0', 'Mr.', 'waqar ali', 'gul zaid', '', '', '42401-9958903-9', 'jkgdkwg', '-', 'Male', '12/21/1994', 0, 'B+', 1486819380, '2017-02-11 14:23:23', '2017-05-22 19:20:27', 'normal'),
(1318, 'MR-1702-1318', 'OPD', NULL, 3, '0', '0', 'Mr.', 'sardar', 'ndk', '', '', '42401-9958903-9', 'gvhkjk', '65', 'Male', '07/13/2000', 0, 'B+', 1486819680, '2017-02-11 14:28:22', NULL, NULL),
(1319, 'MR-1702-1319', 'IPD', NULL, 3, '0', '0', 'B/O.', 'bnxsb', 'bnjklbnjkl', '', '', 'mn-njl-n', 'nm,l', 'nn', 'Male', '02/13/2017', 0, 'A-', 1486965360, '2017-02-13 06:56:59', '2017-05-22 19:22:54', 'death'),
(1337, 'MR-1702-1337', 'OPD', NULL, 7, '0', '0', 'Mrs.', 'asdfg', 'sfg', '0', '0', '134-443-2', 'hjkghk', '4557', 'Male', '06/09/2016', 0, '0', 1488179340, '2017-02-27 08:09:46', NULL, NULL),
(1338, 'MR-1702-1338', 'OPD', NULL, 8, '0', '0', 'Mr.', 'tabish bhai', 'bhai log', '0', '0', '42401-9958903-9', 'hjdkghjfgchj', '02134578963', 'Male', '12/10/2014', 0, 'B+', 1488180060, '2017-02-27 08:21:02', NULL, NULL),
(1339, 'MR-1702-1339', 'OPD', NULL, 8, '0', '0', 'Mr.', 'tabish bhai', 'bhai log', '0', '0', '42401-9958903-9', 'hjdkghjfgchj', '02134578963', 'Male', '12/10/2014', 0, 'B+', 1488180120, '2017-02-27 08:22:14', NULL, NULL),
(1340, 'MR-1702-1340', 'OPD', NULL, 5, '0', '0', 'Mr.', 'fb', 'wrg', '0', '0', '85-756-6', 'gawe', '53', 'Male', '03/17/2016', 0, 'A-', 1488181080, '2017-02-27 08:38:23', NULL, NULL),
(1341, 'MR-1702-1341', 'OPD', NULL, 5, '0', '0', 'Mr.', 'fb', 'wrg', '0', '0', '85-756-6', 'gawe', '53', 'Male', '03/17/2016', 0, 'A-', 1488181140, '2017-02-27 08:39:14', NULL, NULL),
(1342, 'MR-1702-1342', 'OPD', NULL, 3, '0', '0', 'Mr.', 'fv', 'tghn', '0', '0', '454-44-5', 'sfgresdgb', '5648646', 'Male', '01/12/2016', 0, '0', 1488181140, '2017-02-27 08:39:55', NULL, NULL),
(1343, 'MR-1702-1343', 'OPD', NULL, 7, '0', '0', 'Mr.', 'scqa', 'wdfv', '0', '0', '4-45564-5', '445', '45564', 'Male', '07/15/2015', 0, '0', 1488181800, '2017-02-27 08:50:19', NULL, NULL),
(1344, 'MR-1702-1344', 'OPD', NULL, 7, '0', '0', 'Mr.', 'scqa', 'wdfv', '0', '0', '4-45564-5', '445', '45564', 'Male', '07/15/2015', 0, '0', 1488181800, '2017-02-27 08:50:58', NULL, NULL),
(1345, 'MR-1702-1345', 'OPD', NULL, 3, '0', '0', 'Mr.', 'waqar', 'ali', '0', '0', '42401-9958903-9', 'bmhsfgj', '03432618641', 'Male', '10/01/1995', 0, 'O-', 1488182220, '2017-02-27 08:57:09', NULL, NULL),
(1346, 'MR-1702-1346', 'OPD', NULL, 8, '0', '0', 'Mr.', 'kaleemullah', 'whgdhj', '0', '0', '4125-56234-3', '46453', '4', 'Male', '10/01/1995', 0, '0', 1488189660, '2017-02-27 11:01:20', NULL, NULL),
(1347, 'MR-1702-1347', 'OPD', NULL, 8, '0', '0', 'Mr.', 'kaleemullah', 'whgdhj', '0', '0', '4125-56234-3', '46453', '4', 'Male', '10/01/1995', 0, '0', 1488189720, '2017-02-27 11:02:33', NULL, NULL),
(1348, 'MR-1702-1348', 'OPD', NULL, -1, '0', '0', 'Mr.', 'qwfe', 'dqv', '0', '0', '45674-45-5', '4', '454', 'Male', '10/01/1995', 0, 'B-', 1488190260, '2017-02-27 11:11:02', NULL, NULL),
(1349, 'MR-1703-1349', 'IPD', NULL, 10, '0', '0', 'Mr.', 'razzak', 'hellow', '0', '0', '42401-9958903-9 ', 'gjthjtgj', '45674537453', 'Male', '08/14/2014', 0, 'B+', 1488435840, '2017-03-02 07:24:09', '2017-05-23 14:50:20', 'normal'),
(1350, 'MR-1703-1350', 'IPD', NULL, 8, '0', '0', 'Mr.', 'sardar', 'afridi', '0', '0', '42401-9958903-9', 'metrovile', '03432618641', 'Male', '07/09/2013', 0, 'A+', 1488438900, '2017-03-02 08:15:32', '2017-05-22 19:23:48', 'death'),
(1351, 'MR-1703-1351', 'IPD', NULL, 4, '0', '0', 'Mr.', 'kaleem ', 'saleem', '0', '0', '42401-9958903-9', 'gulshan 13 d', '03121266008', 'Male', '06/05/2013', 0, 'A-', 1488447720, '2017-03-02 10:42:04', '2017-05-23 15:54:33', 'lama'),
(1352, 'MR-1703-1352', 'IPD', NULL, 11, '0', '0', 'Mr.', 'waqar ali', 'hellow', '0', '0', '42401-9958903-9', 'hdkehfjk', '5678564323', 'Male', '10/08/2013', 0, 'A+', 1489478100, '2017-03-14 08:55:37', '2017-05-22 19:55:28', 'death'),
(1353, 'MR-1704-1353', 'OPD', NULL, 5, '0', '0', 'Mr.', 'salman', 'anwar', '', '', '42101-585958-1', 'Q-48', '033154548454', 'Male', '04/05/1991', 0, 'O+', 1492408260, '2017-04-17 07:51:55', NULL, NULL),
(1354, 'MR-1704-1353', 'OPD', NULL, 5, '0', '0', 'Mr.', 'salman', 'anwar', '', '', '42101-585958-1', 'Q-48', '033154548454', 'Male', '04/05/1991', 0, 'O+', 1492408260, '2017-04-17 07:51:56', NULL, NULL),
(1355, 'MR-1704-1355', 'OPD', NULL, 5, '0', '0', 'Mr.', 'salman', 'anwar', '', '', '45849-4464564-1', 'Q21', '03312519207', 'Male', '04/17/1995', 0, '0', 1492408620, '2017-04-17 07:57:47', NULL, NULL),
(1356, 'MR-0804-1356', 'OPD', NULL, 3, '0', '0', 'Mr.', 'abc', 'xyz', '0', '0', '42101-454678-1', 'xyz', '12345678986', 'Male', '10/01/2007', 0, '0', 1207163460, '2008-04-02 21:11:25', NULL, NULL),
(1357, 'MR-0804-1357', 'OPD', NULL, -1, '0', '0', 'Mr.', 'asad', 'aaaa', '0', '0', '12345-4444444-1', 'dsdsd', '454546', 'Male', '10/01/2007', 0, '0', 1207167000, '2008-04-02 22:10:11', NULL, NULL),
(1358, 'MR-0804-1357', 'OPD', NULL, -1, '0', '0', 'Mr.', 'asad', 'aaaa', '0', '0', '12345-4444444-1', 'dsdsd', '454546', 'Male', '10/01/2007', 0, '0', 1207167000, '2008-04-02 22:10:12', NULL, NULL),
(1359, 'MR-0804-1359', 'OPD', NULL, 3, '0', '0', 'Mr.', 'asad', 'aaaa', '0', '0', '12345-4444444-1', 'dsdsd', '454546', 'Male', '10/01/2007', 0, '0', 1207167120, '2008-04-02 22:12:51', NULL, NULL),
(1360, 'MR-0804-1360', 'OPD', NULL, 3, '0', '0', 'Mr.', 'qasim', 'ahmed', '0', '0', '78944-444544-7', 'eedx', '45454564454', 'Male', '10/01/2007', 0, '0', 1207168620, '2008-04-02 22:37:26', NULL, NULL),
(1361, 'MR-0804-1361', 'OPD', NULL, 3, '0', '0', 'Mr.', 'qasim', 'ahmed', '0', '0', '78944-444544-7', 'eedx', '45454564454', 'Male', '10/01/2007', 0, '0', 1207168680, '2008-04-02 22:38:20', NULL, NULL),
(1362, 'MR-0804-1362', 'OPD', NULL, 3, '0', '0', 'Mr.', 'qasim', 'ahmed', '0', '0', '78944-444544-7', 'eedx', '45454564454', 'Male', '10/01/2007', 0, '0', 1207168800, '2008-04-02 22:40:54', NULL, NULL),
(1363, 'MR-0804-1363', 'OPD', NULL, 3, '0', '0', 'Mr.', 'qasim', 'ahmed', '0', '0', '78944-444544-7', 'eedx', '45454564454', 'Male', '10/01/2007', 0, '0', 1207168920, '2008-04-02 22:42:19', NULL, NULL),
(1364, '', 'OPD', NULL, -1, '0', '0', 'Mr.', '', '', '', '', '--', '', '', 'Male', '', 0, '0', 1207173840, '2008-04-03 00:04:49', '2017-05-22 19:16:32', 'normal'),
(1365, '', 'OPD', NULL, 3, '0', '0', 'Mr.', '', '', '', '', '--', '', '', 'Male', '', 0, '0', 1207177080, '2008-04-03 00:58:49', '2017-05-22 19:16:32', 'normal'),
(1366, '', 'OPD', NULL, 3, '0', '0', 'Mr.', '', '', '', '', '--', '', '', 'Male', '', 0, '0', 1492597020, '2017-04-19 12:17:06', '2017-05-22 19:16:32', 'normal'),
(1367, 'MR-1704-1367', 'OPD', NULL, 3, '0', '0', 'Mr.', 'salman', 'anwar', '0', '0', '12354-4545454-4', 'ssws', '256565656', 'Male', '10/01/2016', 0, '0', 1492597620, '2017-04-19 12:27:29', NULL, NULL),
(1368, 'MR-1704-1367', 'OPD', NULL, 3, '0', '0', 'Mr.', 'salman', 'anwar', '0', '0', '12354-4545454-4', 'ssws', '256565656', 'Male', '10/01/2016', 0, '0', 1492597620, '2017-04-19 12:27:30', NULL, NULL),
(1369, '', 'OPD', NULL, 3, '0', '0', 'Mr.', '', '', '', '', '--', '', '', 'Male', '', 0, '0', 1492665180, '2017-04-20 07:13:36', '2017-05-22 19:16:32', 'normal'),
(1370, '', 'OPD', NULL, 3, '0', '0', 'Mr.', '', '', '', '', '--', '', '', 'Male', '', 0, '0', 1492665180, '2017-04-20 07:13:36', '2017-05-22 19:16:32', 'normal'),
(1371, 'MR-1704-1371', 'OPD', NULL, 3, '0', '0', 'Mr.', '', '', '', '', '--', '', '', 'Male', '', 0, '0', 1492683240, '2017-04-20 12:14:31', NULL, NULL),
(1372, 'MR-1704-1372', 'OPD', NULL, 3, '0', '0', 'Mr.', 'ppp', 'ddd', '', '', '44545-4545456-5', '', '54564', 'Male', '03/29/2017', 0, 'AB+', 1492684320, '2017-04-20 12:32:45', NULL, NULL),
(1373, 'MR-1704-1373', 'OPD', NULL, 3, '0', '0', 'Mr.', 'aaa', 'bbb', '', '', '56456-4454456-5', 'dfd', '124545454', 'Male', '04/18/2017', 0, 'B-', 1492684500, '2017-04-20 12:35:10', NULL, NULL),
(1374, 'MR-1704-1373', 'OPD', NULL, 3, '0', '0', 'Mr.', 'aaa', 'bbb', '', '', '56456-4454456-5', 'dfd', '124545454', 'Male', '04/18/2017', 0, 'B-', 1492684500, '2017-04-20 12:35:10', NULL, NULL),
(1375, 'MR-1704-1375', 'OPD', NULL, 4, '0', '0', 'Mr.', 'bbb', 'jhj', '0', '0', '--', '', '45454654565', 'Male', '10/01/2016', 0, '0', 1492685940, '2017-04-20 12:59:53', NULL, NULL),
(1376, '0', '0', NULL, 0, '0', '0', '0', '0', '0', '0', '0', '--', '25500', '0', '0', '0', 0, '0', 1493114580, '2017-04-25 12:03:05', NULL, NULL),
(1377, '0', '0', NULL, 0, '0', '0', '0', '0', '0', '0', '0', '--', '25500', '0', '0', '0', 0, '0', 1493114580, '2017-04-25 12:03:05', NULL, NULL),
(1378, '0', '0', NULL, 0, '0', '0', '0', '0', '0', '0', '0', '--', '2000', '0', '0', '0', 0, '0', 1493183340, '2017-04-26 07:09:10', NULL, NULL),
(1379, '0', '0', NULL, 0, '0', '0', '0', '0', '0', '0', '0', '--', '', '0', '0', '0', 0, '0', 1493188560, '2017-04-26 08:36:09', NULL, NULL),
(1380, '0', '0', NULL, 0, '0', '0', '0', '0', '0', '0', '0', '--', '', '0', '0', '0', 0, '0', 1493188680, '2017-04-26 08:38:35', NULL, NULL),
(1381, '0', '0', NULL, 0, '0', '0', '0', '0', '0', '0', '0', '--', '', '0', '0', '0', 0, '0', 1493188740, '2017-04-26 08:39:37', NULL, NULL),
(1382, '0', '0', NULL, 0, '0', '0', '0', '0', '0', '0', '0', '--', '', '0', '0', '0', 0, '0', 1493188800, '2017-04-26 08:40:01', NULL, NULL),
(1383, '0', '0', NULL, 0, '0', '0', '0', '0', '0', '0', '0', '--', '', '0', '0', '0', 0, '0', 1493188860, '2017-04-26 08:41:08', NULL, NULL),
(1384, '0', '0', NULL, 0, '0', '0', '0', '0', '0', '0', '0', '--', '', '0', '0', '0', 0, '0', 1493188860, '2017-04-26 08:41:44', NULL, NULL),
(1385, '0', '0', NULL, 0, '0', '0', '0', '0', '0', '0', '0', '--', '5000', '0', '0', '0', 0, '0', 1493189220, '2017-04-26 08:47:40', NULL, NULL),
(1386, '0', '0', NULL, 0, '0', '0', '0', '0', '0', '0', '0', '--', '5000', '0', '0', '0', 0, '0', 1493189280, '2017-04-26 08:48:46', NULL, NULL),
(1387, '0', '0', NULL, 0, '0', '0', '0', '0', '0', '0', '0', '--', '5000', '0', '0', '0', 0, '0', 1493189400, '2017-04-26 08:50:09', NULL, NULL),
(1388, '0', '0', NULL, 0, '0', '0', '0', '0', '0', '0', '0', '--', '5000', '0', '0', '0', 0, '0', 1493189460, '2017-04-26 08:51:08', NULL, NULL),
(1389, '0', '0', NULL, 0, '0', '0', '0', '0', '0', '0', '0', '--', '45', '0', '0', '0', 0, '0', 1493189520, '2017-04-26 08:52:39', NULL, NULL),
(1390, '0', '0', NULL, 0, '0', '0', '0', '0', '0', '0', '0', '--', '800', '0', '0', '0', 0, '0', 1493190480, '2017-04-26 09:08:47', NULL, NULL),
(1391, '0', '0', NULL, 0, '0', '0', '0', '0', '0', '0', '0', '--', '565', '0', '0', '0', 0, '0', 1493190720, '2017-04-26 09:12:20', NULL, NULL),
(1392, '0', '0', NULL, 0, '0', '0', '0', '0', '0', '0', '0', '--', 'eedx', '0', '0', '0', 0, '0', 1493199660, '2017-04-26 11:41:01', NULL, NULL),
(1393, '0', '0', NULL, 0, '0', '0', '0', '0', '0', '0', '0', '--', '800', '0', '0', '0', 0, '0', 1493200080, '2017-04-26 11:48:31', NULL, NULL),
(1394, '0', '0', NULL, 0, '0', '0', '0', '0', '0', '0', '0', '--', 'dsdsd', '0', '0', '0', 0, '0', 1493200380, '2017-04-26 11:53:13', NULL, NULL),
(1395, '0', '0', NULL, 0, '0', '0', '0', '0', '0', '0', '0', '--', 'dsdsd', '0', '0', '0', 0, '0', 1493200380, '2017-04-26 11:53:13', NULL, NULL),
(1396, '0', '0', NULL, 0, '0', '0', '0', '0', '0', '0', '0', '--', 'qqq', '0', '0', '0', 0, '0', 1493200800, '2017-04-26 12:00:51', NULL, NULL),
(1397, '0', '0', NULL, 0, '0', '0', '0', '0', '0', '0', '0', '--', '5656', '0', '0', '0', 0, '0', 1493201040, '2017-04-26 12:04:37', NULL, NULL),
(1398, '0', '0', NULL, 0, '0', '0', '0', '0', '0', '0', '0', '--', '5656', '0', '0', '0', 0, '0', 1493201040, '2017-04-26 12:04:37', NULL, NULL),
(1399, '0', '0', NULL, 0, '0', '0', '0', '0', '0', '0', '0', '--', '454', '0', '0', '0', 0, '0', 1493201160, '2017-04-26 12:06:25', NULL, NULL),
(1400, '0', '0', NULL, 0, '0', '0', '0', '0', '0', '0', '0', '--', '6565', '0', '0', '0', 0, '0', 1493201280, '2017-04-26 12:08:20', NULL, NULL),
(1401, '0', '0', NULL, 0, '0', '0', '0', '0', '0', '0', '0', '--', '6565', '0', '0', '0', 0, '0', 1493201280, '2017-04-26 12:08:20', NULL, NULL),
(1402, '0', '0', NULL, 0, '0', '0', '0', '0', '0', '0', '0', '--', 'sss', '0', '0', '0', 0, '0', 1493201580, '2017-04-26 12:13:06', NULL, NULL),
(1403, '0', '0', NULL, 0, '0', '0', '0', '0', '0', '0', '0', '--', '0', '0', '0', '0', 0, '0', 1493201880, '2017-04-26 12:18:18', NULL, NULL),
(1404, '0', '0', NULL, 0, '0', '0', '0', '0', '0', '0', '0', '--', 'dsa', '0', '0', '0', 0, '0', 1493202360, '2017-04-26 12:26:02', NULL, NULL),
(1405, '0', '0', NULL, 0, '0', '0', '0', '0', '0', '0', '0', '--', '', '0', '0', '0', 0, '0', 1493202540, '2017-04-26 12:29:51', NULL, NULL),
(1406, '0', '0', NULL, 0, '0', '0', '0', '0', '0', '0', '0', '--', 'hghgf', '0', '0', '0', 0, '0', 1493202780, '2017-04-26 12:33:08', NULL, NULL),
(1407, '0', '0', NULL, 0, '0', '0', '0', '0', '0', '0', '0', '--', 'dssa', '0', '0', '0', 0, '0', 1493202960, '2017-04-26 12:36:56', NULL, NULL),
(1408, '0', '0', NULL, 0, '0', '0', '0', '0', '0', '0', '0', '--', '5', '0', '0', '0', 0, '0', 1493203440, '2017-04-26 12:44:15', NULL, NULL),
(1409, '0', '0', NULL, 0, '0', '0', '0', '0', '0', '0', '0', '--', '5', '0', '0', '0', 0, '0', 1493203500, '2017-04-26 12:45:20', NULL, NULL),
(1410, '0', '0', NULL, 0, '0', '0', '0', '0', '0', '0', '0', '--', 'dssa', '0', '0', '0', 0, '0', 1493203560, '2017-04-26 12:46:26', NULL, NULL),
(1411, '0', '0', NULL, 0, '0', '0', '0', '0', '0', '0', '0', '--', '6565', '0', '0', '0', 0, '0', 1493203620, '2017-04-26 12:47:01', NULL, NULL),
(1412, '0', '0', NULL, 0, '0', '0', '0', '0', '0', '0', '0', '--', '6565', '0', '0', '0', 0, '0', 1493203620, '2017-04-26 12:47:01', NULL, NULL),
(1413, '0', '0', NULL, 0, '0', '0', '0', '0', '0', '0', '0', '--', '6565', '0', '0', '0', 0, '0', 1493203680, '2017-04-26 12:48:14', NULL, NULL),
(1414, '0', '0', NULL, 0, '0', '0', '0', '0', '0', '0', '0', '--', '6565', '0', '0', '0', 0, '0', 1493203680, '2017-04-26 12:48:14', NULL, NULL),
(1415, '0', '0', NULL, 0, '0', '0', '0', '0', '0', '0', '0', '--', '787897', '0', '0', '0', 0, '0', 1493268120, '2017-04-27 06:42:45', NULL, NULL),
(1416, '0', '0', NULL, 0, '0', '0', '0', '0', '0', '0', '0', '--', '56', '0', '0', '0', 0, '0', 1493268480, '2017-04-27 06:48:29', NULL, NULL),
(1417, '0', '0', NULL, 0, '0', '0', '0', '0', '0', '0', '0', '--', '56', '0', '0', '0', 0, '0', 1493268480, '2017-04-27 06:48:30', NULL, NULL),
(1418, '0', '0', NULL, 0, '0', '0', '0', '0', '0', '0', '0', '--', 'fgfd', '0', '0', '0', 0, '0', 1493268900, '2017-04-27 06:55:55', NULL, NULL),
(1419, '0', '0', NULL, 0, '0', '0', '0', '0', '0', '0', '0', '--', 'fdgdf', '0', '0', '0', 0, '0', 1493269260, '2017-04-27 07:01:48', NULL, NULL),
(1420, '0', '0', NULL, 0, '0', '0', '0', '0', '0', '0', '0', '--', 'fdgdf', '0', '0', '0', 0, '0', 1493269320, '2017-04-27 07:02:51', NULL, NULL),
(1421, '0', '0', NULL, 0, '0', '0', '0', '0', '0', '0', '0', '--', 'fsda', '0', '0', '0', 0, '0', 1493269380, '2017-04-27 07:03:13', NULL, NULL),
(1422, 'MR-1704-1422', 'OPD', NULL, 6, '0', '0', 'Mr.', 'abc', 'xyz', '0', '0', '14564-5456454-5', '5456', '45454', 'Male', '5465', 0, '0', 1493269500, '2017-04-27 07:05:04', NULL, NULL),
(1423, '0', '0', NULL, 0, '0', '0', '0', '0', '0', '0', '0', '--', 'dfds', '0', '0', '0', 0, '0', 1493269680, '2017-04-27 07:08:23', NULL, NULL),
(1424, '0', '0', NULL, 0, '0', '0', '0', '0', '0', '0', '0', '--', 'dsaf', '0', '0', '0', 0, '0', 1493270040, '2017-04-27 07:14:46', NULL, NULL),
(1425, 'MR-1704-1425', 'OPD', NULL, 6, '0', '0', 'Mr.', 'abc', 'xyz', '0', '0', '14564-5456454-5', '5456', '45454', 'Male', '5465', 0, '0', 1493270340, '2017-04-27 07:19:45', NULL, NULL),
(1426, '0', '0', NULL, 0, '0', '0', '0', '0', '0', '0', '0', '--', 'dsd', '0', '0', '0', 0, '0', 1493270400, '2017-04-27 07:20:20', NULL, NULL),
(1427, '0', '0', NULL, 0, '0', '0', '0', '0', '0', '0', '0', '--', 'dfd', '0', '0', '0', 0, '0', 1493270700, '2017-04-27 07:25:53', NULL, NULL),
(1428, '0', '0', NULL, 0, '0', '0', '0', '0', '0', '0', '0', '--', '.,./,/.,', '0', '0', '0', 0, '0', 1493271000, '2017-04-27 07:30:41', NULL, NULL),
(1429, '0', '0', NULL, 0, '0', '0', '0', '0', '0', '0', '0', '--', 'dfdsaf', '0', '0', '0', 0, '0', 1493271480, '2017-04-27 07:38:24', NULL, NULL),
(1430, '0', '0', NULL, 0, '0', '0', '0', '0', '0', '0', '0', '--', 'dfsasda', '0', '0', '0', 0, '0', 1493271540, '2017-04-27 07:39:00', NULL, NULL),
(1431, '0', '0', NULL, 0, '0', '0', '0', '0', '0', '0', '0', '--', '4564', '0', '0', '0', 0, '0', 1493272380, '2017-04-27 07:53:44', NULL, NULL),
(1432, '0', '0', NULL, 0, '0', '0', '0', '0', '0', '0', '0', '--', '4564', '0', '0', '0', 0, '0', 1493272440, '2017-04-27 07:54:44', NULL, NULL),
(1433, 'MR-1704-1433', 'OPD', NULL, -1, '0', '0', 'Mr.', 'jkjk', 'aaaa', '0', '0', '--', '', '12345678986', 'Male', '10/01/2016', 0, '0', 1493272500, '2017-04-27 07:55:41', NULL, NULL),
(1434, '0', '0', NULL, 0, '0', '0', '0', '0', '0', '0', '0', '--', '24564', '0', '0', '0', 0, '0', 1493272680, '2017-04-27 07:58:45', NULL, NULL),
(1435, '0', '0', NULL, 0, '0', '0', '0', '0', '0', '0', '0', '--', 'erewqr', '0', '0', '0', 0, '0', 1493272740, '2017-04-27 07:59:37', NULL, NULL),
(1436, '0', '0', NULL, 0, '0', '0', '0', '0', '0', '0', '0', '--', 'erewqr', '0', '0', '0', 0, '0', 1493273100, '2017-04-27 08:05:55', NULL, NULL),
(1437, '0', '0', NULL, 0, '0', '0', '0', '0', '0', '0', '0', '--', 'sasas', '0', '0', '0', 0, '0', 1493273460, '2017-04-27 08:11:35', NULL, NULL),
(1438, '0', '0', NULL, 0, '0', '0', '0', '0', '0', '0', '0', '--', 'dfsd', '0', '0', '0', 0, '0', 1493273520, '2017-04-27 08:12:40', NULL, NULL),
(1439, '0', '0', NULL, 0, '0', '0', '0', '0', '0', '0', '0', '--', 'sasas', '0', '0', '0', 0, '0', 1493273580, '2017-04-27 08:13:17', NULL, NULL),
(1440, '0', '0', NULL, 0, '0', '0', '0', '0', '0', '0', '0', '--', 'dfsd', '0', '0', '0', 0, '0', 1493273640, '2017-04-27 08:14:40', NULL, NULL),
(1441, NULL, '0', NULL, 0, '0', '0', '0', '0', '0', '0', '0', '--', '0', '0', '0', '0', 0, '0', 1493274540, '2017-04-27 08:29:48', NULL, NULL),
(1442, NULL, '0', NULL, 0, '0', '0', '0', '0', '0', '0', '0', '--', 'sgs', '0', '0', '0', 0, '0', 1493274600, '2017-04-27 08:30:17', NULL, NULL),
(1443, NULL, '0', NULL, 0, '0', '0', '0', '0', '0', '0', '0', '--', 'sgs', '0', '0', '0', 0, '0', 1493274660, '2017-04-27 08:31:53', NULL, NULL),
(1444, NULL, '0', NULL, 0, '0', '0', '0', '0', '0', '0', '0', '--', 'sgs', '0', '0', '0', 0, '0', 1493274660, '2017-04-27 08:31:54', NULL, NULL),
(1445, NULL, '0', NULL, 0, '0', '0', '0', '0', '0', '0', '0', '--', 'sgs', '0', '0', '0', 0, '0', 1493274780, '2017-04-27 08:33:10', NULL, NULL),
(1446, NULL, '0', NULL, 0, '0', '0', '0', '0', '0', '0', '0', '--', 'dsad', '0', '0', '0', 0, '0', 1493274780, '2017-04-27 08:33:30', NULL, NULL),
(1447, NULL, '0', NULL, 0, '0', '0', '0', '0', '0', '0', '0', '--', 'xyz', '0', '0', '0', 0, '0', 1493274960, '2017-04-27 08:36:12', NULL, NULL),
(1448, NULL, '0', NULL, 0, '0', '0', '0', '0', '0', '0', '0', '--', 'xyz', '0', '0', '0', 0, '0', 1493274960, '2017-04-27 08:36:12', NULL, NULL),
(1449, NULL, '0', NULL, 0, '0', '0', '0', '0', '0', '0', '0', '--', '0', '0', '0', '0', 0, '0', 1493275320, '2017-04-27 08:42:52', NULL, NULL),
(1450, NULL, '0', NULL, 0, '0', '0', '0', '0', '0', '0', '0', '--', 'fdsafsa', '0', '0', '0', 0, '0', 1493275380, '2017-04-27 08:43:10', NULL, NULL),
(1451, NULL, '0', NULL, 0, '0', '0', '0', '0', '0', '0', '0', '--', 'fdsafsa', '0', '0', '0', 0, '0', 1493275380, '2017-04-27 08:43:11', NULL, NULL),
(1452, NULL, '0', NULL, 0, '0', '0', '0', '0', '0', '0', '0', '--', '89889', '0', '0', '0', 0, '0', 1493276940, '2017-04-27 09:09:14', NULL, NULL),
(1453, NULL, '0', NULL, 0, '0', '0', '0', '0', '0', '0', '0', '--', '9+8+9', '0', '0', '0', 0, '0', 1493277120, '2017-04-27 09:12:16', NULL, NULL),
(1454, '0', '0', NULL, 0, '0', '0', '0', '0', '0', '0', '0', '--', 'sdaas', '0', '0', '0', 0, '0', 1493278740, '2017-04-27 09:39:11', NULL, NULL),
(1455, '0', '0', NULL, 0, '0', '0', '0', '0', '0', '0', '0', '--', 'sdaas', '0', '0', '0', 0, '0', 1493278740, '2017-04-27 09:39:12', NULL, NULL),
(1456, 'MR-1705-1456', 'OPD', NULL, 30, '0', '0', 'Mr.', 'habib', 'aaa', '0', '0', '45656-4545456-4', '4hgh', '12121', 'Male', '10/01/2016', 0, '0', 1493716800, '2017-05-02 11:20:44', NULL, NULL),
(1457, 'MR-1705-1457', 'OPD', NULL, 6, '0', '0', 'Mr.', 'msm', 'aaaa', '0', '0', '45645-5456456-5', '45456', '545', 'Male', '10/01/2016', 0, '0', 1493804100, '2017-05-03 11:35:09', NULL, NULL),
(1460, 'MR-1705-1460', 'IPD', NULL, 3, '0', '0', 'Mr.', 'Waqar Ali', 'gul zaid ', '', '', '42401-9958903-9', '0', '034326186414', 'Male', '12/21/1994', 0, 'B+', 1494225420, '2017-05-08 08:37:06', '2017-05-22 19:55:09', 'death'),
(1459, 'MR-1705-1459', 'OPD', NULL, 3, '0', '0', 'Mr.', 'syed', 'zzzz', '', '', '42101-454564-1', 'ffgfd', '4545646545', 'Male', '05/04/2017', 0, '0', 1493874600, '2017-05-04 07:10:55', NULL, NULL),
(1461, 'MR-1705-1460', 'IPD', NULL, 3, '0', '0', 'Mr.', 'Waqar Ali', 'gul zaid ', '', '', '42401-9958903-9', '0', '034326186414', 'Male', '12/21/1994', 0, 'B+', 1494225420, '2017-05-08 08:37:37', '2017-05-22 19:55:09', 'death'),
(1462, 'MR-1705-1462', 'OPD', NULL, 5, '0', '0', 'Mr.', 'salman', 'anwar', '', '', '42101-5254567-1', '0', '03312519207', 'Male', '07/08/1994', 0, '0', 1494236220, '2017-05-08 11:37:24', NULL, NULL),
(1463, 'MR-1705-1462', 'OPD', NULL, 5, '0', '0', 'Mr.', 'salman', 'anwar', '', '', '42101-5254567-1', '0', '03312519207', 'Male', '07/08/1994', 0, '0', 1494236220, '2017-05-08 11:37:24', NULL, NULL),
(1464, 'MR-1705-1462', 'OPD', NULL, 5, '0', '0', 'Mr.', 'salman', 'anwar', '', '', '42101-5254567-1', '0', '03312519207', 'Male', '07/08/1994', 0, '0', 1494236220, '2017-05-08 11:37:24', NULL, NULL),
(1465, 'MR-1705-1465', 'OPD', NULL, 5, '0', '0', 'Mr.', 'junaid', 'ali', '', '', '45454-5454545-4', '0', '021254545645', 'Male', '05/02/2017', 0, '0', 1494238200, '2017-05-08 12:10:57', NULL, NULL),
(1466, 'MR-1705-1466', 'OPD', NULL, 30, '0', '0', 'Mr.', 'Test', 'Testy', '0', '0', '42201-6884545-4 ', 'House this this', '923458445', 'Male', '05/29/1990', 0, 'B+', 1495201980, '2017-05-19 15:53:23', NULL, NULL),
(1467, 'MR-1705-1467', 'OPD', NULL, 5, '0', '0', 'Mr.', 'Muhammad Ali', 'Testy', '0', '0', '--', 'House this this', '+923119', 'Male', '05/29/1990', 0, 'AB-', 1495207800, '2017-05-19 17:30:36', NULL, NULL),
(1468, 'MR-1705-1468', 'IPD', NULL, 16, '0', '0', 'Mr.', 'DAEWOO MOTORS', 'Testy', '0', '0', '--', 'House this this', '+923431254', 'Male', '10/01/2016', 0, 'AB-', 1495207860, '2017-05-19 17:31:05', '2017-05-22 19:55:51', 'normal'),
(1469, 'MR-1705-1469', 'IPD', NULL, 15, '0', '0', 'Mr.', 'SITARA CHEMICALS', 'Testy', '0', '0', '42201-6884545-4', 'House this this', '+92345811811', 'Male', '10/10/2012', 0, 'B+', 1495536780, '2017-05-23 12:53:29', '2017-05-23 17:36:32', 'lama'),
(1470, 'MR-1705-1470', 'IPD', NULL, 5, '0', '0', 'Mr.', 'Muhammad Ali', 'Testy', '0', '0', '42201-6884545-4', '', '+923119', 'Male', '10/01/2016', 0, 'B+', 1495537320, '2017-05-23 13:02:17', NULL, NULL),
(1471, 'MR-1705-1471', 'IPD', NULL, 3, '0', '0', 'Mrs.', 'trtr', 'tttt', '0', '0', '--', '', '+923431254', 'Male', '10/01/2016', 0, 'A-', 1495537440, '2017-05-23 13:04:45', '2017-05-23 17:36:40', 'lama'),
(1472, 'MR-1705-1472', 'IPD', NULL, 5, '0', '0', 'B/O.', 'Test', 'Testy', '0', '0', '42201-3243-', 'House this this', '+923119', 'Male', '10/23/2008', 0, 'O+', 1495537500, '2017-05-23 13:05:36', '2017-05-24 18:16:07', 'death');

-- --------------------------------------------------------

--
-- Table structure for table `patienthistory`
--

CREATE TABLE `patienthistory` (
  `patient_id` int(11) NOT NULL DEFAULT '0',
  `patient_reg_no` varchar(20) CHARACTER SET utf8 COLLATE utf8_unicode_ci DEFAULT NULL,
  `patient_type` varchar(20) CHARACTER SET utf8 COLLATE utf8_unicode_ci DEFAULT NULL,
  `room_id` int(11) DEFAULT NULL,
  `doctor_id` int(11) DEFAULT NULL,
  `refferedby` longtext CHARACTER SET utf8 COLLATE utf8_unicode_ci NOT NULL,
  `med_card_no` longtext CHARACTER SET utf8 COLLATE utf8_unicode_ci,
  `salutation` longtext CHARACTER SET utf8 COLLATE utf8_unicode_ci NOT NULL,
  `name` longtext CHARACTER SET utf8 COLLATE utf8_unicode_ci NOT NULL,
  `father_husbandname` longtext CHARACTER SET utf8 COLLATE utf8_unicode_ci NOT NULL,
  `email` longtext CHARACTER SET utf8 COLLATE utf8_unicode_ci NOT NULL,
  `password` longtext CHARACTER SET utf8 COLLATE utf8_unicode_ci NOT NULL,
  `nic_no` varchar(50) CHARACTER SET utf8 COLLATE utf8_unicode_ci NOT NULL,
  `address` longtext CHARACTER SET utf8 COLLATE utf8_unicode_ci NOT NULL,
  `phone` longtext CHARACTER SET utf8 COLLATE utf8_unicode_ci NOT NULL,
  `sex` longtext CHARACTER SET utf8 COLLATE utf8_unicode_ci NOT NULL,
  `birth_date` longtext CHARACTER SET utf8 COLLATE utf8_unicode_ci NOT NULL,
  `age` int(11) NOT NULL,
  `blood_group` longtext CHARACTER SET utf8 COLLATE utf8_unicode_ci NOT NULL,
  `account_opening_timestamp` int(11) NOT NULL,
  `admission_date` datetime DEFAULT NULL,
  `discharge_date` datetime DEFAULT NULL,
  `discharge_type` varchar(50) CHARACTER SET utf8 COLLATE utf8_unicode_ci DEFAULT NULL
) ENGINE=InnoDB DEFAULT CHARSET=latin1;

--
-- Dumping data for table `patienthistory`
--

INSERT INTO `patienthistory` (`patient_id`, `patient_reg_no`, `patient_type`, `room_id`, `doctor_id`, `refferedby`, `med_card_no`, `salutation`, `name`, `father_husbandname`, `email`, `password`, `nic_no`, `address`, `phone`, `sex`, `birth_date`, `age`, `blood_group`, `account_opening_timestamp`, `admission_date`, `discharge_date`, `discharge_type`) VALUES
(1293, 'MR-1411-1293', 'IPD', NULL, 1, '0', '0', 'Mr.', 'RMC PATIENT', 'RMC HOSPITAL', '0', '0', '12232-2323234-3 ', '', '03000000000', 'Male', '0', 45, 'None', 1417271280, '2014-11-29 19:28:17', '2014-11-29 19:40:16', 'normal'),
(1293, 'MR-1411-1293', 'IPD', NULL, 1, '0', '0', 'Mr.', 'RMC PATIENT', 'RMC HOSPITAL', '0', '0', '12232-2323234-3 ', '', '03000000000', 'Male', '0', 45, 'A+', 1417271280, '2014-11-29 19:28:17', '2014-11-30 19:28:17', 'normal'),
(1308, 'MR-1608-1308', 'OPD', NULL, 30, '0', '0', 'Mrs.', 'shanaz', 'azam', '0', '0', '--', 'malir', '999999003', 'Female', '10/5/1990', 25, 'AB+', 1472121300, '2016-08-25 05:35:46', NULL, NULL),
(1308, 'MR-1608-1308', 'OPD', NULL, 30, '0', '0', 'Mrs.', 'shanaz', 'azam', '0', '0', '--000054509', 'malir', '999999003', 'Female', '10/5/1990', 25, 'AB+', 1472121300, '2016-08-25 05:51:00', NULL, NULL);

-- --------------------------------------------------------

--
-- Table structure for table `patient_bed_mapping`
--

CREATE TABLE `patient_bed_mapping` (
  `bed_mapping_id` int(11) UNSIGNED NOT NULL,
  `patient_id` int(11) DEFAULT NULL,
  `bed_id` int(11) DEFAULT NULL,
  `transferdate` datetime DEFAULT NULL,
  `status` int(11) DEFAULT '0'
) ENGINE=MyISAM DEFAULT CHARSET=latin1;

--
-- Dumping data for table `patient_bed_mapping`
--

INSERT INTO `patient_bed_mapping` (`bed_mapping_id`, `patient_id`, `bed_id`, `transferdate`, `status`) VALUES
(36, 871, 59, '2014-11-09 15:29:00', 0),
(35, 872, 1, '2014-11-09 15:02:00', 0),
(34, 727, 44, '2014-11-05 18:17:00', 0),
(33, 727, 44, '2014-11-04 18:17:00', 0),
(32, 727, 44, '2014-11-03 18:17:00', 0),
(31, 648, 50, '2014-11-01 00:00:00', 0),
(30, 619, 45, '2014-10-31 00:00:00', 0),
(29, 648, 50, '2014-10-31 00:00:00', 0),
(28, 648, 50, '2014-10-30 16:36:00', 0),
(27, 619, 45, '2014-10-30 21:34:00', 0),
(24, 619, 45, '2014-10-28 21:34:00', 0),
(26, 619, 45, '2014-10-29 21:34:00', 0),
(22, 558, 44, '2014-10-26 00:00:00', 0),
(37, 885, 44, '2014-11-10 12:42:00', 0),
(21, 558, 44, '2014-10-25 22:13:00', 0),
(20, 530, 6, '2014-10-23 00:00:00', 0),
(38, 871, 59, '2014-11-10 00:00:00', 0),
(39, 872, 1, '2014-11-10 00:00:00', 0),
(40, 872, 1, '2014-11-11 00:00:00', 0),
(41, 898, 2, '2014-11-11 10:28:00', 0),
(42, 844, 44, '2014-11-11 21:39:00', 0),
(47, 938, 4, '2014-11-12 17:37:00', 0),
(44, 898, 2, '2014-11-12 00:00:00', 0),
(45, 844, 44, '2014-11-12 00:00:00', 0),
(48, 938, 4, '2014-11-13 00:00:00', 0),
(49, 898, 2, '2014-11-13 00:00:00', 0),
(50, 1009, 2, '2014-11-16 09:52:00', 0),
(51, 1009, 2, '2014-11-17 00:00:00', 0),
(52, 1052, 44, '2014-11-18 18:21:00', 0),
(53, 1052, 44, '2014-11-19 00:00:00', 0),
(54, 1052, 44, '2014-11-20 00:00:00', 0),
(55, 1052, 44, '2014-11-21 00:00:00', 0),
(56, 1052, 44, '2014-11-22 00:00:00', 0),
(57, 1052, 44, '2014-11-23 00:00:00', 0),
(58, 1052, 44, '2014-11-24 00:00:00', 0),
(59, 1184, 27, '2014-11-24 23:48:00', 0),
(60, 1052, 44, '2014-11-25 00:00:00', 0),
(61, 1184, 27, '2014-11-25 00:00:00', 0),
(62, 1193, 43, '2014-11-25 13:35:00', 0),
(63, 1052, 44, '2014-11-26 00:00:00', 0),
(64, 1184, 27, '2014-11-26 00:00:00', 0),
(65, 1193, 43, '2014-11-26 00:00:00', 0),
(66, 1216, 22, '2014-11-26 10:58:00', 0),
(67, 1227, 24, '2014-11-26 19:39:00', 0),
(68, 1184, 36, '2014-11-27 00:00:00', 0),
(69, 1193, 43, '2014-11-27 00:00:00', 0),
(70, 1216, 22, '2014-11-27 00:00:00', 0),
(71, 1227, 24, '2014-11-27 00:00:00', 0),
(72, 1252, 44, '2014-11-28 00:07:00', 0),
(73, 1184, 27, '2014-11-28 00:00:00', 0),
(74, 1193, 43, '2014-11-28 00:00:00', 0),
(75, 1216, 22, '2014-11-28 00:00:00', 0),
(76, 1227, 24, '2014-11-28 00:00:00', 0),
(77, 1254, 4, '2014-11-28 09:33:00', 0),
(78, 1260, 6, '2014-11-28 15:40:00', 0),
(79, 1263, 1, '2014-11-28 18:14:00', 0),
(80, 1252, 44, '2014-11-29 00:00:00', 1),
(81, 1193, 43, '2014-11-29 00:00:00', 0),
(82, 1216, 22, '2014-11-29 00:00:00', 1),
(83, 1227, 24, '2014-11-29 00:00:00', 1),
(84, 1254, 4, '2014-11-29 00:00:00', 1),
(85, 1260, 6, '2014-11-29 00:00:00', 1),
(86, 1263, 1, '2014-11-29 00:00:00', 1),
(87, 1294, 12, '2014-12-18 08:14:00', 1),
(88, 1299, 9, '2015-03-21 08:46:00', 1),
(89, 1304, 46, '2015-11-16 12:01:00', 0);

-- --------------------------------------------------------

--
-- Table structure for table `patient_services`
--

CREATE TABLE `patient_services` (
  `id` int(10) UNSIGNED NOT NULL,
  `patient_reg_no` varchar(255) DEFAULT NULL,
  `doctor_id` int(11) DEFAULT NULL,
  `service_id` int(11) DEFAULT NULL,
  `service_cat_id` int(11) DEFAULT NULL,
  `service_qty` int(11) DEFAULT NULL,
  `service_discount_per` float DEFAULT NULL,
  `bed_no` varchar(255) NOT NULL,
  `service_discount_amount` float DEFAULT NULL,
  `service_amount` float DEFAULT NULL,
  `service_total_amount` float DEFAULT NULL,
  `service_received_amount` float DEFAULT NULL,
  `service_due_amount` float DEFAULT NULL,
  `service_start_date` datetime DEFAULT NULL,
  `service_end_date` datetime DEFAULT NULL,
  `remarks` varchar(1000) DEFAULT NULL,
  `patient_id` int(11) NOT NULL
) ENGINE=MyISAM DEFAULT CHARSET=utf8;

--
-- Dumping data for table `patient_services`
--

INSERT INTO `patient_services` (`id`, `patient_reg_no`, `doctor_id`, `service_id`, `service_cat_id`, `service_qty`, `service_discount_per`, `bed_no`, `service_discount_amount`, `service_amount`, `service_total_amount`, `service_received_amount`, `service_due_amount`, `service_start_date`, `service_end_date`, `remarks`, `patient_id`) VALUES
(1, 'MR-1409-0035', 0, 226, 7, 1, 0, '', 0, 3000, 3000, 0, 3000, NULL, NULL, NULL, 0),
(2, 'MR-1409-0057', 11, 226, 7, 1, 0, '', 0, 3000, 3000, 3000, 0, NULL, NULL, NULL, 0),
(3, 'MR-1409-0079', 0, 277, 7, 1, 0, '', 0, 1000, 1000, 1000, 0, NULL, NULL, NULL, 0),
(4, 'MR-1409-0079', 0, 277, 7, 1, 0, '', 0, 1000, 1000, 1000, 0, NULL, NULL, NULL, 0),
(5, 'MR-1409-0035', 0, 226, 7, 1, 50, '', 1500, 3000, 1500, 1500, 0, NULL, NULL, NULL, 0),
(6, 'MR-1409-0078', 0, 226, 7, 1, 0, '', 0, 3000, 3000, 3000, 0, NULL, NULL, NULL, 0),
(7, 'MR-1409-0078', 0, 226, 7, 1, 13, '', 390, 3000, 2610, 2610, 0, NULL, NULL, NULL, 0),
(8, 'MR-1410-0197', 0, 614, 9, 1, 0, '', 0, 0, 0, 0, 0, NULL, NULL, NULL, 0),
(9, 'MR-1410-0197', 0, 615, 9, 1, 0, '', 0, 500, 500, 500, 0, NULL, NULL, NULL, 0),
(73, 'MR-1410-0208', 0, 531, 9, 1, 0, '', 0, 300, 300, 0, 300, NULL, NULL, NULL, 0),
(11, 'MR-1410-0198', 0, 618, 9, 1, 0, '', 0, 2500, 2500, 2500, 0, NULL, NULL, NULL, 0),
(12, 'MR-1410-0198', 0, 528, 9, 1, 0, '', 0, 500, 500, 500, 0, NULL, NULL, NULL, 0),
(13, 'MR-1410-0198', 0, 528, 9, 1, 0, '', 0, 500, 500, 500, 0, NULL, NULL, NULL, 0),
(14, 'MR-1410-0198', 0, 238, 4, 1, 0, '', 0, 500, 500, 500, 0, NULL, NULL, NULL, 0),
(15, 'MR-1410-0264', 0, 618, 9, 1, 0, '', 0, 2500, 2500, 2500, 0, NULL, NULL, NULL, 0),
(16, 'MR-1410-0264', 0, 528, 9, 1, 0, '', 0, 500, 500, 0, 500, NULL, NULL, NULL, 0),
(17, 'MR-1410-0264', 0, 531, 9, 1, 0, '', 0, 250, 250, 0, 250, NULL, NULL, NULL, 0),
(18, 'MR-1410-0264', 0, 619, 9, 1, 0, '', 0, 2500, 2500, 0, 2500, NULL, NULL, NULL, 0),
(19, 'MR-1410-0264', 0, 238, 4, 1, 0, '', 0, 500, 500, 0, 500, NULL, NULL, NULL, 0),
(20, 'MR-1410-0264', 0, 619, 9, 1, 0, '', 0, 2500, 2500, 0, 2500, NULL, NULL, NULL, 0),
(21, 'MR-1410-0264', 0, 531, 9, 1, 0, '', 0, 250, 250, 0, 250, NULL, NULL, NULL, 0),
(22, 'MR-1410-0264', 0, 238, 4, 1, 0, '', 0, 500, 500, 0, 500, NULL, NULL, NULL, 0),
(23, 'MR-1410-0264', 0, 528, 9, 1, 0, '', 0, 500, 500, 0, 500, NULL, NULL, NULL, 0),
(24, 'MR-1410-0267', 0, 618, 9, 1, 0, '', 0, 2500, 2500, 2500, 0, NULL, NULL, NULL, 0),
(25, 'MR-1410-0267', 0, 528, 9, 1, 0, '', 0, 500, 500, 500, 0, NULL, NULL, NULL, 0),
(26, 'MR-1410-0267', 0, 619, 9, 1, 0, '', 0, 2500, 2500, 2500, 0, NULL, NULL, NULL, 0),
(27, 'MR-1410-0267', 0, 531, 9, 1, 0, '', 0, 250, 250, 250, 0, NULL, NULL, NULL, 0),
(28, 'MR-1410-0267', 0, 238, 4, 1, 0, '', 0, 500, 500, 500, 0, NULL, NULL, NULL, 0),
(29, 'MR-1410-0197', 0, 528, 9, 3, 0, '', 0, 600, 600, 0, 500, NULL, NULL, NULL, 0),
(30, 'MR-1410-0197', 0, 534, 9, 1, 0, '', 0, 250, 250, 0, 250, NULL, NULL, NULL, 0),
(31, 'MR-1410-0197', 0, 531, 9, 6, 0, '', 0, 600, 600, 0, 600, NULL, NULL, NULL, 0),
(32, 'MR-1410-0197', 0, 550, 9, 1, 0, '', 0, 500, 500, 0, 500, NULL, NULL, NULL, 0),
(33, 'MR-1410-0197', 0, 558, 9, 1, 0, '', 0, 500, 500, 0, 500, NULL, NULL, NULL, 0),
(34, 'MR-1410-0197', 0, 545, 9, 1, 0, '', 0, 2500, 2500, 0, 2500, NULL, NULL, NULL, 0),
(72, 'MR-1410-0208', 0, 528, 9, 1, 0, '', 0, 600, 600, 0, 600, NULL, NULL, NULL, 0),
(36, 'MR-1410-0348', 0, 614, 9, 1, 0, '', 0, 20000, 20000, 20000, 0, NULL, NULL, NULL, 0),
(37, 'MR-1410-0348', 0, 2, 1, 1, 0, '', 0, 250, 250, 250, 0, NULL, NULL, NULL, 0),
(38, 'MR-1410-0348', 0, 80, 1, 1, 0, '', 0, 450, 450, 450, 0, NULL, NULL, NULL, 0),
(39, 'MR-1410-0348', 0, 57, 1, 1, 0, '', 0, 180, 180, 180, 0, NULL, NULL, NULL, 0),
(40, 'MR-1410-0348', 0, 446, 1, 1, 0, '', 0, 1000, 1000, 1000, 0, NULL, NULL, NULL, 0),
(41, 'MR-1410-0197', 0, 528, 9, 1, 0, '', 0, 600, 600, 0, 600, NULL, NULL, NULL, 0),
(42, 'MR-1410-0208', 0, 528, 9, 1, 0, '', 0, 600, 600, 0, 600, NULL, NULL, NULL, 0),
(43, 'MR-1410-0208', 0, 47, 1, 1, 0, '', 0, 450, 450, 0, 450, NULL, NULL, NULL, 0),
(44, 'MR-1410-0208', 0, 58, 1, 1, 0, '', 0, 180, 180, 0, 180, NULL, NULL, NULL, 0),
(45, 'MR-1410-0208', 0, 74, 1, 1, 0, '', 0, 180, 180, 0, 180, NULL, NULL, NULL, 0),
(46, 'MR-1410-0208', 0, 62, 1, 1, 0, '', 0, 180, 180, 0, 180, NULL, NULL, NULL, 0),
(47, 'MR-1410-0208', 0, 47, 1, 1, 0, '', 0, 450, 450, 0, 450, NULL, NULL, NULL, 0),
(48, 'MR-1410-0208', 0, 63, 1, 1, 0, '', 0, 350, 350, 0, 350, NULL, NULL, NULL, 0),
(49, 'MR-1410-0208', 0, 535, 9, 1, 0, '', 0, 250, 250, 0, 250, NULL, NULL, NULL, 0),
(50, 'MR-1410-0208', 0, 531, 9, 1, 0, '', 0, 300, 300, 0, 300, NULL, NULL, NULL, 0),
(51, 'MR-1410-0208', 0, 528, 9, 1, 0, '', 0, 600, 600, 0, 600, NULL, NULL, NULL, 0),
(74, 'MR-1410-0348', 0, 635, 9, 1, 0, '', 0, 500, 500, 0, 500, NULL, NULL, NULL, 0),
(53, 'MR-1410-0208', 0, 58, 1, 1, 0, '', 0, 180, 180, 0, 180, NULL, NULL, NULL, 0),
(54, 'MR-1410-0208', 0, 531, 9, 1, 0, '', 0, 300, 300, 0, 300, NULL, NULL, NULL, 0),
(55, 'MR-1410-0208', 0, 528, 9, 1, 0, '', 0, 600, 600, 0, 600, NULL, NULL, NULL, 0),
(56, 'MR-1410-0208', 0, 627, 9, 1, 0, '', 0, 6000, 6000, 0, 6000, NULL, NULL, NULL, 0),
(57, 'MR-1410-0208', 0, 531, 9, 1, 0, '', 0, 300, 300, 0, 300, NULL, NULL, NULL, 0),
(58, 'MR-1410-0208', 0, 528, 9, 1, 0, '', 0, 600, 600, 0, 600, NULL, NULL, NULL, 0),
(59, 'MR-1410-0208', 0, 632, 9, 1, 0, '', 0, 500, 500, 0, 500, NULL, NULL, NULL, 0),
(60, 'MR-1410-0208', 0, 531, 9, 1, 0, '', 0, 300, 300, 0, 300, NULL, NULL, NULL, 0),
(61, 'MR-1410-0208', 0, 531, 9, 1, 0, '', 0, 300, 300, 0, 300, NULL, NULL, NULL, 0),
(62, 'MR-1410-0208', 0, 528, 9, 1, 0, '', 0, 600, 600, 0, 600, NULL, NULL, NULL, 0),
(63, 'MR-1410-0208', 0, 528, 9, 1, 0, '', 0, 600, 600, 0, 600, NULL, NULL, NULL, 0),
(64, 'MR-1410-0208', 0, 531, 9, 1, 0, '', 0, 300, 300, 0, 300, NULL, NULL, NULL, 0),
(65, 'MR-1410-0208', 0, 528, 9, 1, 0, '', 0, 600, 600, 0, 600, NULL, NULL, NULL, 0),
(66, 'MR-1410-0208', 0, 531, 9, 1, 0, '', 0, 300, 300, 0, 300, NULL, NULL, NULL, 0),
(67, 'MR-1410-0208', 0, 528, 9, 1, 0, '', 0, 600, 600, 0, 600, NULL, NULL, NULL, 0),
(68, 'MR-1410-0208', 0, 531, 9, 1, 0, '', 0, 300, 300, 0, 300, NULL, NULL, NULL, 0),
(69, 'MR-1410-0208', 0, 625, 9, 1, 0, '', 0, 12000, 12000, 0, 12000, NULL, NULL, NULL, 0),
(70, 'MR-1410-0208', 0, 618, 9, 1, 0, '', 0, 42000, 42000, 0, 42000, NULL, NULL, NULL, 0),
(71, 'MR-1410-0208', 0, 631, 9, 1, 0, '', 0, 2000, 2000, 0, 2000, NULL, NULL, NULL, 0),
(75, 'MR-1410-0348', 0, 635, 9, 1, 0, '', 0, 500, 500, 0, 500, NULL, NULL, NULL, 0),
(76, 'MR-1410-0348', 0, 564, 9, 1, 0, '', 0, 80, 80, 0, 80, NULL, NULL, NULL, 0),
(77, 'MR-1410-0348', 0, 564, 9, 1, 0, '', 0, 80, 80, 0, 80, NULL, NULL, NULL, 0),
(78, 'MR-1410-0348', 0, 29, 6, 1, 0, '', 0, 80, 80, 0, 80, NULL, NULL, NULL, 0),
(79, 'MR-1410-0348', 0, 29, 6, 1, 0, '', 0, 80, 80, 0, 80, NULL, NULL, NULL, 0),
(80, 'MR-1410-0531', 0, 641, 9, 1, 0, '', 0, 4200, 4200, 0, 4200, NULL, NULL, NULL, 0),
(81, 'MR-1410-0530', 0, 578, 10, 1, 0, '', 0, 22100, 22100, 0, 22100, NULL, NULL, NULL, 0),
(82, 'MR-1410-0524', 0, 528, 9, 1, 0, '', 0, 600, 600, 0, 600, NULL, NULL, NULL, 0),
(83, 'MR-1410-0524', 0, 528, 9, 1, 0, '', 0, 600, 600, 0, 600, NULL, NULL, NULL, 0),
(84, 'MR-1410-0524', 0, 528, 9, 1, 0, '', 0, 600, 600, 0, 600, NULL, NULL, NULL, 0),
(85, 'MR-1410-0524', 0, 560, 9, 1, 0, '', 0, 300, 300, 0, 300, NULL, NULL, NULL, 0),
(86, 'MR-1410-0524', 0, 525, 9, 1, 0, '', 0, 600, 600, 0, 600, NULL, NULL, NULL, 0),
(87, 'MR-1410-0524', 0, 525, 9, 1, 0, '', 0, 600, 600, 0, 600, NULL, NULL, NULL, 0),
(88, 'MR-1410-0524', 0, 523, 9, 1, 0, '', 0, 2000, 2000, 0, 2000, NULL, NULL, NULL, 0),
(89, 'MR-1410-0524', 0, 523, 9, 1, 0, '', 0, 2000, 2000, 0, 2000, NULL, NULL, NULL, 0),
(90, 'MR-1410-0524', 0, 523, 9, 1, 0, '', 0, 2000, 2000, 0, 2000, NULL, NULL, NULL, 0),
(91, 'MR-1410-0524', 0, 525, 9, 1, 0, '', 0, 600, 600, 0, 600, NULL, NULL, NULL, 0),
(92, 'MR-1410-0524', 0, 647, 9, 1, 0, '', 0, 300, 300, 0, 300, NULL, NULL, NULL, 0),
(93, 'MR-1410-0524', 0, 646, 9, 1, 0, '', 0, 600, 600, 0, 600, NULL, NULL, NULL, 0),
(94, 'MR-1410-0524', 0, 647, 9, 1, 0, '', 0, 300, 300, 0, 300, NULL, NULL, NULL, 0),
(95, 'MR-1410-0524', 0, 60, 1, 1, 0, '', 0, 150, 150, 0, 150, NULL, NULL, NULL, 0),
(96, 'MR-1410-0524', 0, 648, 9, 1, 0, '', 0, 5400, 5400, 0, 5400, NULL, NULL, NULL, 0),
(113, 'MR-1410-0619', 0, 531, 9, 1, 0, '', 0, 300, 300, 0, 300, NULL, NULL, NULL, 0),
(112, 'MR-1410-0619', 0, 650, 9, 1, 0, '', 0, 600, 600, 0, 600, NULL, NULL, NULL, 0),
(99, 'MR-1410-0619', 0, 531, 9, 1, 0, '', 0, 300, 300, 0, 300, NULL, NULL, NULL, 0),
(100, 'MR-1410-0619', 0, 528, 9, 1, 0, '', 0, 600, 600, 0, 600, NULL, NULL, NULL, 0),
(111, 'MR-1410-0619', 0, 650, 9, 1, 0, '', 0, 600, 600, 0, 600, NULL, NULL, NULL, 0),
(110, 'MR-1410-0619', 0, 654, 1, 1, 0, '', 0, 1330, 1330, 0, 1330, NULL, NULL, NULL, 0),
(109, 'MR-1410-0619', 0, 528, 9, 1, 0, '', 0, 600, 600, 0, 600, NULL, NULL, NULL, 0),
(108, 'MR-1410-0619', 0, 528, 9, 1, 0, '', 0, 600, 600, 0, 600, NULL, NULL, NULL, 0),
(105, 'MR-1410-0558', 0, 528, 9, 2, 0, '', 0, 1200, 1200, 0, 1200, NULL, NULL, NULL, 0),
(106, 'MR-1410-0558', 0, 531, 9, 2, 0, '', 0, 600, 600, 0, 600, NULL, NULL, NULL, 0),
(107, 'MR-1410-0558', 0, 650, 9, 2, 0, '', 0, 1200, 1200, 0, 1200, NULL, NULL, NULL, 0),
(114, 'MR-1410-0619', 0, 76, 1, 1, 0, '', 0, 100, 100, 0, 100, NULL, NULL, NULL, 0),
(115, 'MR-1410-0619', 0, 76, 1, 1, 0, '', 0, 100, 100, 0, 100, NULL, NULL, NULL, 0),
(116, 'MR-1410-0619', 0, 650, 9, 1, 0, '', 0, 600, 600, 0, 600, NULL, NULL, NULL, 0),
(117, 'MR-1410-0619', 0, 650, 9, 1, 0, '', 0, 600, 600, 0, 600, NULL, NULL, NULL, 0),
(118, 'MR-1410-0619', 0, 531, 9, 1, 0, '', 0, 300, 300, 0, 300, NULL, NULL, NULL, 0),
(119, 'MR-1410-0648', 0, 528, 9, 1, 0, '', 0, 600, 600, 0, 600, NULL, NULL, NULL, 0),
(120, 'MR-1410-0648', 0, 531, 9, 1, 0, '', 0, 300, 300, 0, 300, NULL, NULL, NULL, 0),
(121, 'MR-1410-0619', 0, 650, 9, 1, 0, '', 0, 600, 600, 0, 600, NULL, NULL, NULL, 0),
(122, 'MR-1410-0619', 0, 650, 9, 1, 0, '', 0, 600, 600, 0, 600, NULL, NULL, NULL, 0),
(123, 'MR-1410-0619', 0, 528, 9, 1, 0, '', 0, 600, 600, 0, 600, NULL, NULL, NULL, 0),
(124, 'MR-1410-0619', 0, 531, 9, 1, 0, '', 0, 300, 300, 0, 300, NULL, NULL, NULL, 0),
(125, 'MR-1410-0648', 0, 63, 1, 1, 0, '', 0, 300, 300, 0, 300, NULL, NULL, NULL, 0),
(126, 'MR-1410-0648', 0, 47, 1, 1, 0, '', 0, 350, 350, 0, 350, NULL, NULL, NULL, 0),
(127, 'MR-1410-0648', 0, 62, 1, 1, 0, '', 0, 150, 150, 0, 150, NULL, NULL, NULL, 0),
(128, 'MR-1410-0648', 0, 58, 1, 1, 0, '', 0, 130, 130, 0, 130, NULL, NULL, NULL, 0),
(129, 'MR-1410-0648', 0, 74, 1, 1, 0, '', 0, 150, 150, 0, 150, NULL, NULL, NULL, 0),
(130, 'MR-1410-0648', 0, 656, 9, 1, 0, '', 0, 500, 500, 0, 500, NULL, NULL, NULL, 0),
(131, 'MR-1410-0648', 0, 531, 9, 1, 0, '', 0, 300, 300, 0, 300, NULL, NULL, NULL, 0),
(132, 'MR-1410-0648', 0, 528, 9, 1, 0, '', 0, 600, 600, 0, 600, NULL, NULL, NULL, 0),
(133, 'MR-1410-0648', 0, 531, 9, 1, 0, '', 0, 300, 300, 0, 300, NULL, NULL, NULL, 0),
(134, 'MR-1410-0648', 0, 528, 9, 1, 0, '', 0, 600, 600, 0, 600, NULL, NULL, NULL, 0),
(135, 'MR-1410-0648', 0, 656, 9, 1, 0, '', 0, 500, 500, 0, 500, NULL, NULL, NULL, 0),
(136, 'MR-1411-0727', 0, 47, 1, 1, 0, '', 0, 350, 350, 0, 350, '2014-11-03 18:21:00', NULL, NULL, 0),
(137, 'MR-1411-0727', 0, 531, 9, 1, 0, '', 0, 300, 300, 0, 300, '2014-11-03 21:41:00', NULL, NULL, 0),
(138, 'MR-1411-0727', 0, 528, 9, 1, 0, '', 0, 600, 600, 0, 600, '2014-11-03 21:41:00', NULL, NULL, 0),
(139, 'MR-1411-0727', 0, 528, 9, 1, 0, '', 0, 600, 600, 0, 600, '2014-11-05 14:05:00', NULL, NULL, 0),
(140, 'MR-1411-0727', 0, 528, 9, 1, 0, '', 0, 600, 600, 0, 600, '2014-11-05 14:05:00', NULL, NULL, 0),
(141, 'MR-1411-0727', 0, 531, 9, 1, 0, '', 0, 300, 300, 0, 300, '2014-11-05 14:05:00', NULL, NULL, 0),
(142, 'MR-1411-0727', 0, 531, 9, 1, 0, '', 0, 300, 300, 0, 300, '2014-11-05 14:05:00', NULL, NULL, 0),
(143, 'MR-1411-0871', 0, 59, 1, 1, 0, '', 0, 400, 400, 0, 400, '2014-11-09 16:08:00', NULL, NULL, 0),
(144, 'MR-1411-0871', 0, 78, 1, 1, 0, '', 0, 500, 500, 0, 500, '2014-11-09 16:08:00', NULL, NULL, 0),
(145, 'MR-1411-0871', 0, 46, 1, 1, 0, '', 0, 300, 300, 0, 300, '2014-11-09 16:08:00', NULL, NULL, 0),
(146, 'MR-1411-0871', 0, 528, 9, 1, 0, '', 0, 600, 600, 0, 600, '2014-11-10 20:54:00', NULL, NULL, 0),
(147, 'MR-1411-0871', 0, 528, 9, 1, 0, '', 0, 600, 600, 0, 600, '2014-11-10 20:54:00', NULL, NULL, 0),
(148, 'MR-1411-0871', 0, 528, 9, 1, 0, '', 0, 600, 600, 0, 600, '2014-11-10 20:54:00', NULL, NULL, 0),
(149, 'MR-1411-0871', 0, 86, 4, 1, 0, '', 0, 300, 300, 0, 300, '2014-11-10 20:54:00', NULL, NULL, 0),
(150, 'MR-1411-0871', 0, 521, 9, 1, 0, '', 0, 150, 150, 0, 150, '2014-11-10 20:54:00', NULL, NULL, 0),
(151, 'MR-1411-0871', 0, 521, 9, 1, 0, '', 0, 150, 150, 0, 150, '2014-11-10 20:54:00', NULL, NULL, 0),
(152, 'MR-1411-0871', 0, 521, 9, 1, 0, '', 0, 150, 150, 0, 150, '2014-11-10 20:54:00', NULL, NULL, 0),
(153, 'MR-1411-0871', 0, 521, 9, 1, 0, '', 0, 150, 150, 0, 150, '2014-11-10 20:54:00', NULL, NULL, 0),
(154, 'MR-1411-0871', 0, 521, 9, 1, 0, '', 0, 150, 150, 0, 150, '2014-11-10 20:54:00', NULL, NULL, 0),
(155, 'MR-1411-0871', 0, 521, 9, 1, 0, '', 0, 150, 150, 0, 150, '2014-11-10 20:54:00', NULL, NULL, 0),
(156, 'MR-1411-0871', 0, 521, 9, 1, 0, '', 0, 150, 150, 0, 150, '2014-11-10 20:54:00', NULL, NULL, 0),
(157, 'MR-1411-0871', 0, 521, 9, 1, 0, '', 0, 150, 150, 0, 150, '2014-11-10 20:54:00', NULL, NULL, 0),
(158, 'MR-1411-0871', 0, 521, 9, 1, 0, '', 0, 150, 150, 0, 150, '2014-11-10 20:54:00', NULL, NULL, 0),
(159, 'MR-1411-0871', 0, 559, 9, 1, 0, '', 0, 100, 100, 0, 100, '2014-11-10 20:55:00', NULL, NULL, 0),
(160, 'MR-1411-0871', 0, 559, 9, 1, 0, '', 0, 100, 100, 0, 100, '2014-11-10 20:55:00', NULL, NULL, 0),
(161, 'MR-1411-0871', 0, 525, 9, 1, 0, '', 0, 600, 600, 0, 600, '2014-11-10 20:55:00', NULL, NULL, 0),
(162, 'MR-1411-0871', 0, 525, 9, 1, 0, '', 0, 600, 600, 0, 600, '2014-11-10 20:55:00', NULL, NULL, 0),
(163, 'MR-1411-0871', 0, 559, 9, 1, 0, '', 0, 100, 100, 0, 100, '2014-11-10 20:55:00', NULL, NULL, 0),
(164, 'MR-1411-0871', 0, 525, 9, 1, 0, '', 0, 600, 600, 0, 600, '2014-11-10 20:55:00', NULL, NULL, 0),
(165, 'MR-1411-0871', 0, 559, 9, 1, 0, '', 0, 100, 100, 0, 100, '2014-11-10 20:55:00', NULL, NULL, 0),
(166, 'MR-1411-0871', 0, 559, 9, 1, 0, '', 0, 100, 100, 0, 100, '2014-11-10 20:55:00', NULL, NULL, 0),
(167, 'MR-1411-0871', 0, 2, 1, 1, 0, '', 0, 100, 100, 0, 100, '2014-11-10 21:02:00', NULL, NULL, 0),
(168, 'MR-1411-0871', 0, 56, 1, 1, 0, '', 0, 250, 250, 0, 250, '2014-11-10 21:02:00', NULL, NULL, 0),
(169, 'MR-1411-0872', 0, 578, 10, 1, 0, '', 0, 12100, 12100, 0, 12100, '2014-11-11 17:21:00', NULL, NULL, 0),
(170, 'MR-1411-0898', 0, 46, 1, 1, 0, '', 0, 300, 300, 0, 300, '2014-11-11 22:31:00', NULL, NULL, 0),
(171, 'MR-1411-0898', 0, 58, 1, 1, 0, '', 0, 130, 130, 0, 130, '2014-11-11 22:31:00', NULL, NULL, 0),
(172, 'MR-1411-0898', 0, 49, 1, 1, 0, '', 0, 100, 100, 0, 100, '2014-11-11 22:31:00', NULL, NULL, 0),
(173, 'MR-1411-0898', 0, 82, 1, 1, 0, '', 0, 200, 200, 0, 200, '2014-11-11 22:31:00', NULL, NULL, 0),
(174, 'MR-1411-0898', 0, 80, 1, 1, 0, '', 0, 450, 450, 0, 450, '2014-11-11 22:31:00', NULL, NULL, 0),
(175, 'MR-1411-0844', 0, 137, 4, 1, 0, '', 0, 1000, 1000, 0, 1000, '2014-11-11 23:15:00', NULL, NULL, 0),
(176, 'MR-1411-0844', 0, 528, 9, 1, 0, '', 0, 600, 600, 0, 600, '2014-11-12 17:10:00', NULL, NULL, 0),
(177, 'MR-1411-0844', 0, 528, 9, 1, 0, '', 0, 600, 600, 0, 600, '2014-11-12 17:10:00', NULL, NULL, 0),
(178, 'MR-1411-0844', 0, 525, 9, 1, 0, '', 0, 600, 600, 0, 600, '2014-11-12 17:10:00', NULL, NULL, 0),
(179, 'MR-1411-0844', 0, 525, 9, 1, 0, '', 0, 600, 600, 0, 600, '2014-11-12 17:10:00', NULL, NULL, 0),
(180, 'MR-1411-0844', 0, 641, 9, 1, 0, '', 0, 2000, 2000, 0, 2000, '2014-11-12 18:50:00', NULL, NULL, 0),
(181, 'MR-1411-0898', 0, 528, 9, 1, 0, '', 0, 600, 600, 0, 600, '2014-11-12 19:20:00', NULL, NULL, 0),
(182, 'MR-1411-0898', 0, 528, 9, 1, 0, '', 0, 600, 600, 0, 600, '2014-11-12 19:20:00', NULL, NULL, 0),
(183, 'MR-1411-0898', 0, 531, 9, 1, 0, '', 0, 300, 300, 0, 300, '2014-11-12 19:23:00', NULL, NULL, 0),
(184, 'MR-1411-0898', 0, 531, 9, 1, 0, '', 0, 300, 300, 0, 300, '2014-11-12 19:23:00', NULL, NULL, 0),
(185, 'MR-1411-0898', 0, 161, 4, 1, 0, '', 0, 350, 350, 0, 350, '2014-11-12 19:24:00', NULL, NULL, 0),
(186, 'MR-1411-0938', 0, 531, 9, 1, 0, '', 0, 300, 300, 0, 300, '2014-11-12 23:03:00', NULL, NULL, 0),
(187, 'MR-1411-0938', 0, 528, 9, 1, 0, '', 0, 600, 600, 0, 600, '2014-11-12 23:03:00', NULL, NULL, 0),
(188, 'MR-1411-0938', 0, 528, 9, 1, 0, '', 0, 600, 600, 0, 600, '2014-11-12 23:03:00', NULL, NULL, 0),
(189, 'MR-1411-0938', 0, 531, 9, 1, 0, '', 0, 300, 300, 0, 300, '2014-11-12 23:03:00', NULL, NULL, 0),
(190, 'MR-1411-0898', 0, 528, 9, 1, 0, '', 0, 600, 600, 0, 600, '2014-11-12 23:09:00', NULL, NULL, 0),
(191, 'MR-1411-0898', 0, 531, 9, 1, 0, '', 0, 300, 300, 0, 300, '2014-11-12 23:09:00', NULL, NULL, 0),
(192, 'MR-1411-1009', 0, 528, 9, 1, 0, '', 0, 600, 600, 0, 600, '2014-11-16 13:08:00', NULL, NULL, 0),
(193, 'MR-1411-1009', 0, 531, 9, 1, 0, '', 0, 300, 300, 0, 300, '2014-11-16 13:08:00', NULL, NULL, 0),
(194, 'MR-1411-1009', 0, 655, 1, 1, 0, '', 0, 150, 150, 0, 150, '2014-11-16 13:11:00', NULL, NULL, 0),
(195, 'MR-1411-1009', 0, 67, 1, 1, 0, '', 0, 200, 200, 0, 200, '2014-11-16 13:11:00', NULL, NULL, 0),
(196, 'MR-1411-1009', 0, 654, 1, 1, 0, '', 0, 300, 300, 0, 300, '2014-11-16 13:11:00', NULL, NULL, 0),
(197, 'MR-1411-1009', 0, 82, 1, 1, 0, '', 0, 200, 200, 0, 200, '2014-11-16 13:11:00', NULL, NULL, 0),
(198, 'MR-1411-1009', 0, 81, 1, 1, 0, '', 0, 200, 200, 0, 200, '2014-11-16 13:11:00', NULL, NULL, 0),
(199, 'MR-1411-1009', 0, 528, 9, 1, 0, '', 0, 600, 600, 0, 600, '2014-11-17 00:09:00', NULL, NULL, 0),
(200, 'MR-1411-1009', 0, 531, 9, 1, 0, '', 0, 300, 300, 0, 300, '2014-11-17 00:09:00', NULL, NULL, 0),
(201, 'MR-1411-1009', 0, 614, 9, 1, 0, '', 0, 4450, 4450, 0, 4450, '2014-11-17 09:31:00', NULL, NULL, 0),
(202, 'MR-1411-1052', 0, 528, 9, 1, 0, '', 0, 600, 600, 0, 600, '2014-11-19 22:38:00', NULL, NULL, 0),
(203, 'MR-1411-1052', 0, 528, 9, 1, 0, '', 0, 600, 600, 0, 600, '2014-11-19 22:38:00', NULL, NULL, 0),
(204, 'MR-1411-1052', 0, 531, 9, 1, 0, '', 0, 300, 300, 0, 300, '2014-11-19 22:38:00', NULL, NULL, 0),
(205, 'MR-1411-1052', 0, 531, 9, 1, 0, '', 0, 300, 300, 0, 300, '2014-11-19 22:38:00', NULL, NULL, 0),
(206, 'MR-1411-1052', 0, 58, 1, 1, 0, '', 0, 130, 130, 0, 130, '2014-11-19 22:38:00', NULL, NULL, 0),
(207, 'MR-1411-1052', 0, 86, 4, 1, 0, '', 0, 300, 300, 0, 300, '2014-11-20 23:42:00', NULL, NULL, 0),
(208, 'MR-1411-1052', 0, 606, 6, 1, 0, '', 0, 80, 80, 0, 80, '2014-11-20 23:42:00', NULL, NULL, 0),
(209, 'MR-1411-1052', 0, 58, 1, 1, 0, '', 0, 130, 130, 0, 130, '2014-11-20 23:42:00', NULL, NULL, 0),
(210, 'MR-1411-1052', 0, 528, 9, 1, 0, '', 0, 600, 600, 0, 600, '2014-11-20 23:45:00', NULL, NULL, 0),
(211, 'MR-1411-1052', 0, 531, 9, 1, 0, '', 0, 300, 300, 0, 300, '2014-11-20 23:45:00', NULL, NULL, 0),
(212, 'MR-1411-1052', 0, 535, 9, 1, 0, '', 0, 250, 250, 0, 250, '2014-11-20 23:46:00', NULL, NULL, 0),
(213, 'MR-1411-1052', 0, 521, 9, 1, 0, '', 0, 150, 150, 0, 150, '2014-11-21 00:05:00', NULL, NULL, 0),
(214, 'MR-1411-1052', 0, 521, 9, 1, 0, '', 0, 150, 150, 0, 150, '2014-11-21 00:05:00', NULL, NULL, 0),
(215, 'MR-1411-1052', 0, 521, 9, 1, 0, '', 0, 150, 150, 0, 150, '2014-11-21 00:05:00', NULL, NULL, 0),
(216, 'MR-1411-1052', 0, 521, 9, 1, 0, '', 0, 150, 150, 0, 150, '2014-11-21 00:05:00', NULL, NULL, 0),
(217, 'MR-1411-1052', 0, 521, 9, 1, 0, '', 0, 150, 150, 0, 150, '2014-11-21 00:05:00', NULL, NULL, 0),
(218, 'MR-1411-1052', 0, 315, 1, 1, 0, '', 0, 500, 500, 500, 0, '2014-11-21 18:01:00', NULL, NULL, 0),
(219, 'MR-1411-1052', 0, 207, 4, 1, 0, '', 0, 300, 300, 300, 0, '2014-11-21 18:01:00', NULL, NULL, 0),
(220, 'MR-1411-1052', 0, 528, 9, 1, 0, '', 0, 600, 600, 0, 600, '2014-11-21 23:34:00', NULL, NULL, 0),
(221, 'MR-1411-1052', 0, 531, 9, 1, 0, '', 0, 300, 300, 0, 300, '2014-11-21 23:34:00', NULL, NULL, 0),
(222, 'MR-1411-1052', 0, 528, 9, 1, 0, '', 0, 600, 600, 0, 600, '2014-11-21 23:34:00', NULL, NULL, 0),
(223, 'MR-1411-1052', 0, 531, 9, 1, 0, '', 0, 300, 300, 0, 300, '2014-11-21 23:34:00', NULL, NULL, 0),
(224, 'MR-1411-1052', 0, 46, 1, 1, 0, '', 0, 300, 300, 0, 300, '2014-11-22 09:28:00', NULL, NULL, 0),
(225, 'MR-1411-1052', 0, 606, 6, 1, 0, '', 0, 80, 80, 0, 80, '2014-11-22 09:28:00', NULL, NULL, 0),
(226, 'MR-1411-1052', 0, 667, 9, 1, 0, '', 0, 2250, 2250, 0, 2250, '2014-11-22 12:28:00', NULL, NULL, 0),
(227, 'MR-1411-1052', 0, 521, 9, 1, 0, '', 0, 150, 150, 0, 150, '2014-11-23 16:16:00', NULL, NULL, 0),
(228, 'MR-1411-1052', 0, 669, 9, 1, 0, '', 0, 3600, 3600, 0, 3600, '2014-11-23 16:17:00', NULL, NULL, 0),
(229, '', 0, 538, 9, 1, 0, '', 0, 700, 700, 0, 700, '2014-11-23 16:21:00', NULL, NULL, 0),
(230, '', 0, 670, 9, 1, 0, '', 0, 700, 700, 0, 700, '2014-11-23 16:21:00', NULL, NULL, 0),
(231, 'MR-1411-1052', 0, 670, 9, 1, 0, '', 0, 700, 700, 0, 700, '2014-11-23 16:23:00', NULL, NULL, 0),
(232, 'MR-1411-1052', 0, 538, 9, 1, 0, '', 0, 700, 700, 0, 700, '2014-11-23 16:23:00', NULL, NULL, 0),
(233, 'MR-1411-1052', 0, 528, 9, 1, 0, '', 0, 600, 600, 0, 600, '2014-11-23 16:25:00', NULL, NULL, 0),
(234, 'MR-1411-1052', 0, 668, 9, 1, 0, '', 0, 500, 500, 0, 500, '2014-11-23 16:25:00', NULL, NULL, 0),
(235, 'MR-1411-1052', 0, 531, 9, 1, 0, '', 0, 300, 300, 0, 300, '2014-11-23 16:25:00', NULL, NULL, 0),
(236, 'MR-1411-1052', 0, 606, 6, 1, 0, '', 0, 80, 80, 0, 80, '2014-11-23 18:29:00', NULL, NULL, 0),
(237, 'MR-1411-1052', 0, 528, 9, 1, 0, '', 0, 600, 600, 0, 600, '2014-11-24 13:23:00', NULL, NULL, 0),
(238, 'MR-1411-1052', 0, 564, 9, 1, 0, '', 0, 80, 80, 0, 80, '2014-11-24 13:23:00', NULL, NULL, 0),
(239, 'MR-1411-1052', 0, 559, 9, 3, 0, '', 0, 300, 300, 0, 300, '2014-11-24 13:23:00', NULL, NULL, 0),
(240, 'MR-1411-1052', 0, 531, 9, 1, 0, '', 0, 300, 300, 0, 300, '2014-11-24 13:23:00', NULL, NULL, 0),
(254, 'MR-1411-1184', 0, 531, 9, 1, 0, '', 0, 300, 300, 0, 300, '2014-11-25 17:08:00', NULL, NULL, 0),
(242, 'MR-1411-1193', 0, 47, 1, 1, 0, '', 0, 350, 350, 0, 350, '2014-11-25 16:55:00', NULL, NULL, 0),
(243, 'MR-1411-1193', 0, 58, 1, 1, 0, '', 0, 130, 130, 0, 130, '2014-11-25 16:55:00', NULL, NULL, 0),
(244, 'MR-1411-1193', 0, 528, 9, 1, 0, '', 0, 600, 600, 0, 600, '2014-11-25 16:55:00', NULL, NULL, 0),
(245, 'MR-1411-1193', 0, 535, 9, 1, 0, '', 0, 250, 250, 0, 250, '2014-11-25 16:55:00', NULL, NULL, 0),
(246, 'MR-1411-1193', 0, 531, 9, 1, 0, '', 0, 300, 300, 0, 300, '2014-11-25 16:55:00', NULL, NULL, 0),
(247, 'MR-1411-1193', 0, 86, 4, 1, 0, '', 0, 300, 300, 0, 300, '2014-11-25 16:55:00', NULL, NULL, 0),
(248, 'MR-1411-1193', 0, 74, 1, 1, 0, '', 0, 150, 150, 0, 150, '2014-11-25 16:55:00', NULL, NULL, 0),
(249, 'MR-1411-1193', 0, 62, 1, 1, 0, '', 0, 150, 150, 0, 150, '2014-11-25 16:55:00', NULL, NULL, 0),
(250, 'MR-1411-1193', 0, 81, 1, 1, 0, '', 0, 200, 200, 0, 200, '2014-11-25 16:55:00', NULL, NULL, 0),
(251, 'MR-1411-1193', 0, 82, 1, 1, 0, '', 0, 200, 200, 0, 200, '2014-11-25 16:55:00', NULL, NULL, 0),
(252, 'MR-1411-1193', 0, 2, 1, 1, 0, '', 0, 100, 100, 0, 100, '2014-11-25 16:55:00', NULL, NULL, 0),
(253, 'MR-1411-1193', 0, 63, 1, 1, 0, '', 0, 300, 300, 0, 300, '2014-11-25 16:55:00', NULL, NULL, 0),
(255, 'MR-1411-1184', 0, 528, 9, 1, 0, '', 0, 600, 600, 0, 600, '2014-11-25 17:08:00', NULL, NULL, 0),
(256, 'MR-1411-1184', 0, 528, 9, 1, 0, '', 0, 600, 600, 0, 600, '2014-11-25 17:08:00', NULL, NULL, 0),
(257, 'MR-1411-1184', 0, 531, 9, 1, 0, '', 0, 300, 300, 0, 300, '2014-11-25 17:08:00', NULL, NULL, 0),
(258, 'MR-1411-1184', 0, 654, 1, 1, 0, '', 0, 300, 300, 0, 300, '2014-11-25 17:08:00', NULL, NULL, 0),
(259, 'MR-1411-1184', 0, 47, 1, 1, 0, '', 0, 350, 350, 0, 350, '2014-11-25 17:08:00', NULL, NULL, 0),
(260, 'MR-1411-1184', 0, 74, 1, 1, 0, '', 0, 150, 150, 0, 150, '2014-11-25 17:08:00', NULL, NULL, 0),
(261, 'MR-1411-1184', 0, 63, 1, 1, 0, '', 0, 300, 300, 0, 300, '2014-11-25 17:08:00', NULL, NULL, 0),
(262, 'MR-1411-1184', 0, 62, 1, 1, 0, '', 0, 150, 150, 0, 150, '2014-11-25 17:08:00', NULL, NULL, 0),
(263, 'MR-1411-1184', 0, 2, 1, 1, 0, '', 0, 100, 100, 0, 100, '2014-11-25 17:08:00', NULL, NULL, 0),
(264, 'MR-1411-1184', 0, 65, 1, 1, 0, '', 0, 500, 500, 0, 500, '2014-11-25 17:08:00', NULL, NULL, 0),
(265, 'MR-1411-1184', 0, 81, 1, 1, 0, '', 0, 200, 200, 0, 200, '2014-11-25 17:08:00', NULL, NULL, 0),
(266, 'MR-1411-1184', 0, 82, 1, 1, 0, '', 0, 200, 200, 0, 200, '2014-11-25 17:08:00', NULL, NULL, 0),
(267, 'MR-1411-1184', 0, 76, 1, 1, 0, '', 0, 100, 100, 0, 100, '2014-11-25 17:08:00', NULL, NULL, 0),
(268, 'MR-1411-1184', 0, 67, 1, 1, 0, '', 0, 200, 200, 0, 200, '2014-11-25 17:08:00', NULL, NULL, 0),
(269, 'MR-1411-1184', 0, 57, 1, 1, 0, '', 0, 130, 130, 0, 130, '2014-11-25 17:29:00', NULL, NULL, 0),
(270, 'MR-1411-1052', 0, 671, 9, 1, 0, '', 0, 2700, 2700, 0, 2700, '2014-11-25 18:10:00', NULL, NULL, 0),
(271, 'MR-1411-1052', 0, 528, 9, 1, 0, '', 0, 600, 600, 0, 600, '2014-11-25 18:12:00', NULL, NULL, 0),
(272, 'MR-1411-1052', 0, 531, 9, 1, 0, '', 0, 300, 300, 0, 300, '2014-11-25 18:12:00', NULL, NULL, 0),
(273, 'MR-1411-1052', 0, 559, 9, 3, 0, '', 0, 300, 300, 0, 300, '2014-11-25 18:12:00', NULL, NULL, 0),
(274, 'MR-1411-1052', 0, 528, 9, 1, 0, '', 0, 600, 600, 0, 600, '2014-11-26 13:19:00', NULL, NULL, 0),
(275, 'MR-1411-1052', 0, 559, 9, 3, 0, '', 0, 300, 300, 0, 300, '2014-11-26 13:19:00', NULL, NULL, 0),
(276, 'MR-1411-1052', 0, 531, 9, 1, 0, '', 0, 300, 300, 0, 300, '2014-11-26 13:19:00', NULL, NULL, 0),
(277, 'MR-1411-1052', 0, 672, 9, 1, 0, '', 0, 1800, 1800, 0, 1800, '2014-11-26 15:57:00', NULL, NULL, 0),
(278, 'MR-1411-1216', 0, 531, 9, 1, 0, '', 0, 300, 300, 0, 300, '2014-11-26 19:15:00', NULL, NULL, 0),
(279, 'MR-1411-1216', 0, 528, 9, 1, 0, '', 0, 600, 600, 0, 600, '2014-11-26 19:15:00', NULL, NULL, 0),
(280, 'MR-1411-1193', 0, 560, 9, 1, 0, '', 0, 300, 300, 0, 300, '2014-11-26 19:25:00', NULL, NULL, 0),
(281, 'MR-1411-1193', 0, 531, 9, 1, 0, '', 0, 300, 300, 0, 300, '2014-11-26 19:25:00', NULL, NULL, 0),
(282, 'MR-1411-1193', 0, 528, 9, 1, 0, '', 0, 600, 600, 0, 600, '2014-11-26 19:25:00', NULL, NULL, 0),
(283, 'MR-1411-1193', 0, 268, 4, 1, 0, '', 0, 300, 300, 0, 300, '2014-11-26 19:26:00', NULL, NULL, 0),
(284, 'MR-1411-1227', 0, 528, 9, 1, 0, '', 0, 600, 600, 0, 600, '2014-11-26 19:54:00', NULL, NULL, 0),
(285, 'MR-1411-1227', 0, 531, 9, 1, 0, '', 0, 300, 300, 0, 300, '2014-11-26 19:54:00', NULL, NULL, 0),
(286, 'MR-1411-1193', 0, 561, 9, 1, 0, '', 0, 200, 200, 0, 200, '2014-11-26 20:58:00', NULL, NULL, 0),
(287, 'MR-1411-1216', 0, 48, 1, 1, 0, '', 0, 300, 300, 0, 300, '2014-11-26 22:05:00', NULL, NULL, 0),
(288, 'MR-1411-1216', 0, 62, 1, 1, 0, '', 0, 150, 150, 0, 150, '2014-11-26 22:05:00', NULL, NULL, 0),
(289, 'MR-1411-1216', 0, 58, 1, 1, 0, '', 0, 130, 130, 0, 130, '2014-11-26 22:05:00', NULL, NULL, 0),
(290, 'MR-1411-1216', 0, 74, 1, 1, 0, '', 0, 150, 150, 0, 150, '2014-11-26 22:05:00', NULL, NULL, 0),
(291, 'MR-1411-1216', 0, 207, 4, 1, 0, '', 0, 300, 300, 0, 300, '2014-11-26 22:05:00', NULL, NULL, 0),
(292, 'MR-1411-1216', 0, 81, 1, 1, 0, '', 0, 200, 200, 0, 200, '2014-11-26 22:05:00', NULL, NULL, 0),
(293, 'MR-1411-1216', 0, 82, 1, 1, 0, '', 0, 200, 200, 0, 200, '2014-11-26 22:05:00', NULL, NULL, 0),
(294, 'MR-1411-1184', 0, 528, 9, 1, 0, '', 0, 600, 600, 0, 600, '2014-11-27 22:55:00', NULL, NULL, 0),
(295, 'MR-1411-1184', 0, 559, 9, 1, 0, '', 0, 100, 100, 0, 100, '2014-11-27 22:55:00', NULL, NULL, 0),
(296, 'MR-1411-1184', 0, 531, 9, 1, 0, '', 0, 300, 300, 0, 300, '2014-11-27 22:55:00', NULL, NULL, 0),
(297, 'MR-1411-1227', 0, 47, 1, 1, 0, '', 0, 350, 350, 0, 350, '2014-11-27 23:04:00', NULL, NULL, 0),
(298, 'MR-1411-1227', 0, 58, 1, 1, 0, '', 0, 130, 130, 0, 130, '2014-11-27 23:04:00', NULL, NULL, 0),
(299, 'MR-1411-1227', 0, 74, 1, 1, 0, '', 0, 150, 150, 0, 150, '2014-11-27 23:04:00', NULL, NULL, 0),
(300, 'MR-1411-1227', 0, 62, 1, 1, 0, '', 0, 150, 150, 0, 150, '2014-11-27 23:04:00', NULL, NULL, 0),
(301, 'MR-1411-1227', 0, 63, 1, 1, 0, '', 0, 300, 300, 0, 300, '2014-11-27 23:04:00', NULL, NULL, 0),
(302, 'MR-1411-1227', 0, 81, 1, 1, 0, '', 0, 200, 200, 0, 200, '2014-11-27 23:04:00', NULL, NULL, 0),
(303, 'MR-1411-1227', 0, 82, 1, 1, 0, '', 0, 200, 200, 0, 200, '2014-11-27 23:04:00', NULL, NULL, 0),
(304, 'MR-1411-1227', 0, 2, 1, 1, 0, '', 0, 100, 100, 0, 100, '2014-11-27 23:04:00', NULL, NULL, 0),
(305, 'MR-1411-1227', 0, 86, 4, 1, 0, '', 0, 300, 300, 0, 300, '2014-11-27 23:04:00', NULL, NULL, 0),
(306, 'MR-1411-1227', 0, 535, 9, 1, 0, '', 0, 250, 250, 0, 250, '2014-11-27 23:04:00', NULL, NULL, 0),
(307, 'MR-1411-1227', 0, 528, 9, 1, 0, '', 0, 600, 600, 0, 600, '2014-11-27 23:06:00', NULL, NULL, 0),
(308, 'MR-1411-1227', 0, 531, 9, 1, 0, '', 0, 300, 300, 0, 300, '2014-11-27 23:06:00', NULL, NULL, 0),
(309, 'MR-1411-1193', 0, 528, 9, 1, 0, '', 0, 600, 600, 0, 600, '2014-11-27 23:15:00', NULL, NULL, 0),
(310, 'MR-1411-1193', 0, 531, 9, 1, 0, '', 0, 300, 300, 0, 300, '2014-11-27 23:15:00', NULL, NULL, 0),
(311, 'MR-1411-1216', 0, 528, 9, 1, 0, '', 0, 600, 600, 0, 600, '2014-11-27 23:22:00', NULL, NULL, 0),
(312, 'MR-1411-1216', 0, 531, 9, 1, 0, '', 0, 300, 300, 0, 300, '2014-11-27 23:22:00', NULL, NULL, 0),
(313, 'MR-1411-1184', 0, 673, 9, 1, 0, '', 0, 600, 600, 0, 600, '2014-11-27 23:34:00', NULL, NULL, 0),
(314, 'MR-1411-1184', 0, 674, 9, 1, 0, '', 0, 1200, 1200, 0, 1200, '2014-11-27 23:34:00', NULL, NULL, 0),
(318, 'MR-1411-1184', 0, 528, 9, 1, 0, '', 0, 600, 600, 0, 600, '2014-11-28 21:16:00', NULL, NULL, 0),
(316, 'MR-1411-1184', 0, 672, 9, 1, 0, '', 0, 1800, 1800, 0, 1800, '2014-11-27 23:36:00', NULL, NULL, 0),
(317, 'MR-1411-1216', 0, 98, 4, 1, 0, '', 0, 350, 350, 0, 350, '2014-11-27 23:39:00', NULL, NULL, 0),
(319, 'MR-1411-1184', 0, 531, 9, 1, 0, '', 0, 300, 300, 0, 300, '2014-11-28 21:16:00', NULL, NULL, 0),
(320, 'MR-1411-1254', 0, 48, 1, 1, 0, '', 0, 300, 300, 0, 300, '2014-11-28 22:17:00', NULL, NULL, 0),
(321, 'MR-1411-1254', 0, 58, 1, 1, 0, '', 0, 130, 130, 0, 130, '2014-11-28 22:17:00', NULL, NULL, 0),
(322, 'MR-1411-1254', 0, 74, 1, 1, 0, '', 0, 150, 150, 0, 150, '2014-11-28 22:17:00', NULL, NULL, 0),
(323, 'MR-1411-1254', 0, 62, 1, 1, 0, '', 0, 150, 150, 0, 150, '2014-11-28 22:17:00', NULL, NULL, 0),
(324, 'MR-1411-1254', 0, 81, 1, 1, 0, '', 0, 200, 200, 0, 200, '2014-11-28 22:17:00', NULL, NULL, 0),
(325, 'MR-1411-1254', 0, 207, 4, 1, 0, '', 0, 300, 300, 0, 300, '2014-11-28 22:17:00', NULL, NULL, 0),
(326, 'MR-1411-1254', 0, 82, 1, 1, 0, '', 0, 200, 200, 0, 200, '2014-11-28 22:17:00', NULL, NULL, 0),
(327, 'MR-1411-1260', 0, 528, 9, 1, 0, '', 0, 600, 600, 0, 600, '2014-11-28 23:36:00', NULL, NULL, 0),
(328, 'MR-1411-1260', 0, 531, 9, 1, 0, '', 0, 300, 300, 0, 300, '2014-11-28 23:36:00', NULL, NULL, 0),
(329, 'MR-1411-1263', 0, 528, 9, 1, 0, '', 0, 600, 600, 0, 600, '2014-11-28 23:43:00', NULL, NULL, 0),
(330, 'MR-1411-1263', 0, 528, 9, 1, 0, '', 0, 600, 600, 0, 600, '2014-11-28 23:43:00', NULL, NULL, 0),
(331, 'MR-1411-1263', 0, 531, 9, 1, 0, '', 0, 300, 300, 0, 300, '2014-11-28 23:43:00', NULL, NULL, 0),
(332, 'MR-1411-1263', 0, 531, 9, 1, 0, '', 0, 300, 300, 0, 300, '2014-11-28 23:43:00', NULL, NULL, 0),
(333, 'MR-1411-1263', 0, 528, 9, 1, 0, '', 0, 600, 600, 0, 600, '2014-11-28 23:47:00', NULL, NULL, 0),
(334, 'MR-1411-1263', 0, 531, 9, 1, 0, '', 0, 300, 300, 0, 300, '2014-11-28 23:47:00', NULL, NULL, 0),
(335, 'MR-1411-1263', 0, 531, 9, 1, 0, '', 0, 300, 300, 0, 300, '2014-11-28 23:47:00', NULL, NULL, 0),
(336, 'MR-1411-1263', 0, 528, 9, 1, 0, '', 0, 600, 600, 0, 600, '2014-11-28 23:47:00', NULL, NULL, 0),
(337, 'MR-1411-1263', 0, 58, 1, 1, 0, '', 0, 130, 130, 0, 130, '2014-11-28 23:47:00', NULL, NULL, 0),
(338, 'MR-1411-1263', 0, 47, 1, 1, 0, '', 0, 350, 350, 0, 350, '2014-11-28 23:47:00', NULL, NULL, 0),
(339, 'MR-1411-1263', 0, 74, 1, 1, 0, '', 0, 150, 150, 0, 150, '2014-11-28 23:47:00', NULL, NULL, 0),
(340, 'MR-1411-1263', 0, 62, 1, 1, 0, '', 0, 150, 150, 0, 150, '2014-11-28 23:47:00', NULL, NULL, 0),
(341, 'MR-1411-1263', 0, 63, 1, 1, 0, '', 0, 300, 300, 0, 300, '2014-11-28 23:47:00', NULL, NULL, 0),
(342, 'MR-1411-1263', 0, 81, 1, 1, 0, '', 0, 200, 200, 0, 200, '2014-11-28 23:47:00', NULL, NULL, 0),
(343, 'MR-1411-1263', 0, 82, 1, 1, 0, '', 0, 200, 200, 0, 200, '2014-11-28 23:47:00', NULL, NULL, 0),
(344, 'MR-1411-1252', 0, 531, 9, 1, 0, '', 0, 300, 300, 0, 300, '2014-11-28 23:54:00', NULL, NULL, 0),
(345, 'MR-1411-1252', 0, 137, 4, 1, 0, '', 0, 500, 500, 0, 500, '2014-11-28 23:54:00', NULL, NULL, 0),
(346, 'MR-1411-1252', 0, 86, 4, 1, 0, '', 0, 300, 300, 0, 300, '2014-11-28 23:54:00', NULL, NULL, 0),
(347, 'MR-1411-1252', 0, 528, 9, 1, 0, '', 0, 600, 600, 0, 600, '2014-11-28 23:54:00', NULL, NULL, 0),
(348, 'MR-1411-1193', 0, 528, 9, 1, 0, '', 0, 600, 600, 0, 600, '2014-11-28 23:55:00', NULL, NULL, 0),
(349, 'MR-1411-1193', 0, 531, 9, 1, 0, '', 0, 300, 300, 0, 300, '2014-11-28 23:55:00', NULL, NULL, 0),
(350, 'MR-1411-1227', 0, 161, 4, 1, 0, '', 0, 500, 500, 0, 500, '2014-11-28 23:59:00', NULL, NULL, 0),
(351, 'MR-1411-1227', 0, 531, 9, 1, 0, '', 0, 300, 300, 0, 300, '2014-11-28 23:59:00', NULL, NULL, 0),
(352, 'MR-1411-1227', 0, 528, 9, 1, 0, '', 0, 600, 600, 0, 600, '2014-11-28 23:59:00', NULL, NULL, 0),
(353, 'MR-1411-1216', 0, 531, 9, 1, 0, '', 0, 300, 300, 0, 300, '2014-11-29 00:02:00', NULL, NULL, 0),
(354, 'MR-1411-1216', 0, 528, 9, 1, 0, '', 0, 600, 600, 0, 600, '2014-11-29 00:02:00', NULL, NULL, 0),
(355, 'MR-1411-1193', 0, 531, 9, 1, 0, '', 0, 300, 300, 0, 300, '2014-11-29 11:07:00', NULL, NULL, 0),
(356, 'MR-1411-1193', 0, 528, 9, 1, 0, '', 0, 600, 600, 0, 600, '2014-11-29 11:07:00', NULL, NULL, 0),
(357, 'MR-1411-1193', 0, 528, 9, 1, 0, '', 0, 600, 600, 0, 600, '2014-11-29 11:08:00', NULL, NULL, 0),
(358, 'MR-1411-1193', 0, 531, 9, 1, 0, '', 0, 300, 300, 0, 300, '2014-11-29 11:08:00', NULL, NULL, 0),
(359, 'MR-1411-1193', 0, 614, 9, 1, 0, '', 0, 4130, 4130, 4130, 0, '2014-11-29 14:51:00', NULL, NULL, 0),
(360, 'MR-1411-1193', 0, 614, 9, 1, 0, '', 0, 4130, 4130, 4130, 0, '2014-11-29 14:52:00', NULL, NULL, 0),
(361, 'MR-1411-1193', 0, 614, 9, 1, 0, '', 0, 4130, 4130, 4130, 0, '2014-11-29 14:53:00', NULL, NULL, 0),
(362, 'MR-1411-1293', 0, 598, 10, 1, 0, '', 0, 17100, 17100, 0, 17100, '2014-11-29 19:31:00', NULL, NULL, 0),
(363, 'MR-1411-1293', 0, 598, 10, 1, 0, '', 0, 17100, 17100, 0, 17100, '2014-11-29 19:31:00', NULL, NULL, 0),
(364, 'MR-1411-1293', 0, 654, 1, 1, 0, '', 0, 300, 300, 0, 300, '2014-12-02 19:27:00', NULL, NULL, 0),
(365, 'MR-1411-1216', 0, 654, 1, 1, 33.33, '', 100, 300, 200, 200, 0, '2014-12-04 17:07:00', NULL, NULL, 0),
(366, 'MR-1411-1216', 0, 654, 1, 1, 33.33, '', 100, 300, 200, 200, 0, '2014-12-04 17:09:00', NULL, NULL, 0),
(370, 'MR-1411-1216', 0, 654, 1, 1, 50, '', 150, 300, 150, 100, 50, '2014-12-04 18:00:00', NULL, NULL, 0),
(368, 'MR-1411-1216', 0, 57, 1, 1, 23.08, '', 30, 130, 100, 100, 0, '2014-12-04 17:13:00', NULL, NULL, 0),
(369, 'MR-1411-1216', 0, 57, 1, 1, 23.08, '', 30, 130, 100, 100, 0, '2014-12-04 17:17:00', NULL, NULL, 0),
(371, 'MR-1412-0101', 0, 658, 1, 1, 0, '', 0, 200, 200, 200, 0, '2014-12-18 08:11:00', NULL, NULL, 0),
(372, 'MR-1412-0101', 0, 11, 6, 1, 0, '', 0, 250, 250, 250, 0, '2014-12-18 08:11:00', NULL, NULL, 0),
(373, 'MR-1409-0035', 0, 2, 1, 1, 0, '', 0, 100, 100, 0, 100, '2015-01-10 11:28:00', NULL, NULL, 0),
(374, 'MR-1409-0035', 0, 2, 1, 1, 0, '', 0, 100, 100, 0, 100, '2015-01-10 11:28:00', NULL, NULL, 0),
(375, 'MR-1409-0035', 0, 2, 1, 1, 0, '', 0, 100, 100, 0, 100, '2015-01-10 11:28:00', NULL, NULL, 0),
(376, 'MR-1409-0035', 0, 2, 1, 1, 0, '', 0, 100, 100, 0, 100, '2015-01-10 11:28:00', NULL, NULL, 0),
(377, 'MR-1412-0101', 0, 4, 9, 1, 0, '', 0, 840, 0, 0, 0, '2015-02-18 08:04:00', NULL, NULL, 0),
(378, 'MR-1412-0101', 0, 522, 9, 1, 24, '', 216, 900, 684, 1200, -516, '2015-02-18 08:11:00', NULL, NULL, 0),
(379, 'MR-1502-1299', 0, 523, 9, 1, 0, '', 0, 2000, 2000, 0, 2000, '2015-03-21 08:38:00', NULL, NULL, 0),
(380, 'MR-1502-1299', 0, 664, 11, 1, 0, '', 0, 300, 300, 0, 300, '2015-03-21 08:38:00', NULL, NULL, 0),
(381, 'MR-1502-1299', 0, 525, 9, 1, 0, '', 0, 600, 600, 0, 600, '2015-03-21 08:38:00', NULL, NULL, 0),
(382, 'MR-1502-1299', 0, 664, 11, 1, 0, '', 0, 300, 300, 0, 300, '2015-03-21 08:39:00', NULL, NULL, 0),
(383, 'MR-1502-1299', 0, 523, 9, 1, 0, '', 0, 2000, 2000, 0, 2000, '2015-03-21 08:39:00', NULL, NULL, 0),
(384, 'MR-1502-1299', 0, 525, 9, 1, 0, '', 0, 600, 600, 0, 600, '2015-03-21 08:39:00', NULL, NULL, 0),
(385, 'MR-1502-1299', 0, 566, 10, 9, 0, '', 0, 63900, 63900, -600, 64500, '2015-10-01 11:55:00', NULL, NULL, 0),
(386, 'MR-1511-1304', 0, 46, 1, 1, 0, '', 0, 300, 300, 0, 300, '2015-11-16 09:58:00', NULL, NULL, 0),
(387, 'MR-1511-1304', 0, 53, 1, 1, 0, '', 0, 150, 150, 0, 150, '2015-11-16 09:58:00', NULL, NULL, 0),
(388, 'MR-1511-1304', 0, 661, 11, 1, 0, '', 0, 600, 600, 0, 600, '2015-11-16 09:58:00', NULL, NULL, 0),
(389, 'MR-1511-1304', 0, 85, 4, 1, 0, '', 0, 300, 300, 0, 300, '2015-11-16 09:58:00', NULL, NULL, 0),
(390, '', 0, 99, 4, 1, 0, '', 0, 300, 0, 0, 0, '2016-06-14 09:14:00', NULL, NULL, 0),
(391, '', 0, 51, 1, 1, 0, '', 0, 400, 0, 0, 0, '2016-06-14 09:14:00', NULL, NULL, 0),
(392, '', 0, 572, 10, 1, 0, '', 0, 6500, 0, 0, 0, '2016-06-14 09:14:00', NULL, NULL, 0),
(393, '', 0, 661, 11, 1, 0, '', 0, 600, 0, 0, 0, '2016-06-14 09:14:00', NULL, NULL, 0),
(394, '', 0, 615, 9, 1, 0, '', 0, 500, 0, 0, 0, '2016-06-14 09:14:00', NULL, NULL, 0),
(395, '', 0, 614, 9, 1, 0, '', 0, 50000, 0, 0, 0, '2016-06-14 09:14:00', NULL, NULL, 0),
(396, '', 0, 661, 11, 1, 0, '', 0, 600, 0, 0, 0, '2016-06-14 09:14:00', NULL, NULL, 0),
(397, '', 0, 572, 10, 1, 0, '', 0, 6500, 0, 0, 0, '2016-06-14 09:14:00', NULL, NULL, 0),
(398, '', 0, 615, 9, 1, 0, '', 0, 500, 0, 0, 0, '2016-06-14 09:14:00', NULL, NULL, 0),
(399, '', 0, 614, 9, 1, 0, '', 0, 50000, 0, 0, 0, '2016-06-14 09:14:00', NULL, NULL, 0),
(400, '', 0, 51, 1, 1, 0, '', 0, 400, 0, 0, 0, '2016-06-14 09:14:00', NULL, NULL, 0),
(401, '', 0, 99, 4, 1, 0, '', 0, 300, 0, 0, 0, '2016-06-14 09:14:00', NULL, NULL, 0),
(402, 'MR-1412-0101', 0, 99, 4, 1, 0, '', 0, 300, 0, 0, 0, '2016-06-14 09:15:00', NULL, NULL, 0),
(403, 'MR-1412-0101', 0, 572, 10, 1, 0, '', 0, 6500, 0, 0, 0, '2016-06-14 09:15:00', NULL, NULL, 0),
(404, 'MR-1412-0101', 0, 661, 11, 1, 0, '', 0, 600, 0, 0, 0, '2016-06-14 09:15:00', NULL, NULL, 0),
(405, 'MR-1412-0101', 0, 615, 9, 1, 0, '', 0, 500, 0, 0, 0, '2016-06-14 09:15:00', NULL, NULL, 0),
(406, 'MR-1412-0101', 0, 614, 9, 1, 0, '', 0, 50000, 0, 0, 0, '2016-06-14 09:15:00', NULL, NULL, 0),
(407, 'MR-1412-0101', 0, 614, 9, 1, 0, '', 0, 500, 0, 0, 0, '2016-06-14 09:15:00', NULL, NULL, 0),
(408, 'MR-1412-0101', 0, 99, 4, 1, 0, '', 0, 300, 0, 0, 0, '2016-06-14 09:16:00', NULL, NULL, 0),
(409, 'MR-1412-0101', 0, 572, 10, 1, 0, '', 0, 6500, 0, 0, 0, '2016-06-14 09:16:00', NULL, NULL, 0),
(410, 'MR-1412-0101', 0, 661, 11, 1, 0, '', 0, 600, 0, 0, 0, '2016-06-14 09:16:00', NULL, NULL, 0),
(411, 'MR-1412-0101', 0, 614, 9, 1, 0, '', 0, 50000, 0, 0, 0, '2016-06-14 09:16:00', NULL, NULL, 0),
(412, 'MR-1412-0101', 0, 614, 9, 1, 0, '', 0, 500, 0, 0, 0, '2016-06-14 09:16:00', NULL, NULL, 0),
(413, 'MR-1412-0101', 0, 615, 9, 1, 0, '', 0, 500, 0, 0, 0, '2016-06-14 09:16:00', NULL, NULL, 0),
(414, 'MR-1502-1299', 0, 654, 1, 1, 0, '', 0, 300, 0, 0, 0, '2016-06-14 09:43:00', NULL, NULL, 0),
(415, 'MR-1502-1299', 0, 532, 9, 1, 0, '', 0, 700, 0, 0, 0, '2016-06-14 09:43:00', NULL, NULL, 0),
(416, 'MR-1502-1299', 0, 654, 1, 1, 0, '', 0, 300, 0, 0, 0, '2016-06-14 09:44:00', NULL, NULL, 0),
(417, 'MR-1502-1299', 0, 532, 9, 1, 0, '', 0, 700, 0, 0, 0, '2016-06-14 09:44:00', NULL, NULL, 0),
(418, ' ?>MR-1412-0101', 0, 673, 9, 1, 45, '', 0, 12, 0, 0, 0, '2016-11-07 07:28:00', NULL, NULL, 0),
(419, ' ?>MR-1412-0101', 0, 673, 9, 1, 45, '', 0, 12, 0, 0, 0, '2016-11-07 07:28:00', NULL, NULL, 0),
(420, '', 0, 525, 9, 1, 0, '', 0, 600, 0, 0, 0, '2016-11-10 11:19:00', NULL, NULL, 0),
(421, '', 0, 525, 9, 1, 0, '', 0, 600, 0, 0, 0, '2016-11-10 11:19:00', NULL, NULL, 0),
(422, 'MR-1611-1314', 0, 4, -1, 1, 0, '', 0, 840, 840, 0, 840, '2016-11-22 07:50:00', NULL, NULL, 0),
(423, 'MR-1611-1314', 0, 103, 4, 5, 15, '', 150, 5000, 4850, 500, 4350, '2016-12-19 07:13:00', NULL, NULL, 0),
(424, 'MR-1611-1314', 0, 52, 1, 3, 0, '', 0, 450, 450, 200, 250, '2016-12-19 07:13:00', NULL, NULL, 0),
(425, 'MR-1611-1314', 0, 602, 10, 10, 50, '', 8550, 171000, 162450, 50000, 112450, '2016-12-19 07:13:00', NULL, NULL, 0),
(426, '', 0, 0, 10, 10, 50, '', 8550, 171000, 162450, 50000, 112450, '2016-12-19 07:22:00', NULL, NULL, 0),
(427, 'MR-1611-1314', 0, 100, 4, 1, 0, '', 0, 300, 0, 0, 0, '2016-12-20 13:06:00', NULL, NULL, 0),
(428, '', 0, 96, 4, 1, 0, '', 0, 3000, 0, 0, 0, '2016-12-20 13:43:00', NULL, NULL, 0),
(429, '  MR-1502-1299', 0, 7, 4, 1, 0, '', 0, 660, 0, 0, 0, '2016-12-23 07:03:00', NULL, NULL, 0),
(430, '  MR-1502-1299', 0, 7, 4, 1, 0, '', 0, 660, 0, 0, 0, '2016-12-23 07:03:00', NULL, NULL, 0),
(431, '  MR-1502-1299', 0, 7, 4, 1, 0, '', 0, 660, 0, 200, -200, '2016-12-23 07:03:00', NULL, NULL, 0),
(432, '  MR-1511-1304', 0, 48, 1, 2, 0, '', 0, 600, 600, 400, 200, '2017-02-10 13:16:00', NULL, NULL, 0),
(433, '  MR-1511-1304', 0, 122, 4, 2, 0, '', 0, 600, 600, 400, 200, '2017-02-10 13:16:00', NULL, NULL, 0),
(434, '  MR-1702-1317', 0, 535, 9, 1, 0, '', 0, 250, 250, 250, 0, '2017-02-28 11:06:00', NULL, NULL, 0),
(435, '  MR-1511-1304', 0, 49, 1, 1, 0, '', 0, 100, 100, 100, 0, '2017-02-28 11:09:00', NULL, NULL, 0),
(436, '  MR-1511-1304', 0, 46, 1, 1, 3.33, '', 10, 300, 290, 290, 0, '2017-02-28 11:30:00', NULL, NULL, 0),
(437, '  MR-1511-1304', 0, 46, 1, 1, 3.33, '', 10, 300, 290, 290, 0, '2017-02-28 11:33:00', NULL, NULL, 0),
(438, '  MR-1511-1304', 5, 47, 1, 1, 0, '1', 0, 350, 350, 350, 0, '2017-02-28 12:01:00', NULL, NULL, 0),
(439, '  MR-1511-1304', 5, 47, 1, 1, 0, '', 0, 350, 350, 350, 0, '2017-02-28 12:24:00', NULL, NULL, 0),
(440, '  MR-1611-1314', 8, 49, 1, 1, 0, '', 0, 100, 100, 100, 0, '2017-02-28 12:26:00', NULL, NULL, 0),
(441, '  MR-1511-1304', 3, 47, 1, 1, 2.86, 'general ward', 10, 350, 340, 340, 0, '2017-02-28 12:30:00', NULL, NULL, 0),
(442, '  MR-1502-1299', 8, 524, 9, 1, 0, 'dcs', 0, 4000, 4000, 4000, 0, '2017-02-28 12:39:00', NULL, NULL, 0),
(443, '  MR-1511-1304', 10, 11, 6, 1, 0, 'general ward', 0, 250, 250, 250, 0, '2017-02-28 12:48:00', NULL, NULL, 0),
(444, '', 10, 4, 6, 1, 0, 'general ward', 0, 840, 840, 840, 0, '2017-02-28 13:00:00', NULL, NULL, 0),
(445, '  MR-1511-1304', 8, 91, 4, 1, 0, 'general ward', 0, 300, 300, 300, 0, '2017-03-02 06:16:00', NULL, NULL, 0),
(446, '  MR-1502-1299', -1, 46, 1, 1, 0, '', 0, 300, 300, 300, 0, '2017-03-02 06:36:00', NULL, NULL, 0),
(447, '  MR-1511-1304', -1, 4, 1, 1, 0, '', 0, 840, 840, 840, 0, '2017-03-02 06:45:00', NULL, NULL, 0),
(448, '  MR-1611-1314', -1, 7, 4, 1, 0, '', 0, 660, 660, 660, 0, '2017-03-02 06:51:00', NULL, NULL, 0),
(449, '  MR-1511-1304', -1, 654, 1, 1, 0, '', 0, 300, 300, 300, 0, '2017-03-02 06:55:00', NULL, NULL, 0),
(450, '  MR-1702-1317', -1, 88, 4, 1, 0, '', 0, 300, 300, 300, 0, '2017-03-02 06:58:00', NULL, NULL, 0),
(451, '  MR-1511-1304', 7, 523, 9, 1, 0, 'no bed', 0, 2000, 2000, 2000, 0, '2017-03-02 07:03:00', NULL, NULL, 0),
(452, '  MR-1511-1304', -1, 88, 4, 1, 0, '', 0, 300, 300, 300, 0, '2017-03-02 07:14:00', NULL, NULL, 0),
(453, '  MR-1511-1304', -1, 521, 9, 1, 0, '', 0, 150, 150, 150, 0, '2017-03-02 07:17:00', NULL, NULL, 0),
(454, '  MR-1703-1349', 10, 522, 9, 1, 0, '', 0, 900, 900, 900, 0, '2017-03-02 07:27:00', NULL, NULL, 0),
(455, '  MR-1511-1304', 7, 23, 6, 1, 0, 'icu', 0, 1500, 1500, 1500, 0, '2017-03-02 08:09:00', NULL, NULL, 0),
(456, '  MR-1702-1317', 3, 523, 9, 1, 15, 'no room', 300, 2000, 1700, 1700, 0, '2017-03-02 08:11:00', NULL, NULL, 0),
(457, '  MR-1511-1304', 12, 521, 9, 1, 0, 'no room', 0, 150, 150, 150, 0, '2017-03-02 08:13:00', NULL, NULL, 0),
(458, '  MR-1703-1350', 8, 91, 4, 1, 0, 'general', 0, 300, 300, 300, 0, '2017-03-02 08:16:00', NULL, NULL, 0),
(459, '  MR-1703-1350', 8, 47, 1, 1, 0, 'no room', 0, 350, 350, 350, 0, '2017-03-02 08:45:00', NULL, NULL, 0),
(460, '  MR-1703-1350', 8, 47, 1, 1, 0, 'no ', 0, 350, 350, 350, 0, '2017-03-02 10:08:00', NULL, NULL, 0),
(461, '  MR-1703-1350', 10, 521, 9, 1, 0, '12', 0, 150, 150, 150, 0, '2017-03-02 10:12:00', NULL, NULL, 0),
(462, '  MR-1703-1350', 8, 46, 1, 1, 0, 'bg', 0, 300, 300, 300, 0, '2017-03-02 10:14:00', NULL, NULL, 1350),
(463, '  MR-1409-0035', 3, 48, 1, 1, 0, '156465', 0, 300, 300, 300, 0, '2017-03-02 10:16:00', NULL, NULL, 1350),
(464, '  MR-1703-1351', 4, 45, 1, 1, 0, '12', 0, 150, 150, 150, 0, '2017-03-02 10:43:00', NULL, NULL, 1351),
(465, '  MR-1702-1317', 11, 655, 1, 1, 0, '12', 0, 150, 150, 150, 0, '2017-03-14 08:56:00', NULL, NULL, 1352),
(466, '  MR-1511-1304', 11, 521, 9, 1, 0, '12', 0, 150, 150, 150, 0, '2017-03-14 10:54:00', NULL, NULL, 1352),
(467, '  MR-1511-1304', 5, 673, 9, 1, 0, '5', 0, 600, 600, 0, 600, '2017-04-17 08:02:00', NULL, NULL, 1355),
(468, '  MR-1702-1317', 5, 673, 9, 1, 0, '8', 0, 600, 600, 0, 600, '2017-04-17 08:44:00', NULL, NULL, 1355),
(469, '', 5, 654, 1, 1, 0, '', 0, 300, 300, 0, 300, '2017-04-17 12:40:00', NULL, NULL, 1355),
(470, '  MR-1412-0101', 5, 673, 9, 1, 0, '', 0, 600, 600, 0, 600, '2017-04-17 12:42:00', NULL, NULL, 1355),
(471, '', 5, 673, 9, 1, 0, '', 0, 600, 600, 0, 600, '2008-04-02 21:06:00', NULL, NULL, 1355),
(472, '', 5, 519, 9, 1, 0, '', 0, 3500, 3500, 0, 3500, '2008-04-02 21:06:00', NULL, NULL, 1355),
(473, '', 5, 673, 9, 1, 0, '', 0, 600, 600, 0, 600, '2008-04-02 21:06:00', NULL, NULL, 1355),
(474, '', 5, 4, 9, 1, 0, '', 0, 840, 840, 0, 840, '2008-04-02 21:08:00', NULL, NULL, 1355),
(475, '  MR-1412-0101', -1, 521, 9, 1, 0, '', 0, 150, 150, 0, 150, '2017-05-02 10:07:00', NULL, NULL, 1433),
(476, '  MR-1412-0101', 30, 535, 9, 1, 0, '', 0, 250, 250, 0, 250, '2017-05-02 12:24:00', NULL, NULL, 1456),
(477, '  MR-1412-0101', 30, 535, 9, 1, 0, '', 0, 250, 250, 0, 250, '2017-05-02 12:24:00', NULL, NULL, 1456),
(478, '  MR-1412-0101', 30, 535, 9, 1, 0, '', 0, 250, 250, 0, 250, '2017-05-02 12:24:00', NULL, NULL, 1456),
(479, '', 30, 0, 9, 1, 0, '', 0, 250, 250, 0, 250, '2017-05-02 12:25:00', NULL, NULL, 1456),
(480, '  MR-1412-0101', 5, 606, 6, 1, 0, '', 0, 80, 80, 0, 80, '2017-05-19 14:10:00', NULL, NULL, 1465),
(481, '  MR-1412-0101', 5, 606, 6, 1, 0, '', 0, 80, 80, 0, 80, '2017-05-19 14:10:00', NULL, NULL, 1465);

-- --------------------------------------------------------

--
-- Table structure for table `payment`
--

CREATE TABLE `payment` (
  `payment_id` int(11) NOT NULL,
  `payment_type` longtext COLLATE utf8_unicode_ci NOT NULL,
  `transaction_id` longtext COLLATE utf8_unicode_ci NOT NULL,
  `invoice_id` int(11) NOT NULL,
  `patient_id` int(11) NOT NULL,
  `method` longtext COLLATE utf8_unicode_ci NOT NULL,
  `description` longtext COLLATE utf8_unicode_ci NOT NULL,
  `amount` int(11) NOT NULL,
  `timestamp` int(11) NOT NULL
) ENGINE=MyISAM DEFAULT CHARSET=utf8 COLLATE=utf8_unicode_ci;

--
-- Dumping data for table `payment`
--

INSERT INTO `payment` (`payment_id`, `payment_type`, `transaction_id`, `invoice_id`, `patient_id`, `method`, `description`, `amount`, `timestamp`) VALUES
(1, '0', '453403', 0, 0, '0', '0', 0, 1398513313),
(2, '0', '105273', 0, 0, '0', '0', 0, 1398514700),
(3, '0', '113870', 0, 0, '0', '0', 0, 1398514801),
(4, '0', '563843', 0, 0, '0', '0', 0, 1398514985),
(5, '0', '811859', 0, 0, '0', '0', 0, 1398515033),
(6, '0', '710428', 0, 0, '0', '0', 0, 1398515089),
(7, '0', '699140', 0, 0, '0', '0', 0, 1398515112),
(8, '0', '860886', 0, 0, '0', '0', 0, 1398515220),
(9, '0', '139660', 0, 0, '0', '0', 0, 1398515241),
(10, '0', '205825', 0, 0, '0', '0', 0, 1398515273),
(11, '0', '203765', 0, 0, '0', '0', 0, 1398515331),
(12, '0', '246420', 0, 0, '0', '0', 0, 1398515383),
(13, '0', '719190', 0, 0, '0', '0', 0, 1398515390),
(14, '0', '972617', 0, 0, '0', '0', 0, 1399994374);

-- --------------------------------------------------------

--
-- Table structure for table `pharmacist`
--

CREATE TABLE `pharmacist` (
  `pharmacist_id` int(11) NOT NULL,
  `name` longtext CHARACTER SET utf8 COLLATE utf8_unicode_ci NOT NULL,
  `email` longtext CHARACTER SET utf8 COLLATE utf8_unicode_ci NOT NULL,
  `password` longtext CHARACTER SET utf8 COLLATE utf8_unicode_ci NOT NULL,
  `address` longtext CHARACTER SET utf8 COLLATE utf8_unicode_ci NOT NULL,
  `phone` longtext CHARACTER SET utf8 COLLATE utf8_unicode_ci NOT NULL
) ENGINE=MyISAM DEFAULT CHARSET=latin1;

--
-- Dumping data for table `pharmacist`
--

INSERT INTO `pharmacist` (`pharmacist_id`, `name`, `email`, `password`, `address`, `phone`) VALUES
(2, 'Shafatullah Kazmi', 'pharmacist@lifeline.com', 'pharmacist', '89 Twynam St, Narrandera NSW 2700', '(02) 6959 2724'),
(3, 'Absolom Abram ', 'absolom@gmail.com', 'pharmacist', '42 Furley Rd, Southern River WA 6110', '(08) 9256 2861');

-- --------------------------------------------------------

--
-- Table structure for table `prescription`
--

CREATE TABLE `prescription` (
  `prescription_id` int(11) NOT NULL,
  `creation_timestamp` int(11) NOT NULL,
  `doctor_id` int(11) NOT NULL,
  `patient_id` int(11) NOT NULL,
  `case_history` longtext COLLATE utf8_unicode_ci NOT NULL,
  `medication` longtext COLLATE utf8_unicode_ci NOT NULL,
  `medication_from_pharmacist` longtext COLLATE utf8_unicode_ci NOT NULL,
  `description` longtext COLLATE utf8_unicode_ci NOT NULL
) ENGINE=MyISAM DEFAULT CHARSET=utf8 COLLATE=utf8_unicode_ci;

--
-- Dumping data for table `prescription`
--

INSERT INTO `prescription` (`prescription_id`, `creation_timestamp`, `doctor_id`, `patient_id`, `case_history`, `medication`, `medication_from_pharmacist`, `description`) VALUES
(4, 1482476663, 3, 1312, 'abdomen pain', 'flagyl', 'flagyl', 'nothing taking rest'),
(5, 1487143393, 3, 1329, 'abdomen', 'abdomen', 'zentic 40mg', 'no idea whats going on in future');

-- --------------------------------------------------------

--
-- Table structure for table `reception`
--

CREATE TABLE `reception` (
  `reception_id` int(11) NOT NULL,
  `name` longtext CHARACTER SET utf8 COLLATE utf8_unicode_ci NOT NULL,
  `email` longtext CHARACTER SET utf8 COLLATE utf8_unicode_ci NOT NULL,
  `password` longtext CHARACTER SET utf8 COLLATE utf8_unicode_ci NOT NULL,
  `address` longtext CHARACTER SET utf8 COLLATE utf8_unicode_ci NOT NULL,
  `phone` longtext CHARACTER SET utf8 COLLATE utf8_unicode_ci NOT NULL
) ENGINE=MyISAM DEFAULT CHARSET=latin1;

--
-- Dumping data for table `reception`
--

INSERT INTO `reception` (`reception_id`, `name`, `email`, `password`, `address`, `phone`) VALUES
(11, 'Abdul Samad', 'Samad@rmcgo.com', 'abc123++', 'Flat # A-204 Block-1 Maria Apartment N.K', '03233308410'),
(5, 'Sheraz baig', 'sheraz@rmcgo.com', 'hasrat786', 'House # 26, Naimat Square Block # 7 Ayesha Manzil', '03453322321'),
(8, 'TestingUAT', 'demouser@incisivesoft.com', 'demopassword', 'North Karachi', '0314-8482468'),
(14, 'Muhammad Shakeel', 'shakeel@rmcgo.com', 'abc123++', 'Block 4-A Gulshan-e-Iqbal', '03452089416'),
(10, 'Yusra Wahaj', 'yusra@rmcgo.com', 'winxclub++', 'A-11 Block-4 Gulshan-e-Iqbal Karachi', '03432051124'),
(12, 'Faisal Shafi', 'faisal@rmcgo.com', 'faisal@rmcgo.com', 'Plot # ST-10 Block-13 FB.Area Gulburg Town', '03332340137'),
(13, 'Tehmina Shah', 'Tehmina@rmcgo.com', 'abc123++', 'D-606 Moon Garden Block 10-A Gulshan-e-Iqbal', '03452274707'),
(15, 'saleem', 'saleem@pevo.com', 'saleem', 'saleem', '64847363'),
(22, 'waqar ali', 'waqar.ali@rmcgo.com', 'P@KISTAN213', 'gulshan 13-d', '03432618641'),
(23, 'waqar ali', 'admin', 'demo@dmin', 'gulshan 13-d', '03432618641');

-- --------------------------------------------------------

--
-- Table structure for table `refunds`
--

CREATE TABLE `refunds` (
  `id` int(10) UNSIGNED NOT NULL,
  `refund` int(11) DEFAULT NULL,
  `patient_reg_no` varchar(20) DEFAULT NULL,
  `datetime` datetime DEFAULT NULL
) ENGINE=InnoDB DEFAULT CHARSET=latin1;

--
-- Dumping data for table `refunds`
--

INSERT INTO `refunds` (`id`, `refund`, `patient_reg_no`, `datetime`) VALUES
(5, 43320, 'MR-1411-1184', '2014-11-28 00:00:00'),
(6, 7000, 'MR-1411-1293', '2014-11-29 00:00:00'),
(7, 50, 'MR-1412-0101', '2014-12-18 00:00:00');

-- --------------------------------------------------------

--
-- Table structure for table `report`
--

CREATE TABLE `report` (
  `report_id` int(11) NOT NULL,
  `type` longtext COLLATE utf8_unicode_ci NOT NULL COMMENT 'operation,birth,death',
  `description` longtext COLLATE utf8_unicode_ci NOT NULL,
  `timestamp` int(11) NOT NULL,
  `doctor_id` int(11) NOT NULL,
  `patient_id` int(11) NOT NULL
) ENGINE=MyISAM DEFAULT CHARSET=utf8 COLLATE=utf8_unicode_ci;

--
-- Dumping data for table `report`
--

INSERT INTO `report` (`report_id`, `type`, `description`, `timestamp`, `doctor_id`, `patient_id`) VALUES
(3, 'birth', 'pregnancy problem', 1395216016, 0, 0),
(4, 'operation', 'pelvic problem', 1395216087, 0, 0),
(5, 'death', 'brain tumor', 1395216129, 0, 0),
(7, 'operation', 'karachi', 1482474550, 0, 0),
(8, 'operation', 'abdomen', 1482474620, 0, 0),
(9, 'death', 'margaya', 1487143121, 0, 0),
(10, 'operation', 'no discription', 1489559587, 0, 0);

-- --------------------------------------------------------

--
-- Table structure for table `room`
--

CREATE TABLE `room` (
  `room_id` int(11) NOT NULL,
  `room_name` varchar(50) DEFAULT NULL
) ENGINE=MyISAM DEFAULT CHARSET=utf8;

--
-- Dumping data for table `room`
--

INSERT INTO `room` (`room_id`, `room_name`) VALUES
(1, 'GW. Female'),
(2, 'N.I.C.U'),
(3, 'GW. Male'),
(4, 'ICU'),
(6, 'PVT'),
(7, 'S.P- 1'),
(8, 'S.P- 2'),
(12, 'S.P- 3'),
(13, 'S.P- 4'),
(21, 'Semi Private'),
(15, '2'),
(16, '3'),
(17, '4'),
(18, '5'),
(19, '6'),
(20, '7'),
(25, '1'),
(26, 'ER'),
(29, '0');

-- --------------------------------------------------------

--
-- Table structure for table `room_charges`
--

CREATE TABLE `room_charges` (
  `charge_id` int(6) NOT NULL,
  `room_type` varchar(50) DEFAULT NULL,
  `charges` float DEFAULT NULL
) ENGINE=MyISAM DEFAULT CHARSET=latin1;

--
-- Dumping data for table `room_charges`
--

INSERT INTO `room_charges` (`charge_id`, `room_type`, `charges`) VALUES
(1, 'Private', 5000),
(2, 'Semi Private # 1', 3000),
(3, 'Semi Private # 2', 3000),
(4, 'Semi Private # 3', 2000),
(6, 'Semi Private # 4', 2000);

-- --------------------------------------------------------

--
-- Table structure for table `room_charges1`
--

CREATE TABLE `room_charges1` (
  `charge_id` int(6) NOT NULL,
  `room_type` varchar(50) DEFAULT NULL,
  `charges` float DEFAULT NULL
) ENGINE=MyISAM DEFAULT CHARSET=latin1;

--
-- Dumping data for table `room_charges1`
--

INSERT INTO `room_charges1` (`charge_id`, `room_type`, `charges`) VALUES
(1, 'Deluxe Room', 3400),
(2, 'Private Room', 2600),
(3, 'Semi Private Room', 1600),
(4, 'AC Ward Room', 1100);

-- --------------------------------------------------------

--
-- Table structure for table `schedule`
--

CREATE TABLE `schedule` (
  `timing_id` int(11) NOT NULL,
  `days` longtext,
  `doctor_id` int(11) DEFAULT NULL,
  `1_open_time` longtext,
  `1_close_time` longtext
) ENGINE=MyISAM DEFAULT CHARSET=utf8;

--
-- Dumping data for table `schedule`
--

INSERT INTO `schedule` (`timing_id`, `days`, `doctor_id`, `1_open_time`, `1_close_time`) VALUES
(4, 'wednesday', 4, '-1', '-1'),
(5, 'monday', 5, '09:00', '11:00'),
(10, 'saturday', 8, '03:30', '05:30'),
(11, 'monday', 12, '15:00', '23:00'),
(12, 'tuesday', 5, '05:00', '06:30'),
(13, 'monday', 30, '00:00', '02:30'),
(14, 'tuesday', 30, '00:00', '02:30');

-- --------------------------------------------------------

--
-- Table structure for table `service`
--

CREATE TABLE `service` (
  `service_id` int(11) NOT NULL,
  `service_name` varchar(100) DEFAULT NULL,
  `maincategory` varchar(100) DEFAULT NULL,
  `totalamount` double DEFAULT NULL,
  `share` double DEFAULT NULL
) ENGINE=MyISAM DEFAULT CHARSET=utf8;

--
-- Dumping data for table `service`
--

INSERT INTO `service` (`service_id`, `service_name`, `maincategory`, `totalamount`, `share`) VALUES
(1, 'TB TEST', 'LABORATORY', 500, 35),
(4, '24 HOURS URINARY CALCIUM', 'LABORATORY', 800, 10),
(3, '24 HOURS URINARY CREATININE', 'EEG', 10000, 20),
(5, '24 HOURS URINARY PHOSPHORUS', 'ECHOCARDIOGRAPHY', 1500, 12);

-- --------------------------------------------------------

--
-- Table structure for table `settings`
--

CREATE TABLE `settings` (
  `settings_id` int(11) NOT NULL,
  `type` longtext CHARACTER SET utf8 COLLATE utf8_unicode_ci NOT NULL,
  `description` longtext CHARACTER SET utf8 COLLATE utf8_unicode_ci NOT NULL
) ENGINE=MyISAM DEFAULT CHARSET=latin1;

--
-- Dumping data for table `settings`
--

INSERT INTO `settings` (`settings_id`, `type`, `description`) VALUES
(1, 'system_name', ''),
(7, 'system_email', ''),
(2, 'system_title', ''),
(3, 'address', ''),
(4, 'phone', ''),
(5, 'paypal_email', ''),
(6, 'currency', '');

-- --------------------------------------------------------

--
-- Table structure for table `speciality`
--

CREATE TABLE `speciality` (
  `speciality_id` int(11) NOT NULL,
  `speciality_name` varchar(80) DEFAULT NULL,
  `sub_speciality` varchar(80) DEFAULT NULL
) ENGINE=MyISAM DEFAULT CHARSET=utf8;

--
-- Dumping data for table `speciality`
--

INSERT INTO `speciality` (`speciality_id`, `speciality_name`, `sub_speciality`) VALUES
(1, 'IVF Consultancy', 'Fertility'),
(3, 'Cardiology', 'Heart Surgery'),
(4, 'Neuro Medicine', NULL),
(6, 'Dermatology', ''),
(7, 'General Surgery', NULL),
(8, 'ENT Surgery', NULL),
(9, 'Orthopedic Surgery', NULL),
(10, 'Rheumatology', NULL),
(11, 'Medicine ', 'Chest Specialist  & Gastroenterology'),
(12, 'Surgeon Head', 'Insicion '),
(13, 'Gynocologist', 'Gynocologist'),
(14, 'Orthopedic', 'Orthopedic'),
(17, 'General Physician', 'General Physician'),
(16, 'Pediatrician', 'Pediatrician'),
(18, 'Medical Specialist', 'Medical Specialist'),
(19, 'General Surgeon', 'General Surgeon'),
(20, 'Ultrasound', 'Sonologest'),
(21, 'Dental & Maxillofacial', 'Dental & Maxillofacial');

-- --------------------------------------------------------

--
-- Table structure for table `surgery`
--

CREATE TABLE `surgery` (
  `type_id` int(11) NOT NULL,
  `type` varchar(60) DEFAULT NULL,
  `category_id` int(11) DEFAULT NULL,
  `surgery_id` int(11) DEFAULT NULL
) ENGINE=MyISAM DEFAULT CHARSET=latin1;

--
-- Dumping data for table `surgery`
--

INSERT INTO `surgery` (`type_id`, `type`, `category_id`, `surgery_id`) VALUES
(2, 'D & E', 1, 1),
(3, 'C CIRCLAGE', 1, 1),
(4, 'TUBAL LIGATION (TL)', 1, 1),
(5, 'ANY PROCEDURE UNDER LOCAL ANESTHESIA', 1, 1),
(6, 'CASES UNDER LOCAL ANESTHESIA', 2, 1),
(7, 'CIRCUMCISION UNDER G/A', 2, 1),
(8, 'CASES UNDER LOCAL ANESTHESIA', 3, 1),
(9, 'FOREIGN BODY REMOVAL', 3, 1),
(10, 'EXAMINATION UNDER ANESTHESIA (EUA)', 3, 1),
(11, 'CASES UNDER LOCAL ANESTHESIA', 4, 1),
(12, 'FOREIGN BODY REMOVAL', 4, 1),
(13, 'HEMATOMA DRAINAGE UNDER GA', 1, 2),
(14, 'REMOVAL OF RETAINED PLACENTA UNDER GA', 1, 2),
(15, 'HERNIA', 2, 2),
(16, 'HYDROCOELE', 2, 2),
(17, 'HEMORRHOIDS', 2, 2),
(18, 'FISTULA/FISSURE IN ANO', 2, 2),
(19, 'PILO-NIDAL SINUS', 2, 2),
(20, 'EXAMINATION UNDER ANESTHESIA (E U A)', 2, 2),
(21, 'BREAST LUMP REMOVAL (LUMPECTOMY)', 2, 2),
(22, 'APPENDICECTOMY', 2, 2),
(23, 'CYSTOSCOPY', 2, 2),
(24, 'MANIPULATION UNDER ANESTHESIA (MUA)', 3, 2),
(25, 'OPEN REDUCTION - SIMPLE FRACTURES', 3, 2),
(26, 'TONSILLECTOMY', 4, 2),
(27, 'SEPTOPLASTY', 4, 2),
(28, 'HYSTERECTOMY', 1, 3),
(29, 'LAPAROTOMY', 1, 3),
(30, 'LSCS', 1, 3),
(31, 'CHOLECYSTECTOMY', 2, 3),
(32, 'NEPHRECTOMY', 2, 3),
(33, 'TURP', 2, 3),
(34, 'PYELOLITHOTOMY', 2, 3),
(35, 'NEPHROLITHOTOMY', 2, 3),
(36, 'RADICAL MASTECTOMY', 2, 3),
(37, 'LAPAROTOMY', 2, 3),
(38, 'OPEN REDUCTION', 3, 3),
(39, 'COMPOUND FRACTURES', 3, 3),
(40, 'MASTOIDECTOMY', 4, 3),
(41, 'TYMPANOPLASTY', 4, 3),
(1, 'D & C', 1, 1);

-- --------------------------------------------------------

--
-- Table structure for table `surgery_copy`
--

CREATE TABLE `surgery_copy` (
  `type_id` int(11) NOT NULL,
  `type` varchar(60) DEFAULT NULL,
  `category_id` int(11) DEFAULT NULL,
  `surgery_id` int(11) DEFAULT NULL
) ENGINE=MyISAM DEFAULT CHARSET=latin1;

--
-- Dumping data for table `surgery_copy`
--

INSERT INTO `surgery_copy` (`type_id`, `type`, `category_id`, `surgery_id`) VALUES
(2, 'D & E', 1, 1),
(3, 'C CIRCLAGE', 1, 1),
(4, 'TUBAL LIGATION (TL)', 1, 1),
(5, 'ANY PROCEDURE UNDER LOCAL ANESTHESIA', 1, 1),
(6, 'CASES UNDER LOCAL ANESTHESIA', 2, 1),
(7, 'CIRCUMCISION UNDER G/A', 2, 1),
(8, 'CASES UNDER LOCAL ANESTHESIA', 3, 1),
(9, 'FOREIGN BODY REMOVAL', 3, 1),
(10, 'EXAMINATION UNDER ANESTHESIA (EUA)', 3, 1),
(11, 'CASES UNDER LOCAL ANESTHESIA', 4, 1),
(12, 'FOREIGN BODY REMOVAL', 4, 1),
(13, 'HEMATOMA DRAINAGE UNDER GA', 5, 2),
(14, 'REMOVAL OF RETAINED PLACENTA UNDER GA', 5, 2),
(15, 'HERNIA', 6, 2),
(16, 'HYDROCOELE', 6, 2),
(17, 'HEMORRHOIDS', 6, 2),
(18, 'FISTULA/FISSURE IN ANO', 6, 2),
(19, 'PILO-NIDAL SINUS', 6, 2),
(20, 'EXAMINATION UNDER ANESTHESIA (E U A)', 6, 2),
(21, 'BREAST LUMP REMOVAL (LUMPECTOMY)', 6, 2),
(22, 'APPENDICECTOMY', 6, 2),
(23, 'CYSTOSCOPY', 6, 2),
(24, 'MANIPULATION UNDER ANESTHESIA (MUA)', 7, 2),
(25, 'OPEN REDUCTION - SIMPLE FRACTURES', 7, 2),
(26, 'TONSILLECTOMY', 8, 2),
(27, 'SEPTOPLASTY', 8, 2),
(28, 'HYSTERECTOMY', 9, 3),
(29, 'LAPAROTOMY', 9, 3),
(30, 'LSCS', 9, 3),
(31, 'CHOLECYSTECTOMY', 10, 3),
(32, 'NEPHRECTOMY', 10, 3),
(33, 'TURP', 10, 3),
(34, 'PYELOLITHOTOMY', 10, 3),
(35, 'NEPHROLITHOTOMY', 10, 3),
(36, 'RADICAL MASTECTOMY', 10, 3),
(37, 'LAPAROTOMY', 10, 3),
(38, 'OPEN REDUCTION', 11, 3),
(39, 'COMPOUND FRACTURES', 11, 3),
(40, 'MASTOIDECTOMY', 12, 3),
(41, 'TYMPANOPLASTY', 12, 3);

-- --------------------------------------------------------

--
-- Table structure for table `surgery_type`
--

CREATE TABLE `surgery_type` (
  `surgery_id` int(6) NOT NULL,
  `desc` varchar(20) DEFAULT NULL
) ENGINE=MyISAM DEFAULT CHARSET=latin1;

--
-- Dumping data for table `surgery_type`
--

INSERT INTO `surgery_type` (`surgery_id`, `desc`) VALUES
(1, 'Minor Surgery Types'),
(2, 'Medium Surgery Types'),
(3, 'Major Surgery Types');

-- --------------------------------------------------------

--
-- Table structure for table `zakaat`
--

CREATE TABLE `zakaat` (
  `id` int(10) UNSIGNED NOT NULL,
  `zakaat` int(11) DEFAULT NULL,
  `patient_reg_no` varchar(20) DEFAULT NULL,
  `datetime` datetime DEFAULT NULL
) ENGINE=InnoDB DEFAULT CHARSET=latin1;

--
-- Dumping data for table `zakaat`
--

INSERT INTO `zakaat` (`id`, `zakaat`, `patient_reg_no`, `datetime`) VALUES
(3, 400, 'MR-1411-1293', '2014-11-29 00:00:00'),
(4, 1000, 'MR-1409-0035', '2015-09-30 00:00:00'),
(5, 5000, 'MR-1502-1299', '2000-03-02 00:00:00');

--
-- Indexes for dumped tables
--

--
-- Indexes for table `accountant`
--
ALTER TABLE `accountant`
  ADD PRIMARY KEY (`accountant_id`);

--
-- Indexes for table `add_advappointment`
--
ALTER TABLE `add_advappointment`
  ADD PRIMARY KEY (`invoice_id`);

--
-- Indexes for table `admin`
--
ALTER TABLE `admin`
  ADD PRIMARY KEY (`admin_id`);

--
-- Indexes for table `advappointment`
--
ALTER TABLE `advappointment`
  ADD PRIMARY KEY (`app_id`);

--
-- Indexes for table `amount`
--
ALTER TABLE `amount`
  ADD PRIMARY KEY (`rate_id`);

--
-- Indexes for table `appointment`
--
ALTER TABLE `appointment`
  ADD PRIMARY KEY (`appointment_id`);

--
-- Indexes for table `approved_discount`
--
ALTER TABLE `approved_discount`
  ADD PRIMARY KEY (`id`);

--
-- Indexes for table `area`
--
ALTER TABLE `area`
  ADD PRIMARY KEY (`area_id`);

--
-- Indexes for table `assignedroom`
--
ALTER TABLE `assignedroom`
  ADD PRIMARY KEY (`assignedroom_id`);

--
-- Indexes for table `bed`
--
ALTER TABLE `bed`
  ADD PRIMARY KEY (`bed_id`);

--
-- Indexes for table `bed_allotment`
--
ALTER TABLE `bed_allotment`
  ADD PRIMARY KEY (`bed_allotment_id`);

--
-- Indexes for table `biochemistry_work`
--
ALTER TABLE `biochemistry_work`
  ADD PRIMARY KEY (`id`);

--
-- Indexes for table `blood_bank`
--
ALTER TABLE `blood_bank`
  ADD PRIMARY KEY (`blood_group_id`);

--
-- Indexes for table `blood_donor`
--
ALTER TABLE `blood_donor`
  ADD PRIMARY KEY (`blood_donor_id`);

--
-- Indexes for table `booked`
--
ALTER TABLE `booked`
  ADD PRIMARY KEY (`booked_id`);

--
-- Indexes for table `category`
--
ALTER TABLE `category`
  ADD PRIMARY KEY (`category_id`);

--
-- Indexes for table `complain`
--
ALTER TABLE `complain`
  ADD PRIMARY KEY (`id`);

--
-- Indexes for table `complain_management`
--
ALTER TABLE `complain_management`
  ADD PRIMARY KEY (`comp_manag_id`);

--
-- Indexes for table `complain_type`
--
ALTER TABLE `complain_type`
  ADD PRIMARY KEY (`comp_type_id`);

--
-- Indexes for table `department`
--
ALTER TABLE `department`
  ADD PRIMARY KEY (`department_id`);

--
-- Indexes for table `diagnosis_report`
--
ALTER TABLE `diagnosis_report`
  ADD PRIMARY KEY (`diagnosis_report_id`);

--
-- Indexes for table `diagnosticservice`
--
ALTER TABLE `diagnosticservice`
  ADD PRIMARY KEY (`diagnosticservice_id`);

--
-- Indexes for table `diagnostictype`
--
ALTER TABLE `diagnostictype`
  ADD PRIMARY KEY (`diagnostictype_id`);

--
-- Indexes for table `discounts`
--
ALTER TABLE `discounts`
  ADD PRIMARY KEY (`id`);

--
-- Indexes for table `doctor`
--
ALTER TABLE `doctor`
  ADD PRIMARY KEY (`doctor_id`);

--
-- Indexes for table `email_template`
--
ALTER TABLE `email_template`
  ADD PRIMARY KEY (`email_template_id`);

--
-- Indexes for table `employee`
--
ALTER TABLE `employee`
  ADD PRIMARY KEY (`employee_id`);

--
-- Indexes for table `expense_voucher`
--
ALTER TABLE `expense_voucher`
  ADD PRIMARY KEY (`id`);

--
-- Indexes for table `floor`
--
ALTER TABLE `floor`
  ADD PRIMARY KEY (`floor_id`);

--
-- Indexes for table `general_complain`
--
ALTER TABLE `general_complain`
  ADD PRIMARY KEY (`general_comp_id`);

--
-- Indexes for table `hematology_1_work`
--
ALTER TABLE `hematology_1_work`
  ADD PRIMARY KEY (`id`);

--
-- Indexes for table `hematology_work`
--
ALTER TABLE `hematology_work`
  ADD PRIMARY KEY (`id`);

--
-- Indexes for table `immunology_work`
--
ALTER TABLE `immunology_work`
  ADD PRIMARY KEY (`id`);

--
-- Indexes for table `invoice`
--
ALTER TABLE `invoice`
  ADD PRIMARY KEY (`invoice_id`);

--
-- Indexes for table `invoice_service_mapping`
--
ALTER TABLE `invoice_service_mapping`
  ADD PRIMARY KEY (`id`);

--
-- Indexes for table `laboratorist`
--
ALTER TABLE `laboratorist`
  ADD PRIMARY KEY (`laboratorist_id`);

--
-- Indexes for table `language`
--
ALTER TABLE `language`
  ADD PRIMARY KEY (`phrase_id`);

--
-- Indexes for table `log`
--
ALTER TABLE `log`
  ADD PRIMARY KEY (`log_id`);

--
-- Indexes for table `manage_shift_closed`
--
ALTER TABLE `manage_shift_closed`
  ADD PRIMARY KEY (`Sh_id`);

--
-- Indexes for table `medicine`
--
ALTER TABLE `medicine`
  ADD PRIMARY KEY (`medicine_id`);

--
-- Indexes for table `medicine_category`
--
ALTER TABLE `medicine_category`
  ADD PRIMARY KEY (`medicine_category_id`);

--
-- Indexes for table `message`
--
ALTER TABLE `message`
  ADD PRIMARY KEY (`message_id`);

--
-- Indexes for table `my_advance_appointment`
--
ALTER TABLE `my_advance_appointment`
  ADD PRIMARY KEY (`invoice_id`);

--
-- Indexes for table `noticeboard`
--
ALTER TABLE `noticeboard`
  ADD PRIMARY KEY (`notice_id`);

--
-- Indexes for table `nurse`
--
ALTER TABLE `nurse`
  ADD PRIMARY KEY (`nurse_id`);

--
-- Indexes for table `ot`
--
ALTER TABLE `ot`
  ADD PRIMARY KEY (`ot_id`);

--
-- Indexes for table `ot_details`
--
ALTER TABLE `ot_details`
  ADD PRIMARY KEY (`id`);

--
-- Indexes for table `parcytology_work`
--
ALTER TABLE `parcytology_work`
  ADD PRIMARY KEY (`id`);

--
-- Indexes for table `patient`
--
ALTER TABLE `patient`
  ADD PRIMARY KEY (`patient_id`);

--
-- Indexes for table `patient_bed_mapping`
--
ALTER TABLE `patient_bed_mapping`
  ADD PRIMARY KEY (`bed_mapping_id`);

--
-- Indexes for table `patient_services`
--
ALTER TABLE `patient_services`
  ADD PRIMARY KEY (`id`);

--
-- Indexes for table `payment`
--
ALTER TABLE `payment`
  ADD PRIMARY KEY (`payment_id`);

--
-- Indexes for table `pharmacist`
--
ALTER TABLE `pharmacist`
  ADD PRIMARY KEY (`pharmacist_id`);

--
-- Indexes for table `prescription`
--
ALTER TABLE `prescription`
  ADD PRIMARY KEY (`prescription_id`);

--
-- Indexes for table `reception`
--
ALTER TABLE `reception`
  ADD PRIMARY KEY (`reception_id`);

--
-- Indexes for table `refunds`
--
ALTER TABLE `refunds`
  ADD PRIMARY KEY (`id`);

--
-- Indexes for table `report`
--
ALTER TABLE `report`
  ADD PRIMARY KEY (`report_id`);

--
-- Indexes for table `room`
--
ALTER TABLE `room`
  ADD PRIMARY KEY (`room_id`);

--
-- Indexes for table `room_charges`
--
ALTER TABLE `room_charges`
  ADD PRIMARY KEY (`charge_id`);

--
-- Indexes for table `room_charges1`
--
ALTER TABLE `room_charges1`
  ADD PRIMARY KEY (`charge_id`);

--
-- Indexes for table `schedule`
--
ALTER TABLE `schedule`
  ADD PRIMARY KEY (`timing_id`);

--
-- Indexes for table `service`
--
ALTER TABLE `service`
  ADD PRIMARY KEY (`service_id`);

--
-- Indexes for table `settings`
--
ALTER TABLE `settings`
  ADD PRIMARY KEY (`settings_id`);

--
-- Indexes for table `speciality`
--
ALTER TABLE `speciality`
  ADD PRIMARY KEY (`speciality_id`);

--
-- Indexes for table `surgery`
--
ALTER TABLE `surgery`
  ADD PRIMARY KEY (`type_id`);

--
-- Indexes for table `surgery_copy`
--
ALTER TABLE `surgery_copy`
  ADD PRIMARY KEY (`type_id`);

--
-- Indexes for table `surgery_type`
--
ALTER TABLE `surgery_type`
  ADD PRIMARY KEY (`surgery_id`);

--
-- Indexes for table `zakaat`
--
ALTER TABLE `zakaat`
  ADD PRIMARY KEY (`id`);

--
-- AUTO_INCREMENT for dumped tables
--

--
-- AUTO_INCREMENT for table `accountant`
--
ALTER TABLE `accountant`
  MODIFY `accountant_id` int(11) NOT NULL AUTO_INCREMENT, AUTO_INCREMENT=4;
--
-- AUTO_INCREMENT for table `add_advappointment`
--
ALTER TABLE `add_advappointment`
  MODIFY `invoice_id` int(11) NOT NULL AUTO_INCREMENT, AUTO_INCREMENT=2128;
--
-- AUTO_INCREMENT for table `admin`
--
ALTER TABLE `admin`
  MODIFY `admin_id` int(11) NOT NULL AUTO_INCREMENT, AUTO_INCREMENT=2;
--
-- AUTO_INCREMENT for table `advappointment`
--
ALTER TABLE `advappointment`
  MODIFY `app_id` int(11) NOT NULL AUTO_INCREMENT, AUTO_INCREMENT=60;
--
-- AUTO_INCREMENT for table `amount`
--
ALTER TABLE `amount`
  MODIFY `rate_id` int(11) NOT NULL AUTO_INCREMENT, AUTO_INCREMENT=25;
--
-- AUTO_INCREMENT for table `appointment`
--
ALTER TABLE `appointment`
  MODIFY `appointment_id` int(11) NOT NULL AUTO_INCREMENT, AUTO_INCREMENT=7;
--
-- AUTO_INCREMENT for table `approved_discount`
--
ALTER TABLE `approved_discount`
  MODIFY `id` int(4) UNSIGNED NOT NULL AUTO_INCREMENT;
--
-- AUTO_INCREMENT for table `area`
--
ALTER TABLE `area`
  MODIFY `area_id` int(4) NOT NULL AUTO_INCREMENT, AUTO_INCREMENT=14;
--
-- AUTO_INCREMENT for table `assignedroom`
--
ALTER TABLE `assignedroom`
  MODIFY `assignedroom_id` int(11) NOT NULL AUTO_INCREMENT, AUTO_INCREMENT=12;
--
-- AUTO_INCREMENT for table `bed`
--
ALTER TABLE `bed`
  MODIFY `bed_id` int(11) NOT NULL AUTO_INCREMENT, AUTO_INCREMENT=60;
--
-- AUTO_INCREMENT for table `bed_allotment`
--
ALTER TABLE `bed_allotment`
  MODIFY `bed_allotment_id` int(11) NOT NULL AUTO_INCREMENT, AUTO_INCREMENT=60;
--
-- AUTO_INCREMENT for table `biochemistry_work`
--
ALTER TABLE `biochemistry_work`
  MODIFY `id` int(11) NOT NULL AUTO_INCREMENT, AUTO_INCREMENT=13;
--
-- AUTO_INCREMENT for table `blood_bank`
--
ALTER TABLE `blood_bank`
  MODIFY `blood_group_id` int(11) NOT NULL AUTO_INCREMENT, AUTO_INCREMENT=9;
--
-- AUTO_INCREMENT for table `blood_donor`
--
ALTER TABLE `blood_donor`
  MODIFY `blood_donor_id` int(11) NOT NULL AUTO_INCREMENT, AUTO_INCREMENT=5;
--
-- AUTO_INCREMENT for table `booked`
--
ALTER TABLE `booked`
  MODIFY `booked_id` int(11) NOT NULL AUTO_INCREMENT, AUTO_INCREMENT=5;
--
-- AUTO_INCREMENT for table `category`
--
ALTER TABLE `category`
  MODIFY `category_id` int(11) NOT NULL AUTO_INCREMENT, AUTO_INCREMENT=13;
--
-- AUTO_INCREMENT for table `complain`
--
ALTER TABLE `complain`
  MODIFY `id` int(4) UNSIGNED NOT NULL AUTO_INCREMENT, AUTO_INCREMENT=14;
--
-- AUTO_INCREMENT for table `complain_management`
--
ALTER TABLE `complain_management`
  MODIFY `comp_manag_id` int(4) NOT NULL AUTO_INCREMENT, AUTO_INCREMENT=4;
--
-- AUTO_INCREMENT for table `complain_type`
--
ALTER TABLE `complain_type`
  MODIFY `comp_type_id` int(4) NOT NULL AUTO_INCREMENT, AUTO_INCREMENT=6;
--
-- AUTO_INCREMENT for table `department`
--
ALTER TABLE `department`
  MODIFY `department_id` int(11) NOT NULL AUTO_INCREMENT, AUTO_INCREMENT=20;
--
-- AUTO_INCREMENT for table `diagnosis_report`
--
ALTER TABLE `diagnosis_report`
  MODIFY `diagnosis_report_id` int(11) NOT NULL AUTO_INCREMENT, AUTO_INCREMENT=9;
--
-- AUTO_INCREMENT for table `diagnosticservice`
--
ALTER TABLE `diagnosticservice`
  MODIFY `diagnosticservice_id` int(11) NOT NULL AUTO_INCREMENT, AUTO_INCREMENT=676;
--
-- AUTO_INCREMENT for table `diagnostictype`
--
ALTER TABLE `diagnostictype`
  MODIFY `diagnostictype_id` int(11) NOT NULL AUTO_INCREMENT, AUTO_INCREMENT=13;
--
-- AUTO_INCREMENT for table `discounts`
--
ALTER TABLE `discounts`
  MODIFY `id` int(10) UNSIGNED NOT NULL AUTO_INCREMENT, AUTO_INCREMENT=18;
--
-- AUTO_INCREMENT for table `doctor`
--
ALTER TABLE `doctor`
  MODIFY `doctor_id` int(11) NOT NULL AUTO_INCREMENT, AUTO_INCREMENT=31;
--
-- AUTO_INCREMENT for table `email_template`
--
ALTER TABLE `email_template`
  MODIFY `email_template_id` int(11) NOT NULL AUTO_INCREMENT;
--
-- AUTO_INCREMENT for table `employee`
--
ALTER TABLE `employee`
  MODIFY `employee_id` int(7) NOT NULL AUTO_INCREMENT, AUTO_INCREMENT=64;
--
-- AUTO_INCREMENT for table `expense_voucher`
--
ALTER TABLE `expense_voucher`
  MODIFY `id` int(11) NOT NULL AUTO_INCREMENT, AUTO_INCREMENT=60;
--
-- AUTO_INCREMENT for table `floor`
--
ALTER TABLE `floor`
  MODIFY `floor_id` int(11) NOT NULL AUTO_INCREMENT, AUTO_INCREMENT=23;
--
-- AUTO_INCREMENT for table `general_complain`
--
ALTER TABLE `general_complain`
  MODIFY `general_comp_id` int(7) NOT NULL AUTO_INCREMENT;
--
-- AUTO_INCREMENT for table `hematology_1_work`
--
ALTER TABLE `hematology_1_work`
  MODIFY `id` int(10) NOT NULL AUTO_INCREMENT, AUTO_INCREMENT=19;
--
-- AUTO_INCREMENT for table `hematology_work`
--
ALTER TABLE `hematology_work`
  MODIFY `id` int(10) NOT NULL AUTO_INCREMENT, AUTO_INCREMENT=18;
--
-- AUTO_INCREMENT for table `immunology_work`
--
ALTER TABLE `immunology_work`
  MODIFY `id` int(11) NOT NULL AUTO_INCREMENT, AUTO_INCREMENT=10;
--
-- AUTO_INCREMENT for table `invoice`
--
ALTER TABLE `invoice`
  MODIFY `invoice_id` int(11) NOT NULL AUTO_INCREMENT, AUTO_INCREMENT=2135;
--
-- AUTO_INCREMENT for table `invoice_service_mapping`
--
ALTER TABLE `invoice_service_mapping`
  MODIFY `id` int(10) UNSIGNED NOT NULL AUTO_INCREMENT, AUTO_INCREMENT=44;
--
-- AUTO_INCREMENT for table `laboratorist`
--
ALTER TABLE `laboratorist`
  MODIFY `laboratorist_id` int(11) NOT NULL AUTO_INCREMENT, AUTO_INCREMENT=8;
--
-- AUTO_INCREMENT for table `language`
--
ALTER TABLE `language`
  MODIFY `phrase_id` int(11) NOT NULL AUTO_INCREMENT, AUTO_INCREMENT=234;
--
-- AUTO_INCREMENT for table `log`
--
ALTER TABLE `log`
  MODIFY `log_id` int(11) NOT NULL AUTO_INCREMENT;
--
-- AUTO_INCREMENT for table `manage_shift_closed`
--
ALTER TABLE `manage_shift_closed`
  MODIFY `Sh_id` int(11) NOT NULL AUTO_INCREMENT, AUTO_INCREMENT=119;
--
-- AUTO_INCREMENT for table `medicine`
--
ALTER TABLE `medicine`
  MODIFY `medicine_id` int(11) NOT NULL AUTO_INCREMENT;
--
-- AUTO_INCREMENT for table `medicine_category`
--
ALTER TABLE `medicine_category`
  MODIFY `medicine_category_id` int(11) NOT NULL AUTO_INCREMENT;
--
-- AUTO_INCREMENT for table `my_advance_appointment`
--
ALTER TABLE `my_advance_appointment`
  MODIFY `invoice_id` int(11) NOT NULL AUTO_INCREMENT, AUTO_INCREMENT=16;
--
-- AUTO_INCREMENT for table `noticeboard`
--
ALTER TABLE `noticeboard`
  MODIFY `notice_id` int(11) NOT NULL AUTO_INCREMENT, AUTO_INCREMENT=7;
--
-- AUTO_INCREMENT for table `nurse`
--
ALTER TABLE `nurse`
  MODIFY `nurse_id` int(11) NOT NULL AUTO_INCREMENT, AUTO_INCREMENT=8;
--
-- AUTO_INCREMENT for table `ot`
--
ALTER TABLE `ot`
  MODIFY `ot_id` int(11) NOT NULL AUTO_INCREMENT, AUTO_INCREMENT=7;
--
-- AUTO_INCREMENT for table `ot_details`
--
ALTER TABLE `ot_details`
  MODIFY `id` int(4) UNSIGNED NOT NULL AUTO_INCREMENT, AUTO_INCREMENT=27;
--
-- AUTO_INCREMENT for table `parcytology_work`
--
ALTER TABLE `parcytology_work`
  MODIFY `id` int(11) NOT NULL AUTO_INCREMENT, AUTO_INCREMENT=19;
--
-- AUTO_INCREMENT for table `patient`
--
ALTER TABLE `patient`
  MODIFY `patient_id` int(11) NOT NULL AUTO_INCREMENT, AUTO_INCREMENT=1473;
--
-- AUTO_INCREMENT for table `patient_bed_mapping`
--
ALTER TABLE `patient_bed_mapping`
  MODIFY `bed_mapping_id` int(11) UNSIGNED NOT NULL AUTO_INCREMENT, AUTO_INCREMENT=90;
--
-- AUTO_INCREMENT for table `patient_services`
--
ALTER TABLE `patient_services`
  MODIFY `id` int(10) UNSIGNED NOT NULL AUTO_INCREMENT, AUTO_INCREMENT=482;
--
-- AUTO_INCREMENT for table `payment`
--
ALTER TABLE `payment`
  MODIFY `payment_id` int(11) NOT NULL AUTO_INCREMENT, AUTO_INCREMENT=15;
--
-- AUTO_INCREMENT for table `pharmacist`
--
ALTER TABLE `pharmacist`
  MODIFY `pharmacist_id` int(11) NOT NULL AUTO_INCREMENT, AUTO_INCREMENT=4;
--
-- AUTO_INCREMENT for table `prescription`
--
ALTER TABLE `prescription`
  MODIFY `prescription_id` int(11) NOT NULL AUTO_INCREMENT, AUTO_INCREMENT=6;
--
-- AUTO_INCREMENT for table `reception`
--
ALTER TABLE `reception`
  MODIFY `reception_id` int(11) NOT NULL AUTO_INCREMENT, AUTO_INCREMENT=24;
--
-- AUTO_INCREMENT for table `refunds`
--
ALTER TABLE `refunds`
  MODIFY `id` int(10) UNSIGNED NOT NULL AUTO_INCREMENT, AUTO_INCREMENT=8;
--
-- AUTO_INCREMENT for table `report`
--
ALTER TABLE `report`
  MODIFY `report_id` int(11) NOT NULL AUTO_INCREMENT, AUTO_INCREMENT=11;
--
-- AUTO_INCREMENT for table `room`
--
ALTER TABLE `room`
  MODIFY `room_id` int(11) NOT NULL AUTO_INCREMENT, AUTO_INCREMENT=30;
--
-- AUTO_INCREMENT for table `room_charges`
--
ALTER TABLE `room_charges`
  MODIFY `charge_id` int(6) NOT NULL AUTO_INCREMENT, AUTO_INCREMENT=7;
--
-- AUTO_INCREMENT for table `room_charges1`
--
ALTER TABLE `room_charges1`
  MODIFY `charge_id` int(6) NOT NULL AUTO_INCREMENT, AUTO_INCREMENT=5;
--
-- AUTO_INCREMENT for table `schedule`
--
ALTER TABLE `schedule`
  MODIFY `timing_id` int(11) NOT NULL AUTO_INCREMENT, AUTO_INCREMENT=15;
--
-- AUTO_INCREMENT for table `service`
--
ALTER TABLE `service`
  MODIFY `service_id` int(11) NOT NULL AUTO_INCREMENT, AUTO_INCREMENT=6;
--
-- AUTO_INCREMENT for table `settings`
--
ALTER TABLE `settings`
  MODIFY `settings_id` int(11) NOT NULL AUTO_INCREMENT, AUTO_INCREMENT=8;
--
-- AUTO_INCREMENT for table `speciality`
--
ALTER TABLE `speciality`
  MODIFY `speciality_id` int(11) NOT NULL AUTO_INCREMENT, AUTO_INCREMENT=22;
--
-- AUTO_INCREMENT for table `surgery`
--
ALTER TABLE `surgery`
  MODIFY `type_id` int(11) NOT NULL AUTO_INCREMENT, AUTO_INCREMENT=42;
--
-- AUTO_INCREMENT for table `surgery_copy`
--
ALTER TABLE `surgery_copy`
  MODIFY `type_id` int(11) NOT NULL AUTO_INCREMENT, AUTO_INCREMENT=42;
--
-- AUTO_INCREMENT for table `surgery_type`
--
ALTER TABLE `surgery_type`
  MODIFY `surgery_id` int(6) NOT NULL AUTO_INCREMENT, AUTO_INCREMENT=5;
--
-- AUTO_INCREMENT for table `zakaat`
--
ALTER TABLE `zakaat`
  MODIFY `id` int(10) UNSIGNED NOT NULL AUTO_INCREMENT, AUTO_INCREMENT=6;
/*!40101 SET CHARACTER_SET_CLIENT=@OLD_CHARACTER_SET_CLIENT */;
/*!40101 SET CHARACTER_SET_RESULTS=@OLD_CHARACTER_SET_RESULTS */;
/*!40101 SET COLLATION_CONNECTION=@OLD_COLLATION_CONNECTION */;
